

DROP TABLE IF EXISTS `treefield_lang`;
DROP TABLE IF EXISTS `treefield`;
DROP TABLE IF EXISTS `property_user`;
DROP TABLE IF EXISTS `enquire`;
DROP TABLE IF EXISTS `property_value`;
DROP TABLE IF EXISTS `file`;
DROP TABLE IF EXISTS `qa_lang`;
DROP TABLE IF EXISTS `qa`;
DROP TABLE IF EXISTS `rates_lang`;
DROP TABLE IF EXISTS `rates`;
DROP TABLE IF EXISTS `reservations`;
DROP TABLE IF EXISTS `showroom_lang`;
DROP TABLE IF EXISTS `showroom`;
DROP TABLE IF EXISTS `page_lang`;
DROP TABLE IF EXISTS `option_lang`;
DROP TABLE IF EXISTS `ci_sessions`;
DROP TABLE IF EXISTS `language`;
DROP TABLE IF EXISTS `option`;
DROP TABLE IF EXISTS `page`;
DROP TABLE IF EXISTS `property_lang`;
DROP TABLE IF EXISTS `property`;
DROP TABLE IF EXISTS `repository`;
DROP TABLE IF EXISTS `settings`;
DROP TABLE IF EXISTS `slideshow`;
DROP TABLE IF EXISTS `user`;
DROP TABLE IF EXISTS `ads`;
DROP TABLE IF EXISTS `packages`;
DROP TABLE IF EXISTS `payments`;
DROP TABLE IF EXISTS `masking`;
DROP TABLE IF EXISTS `reviews`;
DROP TABLE IF EXISTS `backup`;


DROP TABLE IF EXISTS `ads`;
CREATE TABLE IF NOT EXISTS `ads` (
`id` int(11) NOT NULL,
  `code` varchar(45) COLLATE utf8_unicode_ci DEFAULT NULL,
  `title` varchar(45) COLLATE utf8_unicode_ci DEFAULT NULL,
  `type` varchar(45) COLLATE utf8_unicode_ci DEFAULT NULL,
  `description` varchar(45) COLLATE utf8_unicode_ci DEFAULT NULL,
  `width` varchar(15) COLLATE utf8_unicode_ci DEFAULT NULL,
  `height` varchar(15) COLLATE utf8_unicode_ci DEFAULT NULL,
  `link` varchar(160) COLLATE utf8_unicode_ci DEFAULT NULL,
  `repository_id` int(11) DEFAULT NULL,
  `is_activated` tinyint(1) DEFAULT '1',
  `is_hardlocked` tinyint(1) DEFAULT '0',
  `is_random` tinyint(1) DEFAULT '0'
) ENGINE=InnoDB  DEFAULT CHARSET=utf8 COLLATE=utf8_unicode_ci AUTO_INCREMENT=5 ;

INSERT INTO `ads` (`id`, `code`, `title`, `type`, `description`, `width`, `height`, `link`, `repository_id`, `is_activated`, `is_hardlocked`, `is_random`) VALUES
(1, 'Leaderboard', 'Jira', '2', 'Leaderboard banner 728x90', '728', '90', 'https://www.atlassian.com', 235, 1, 0, 1),
(3, '0', 'Volkswagen Golf', '1', 'Volkswagen Golf banner', '0', '0', 'http://en.wikipedia.org/wiki/Volkswagen_Golf', 238, 1, 0, 1),
(4, NULL, 'webtechcon', '0', 'webtechcon', NULL, NULL, 'http://webtechcon.de', 239, 1, 0, 1);

DROP TABLE IF EXISTS `backup`;
CREATE TABLE IF NOT EXISTS `backup` (
`id` int(11) NOT NULL,
  `date_created` datetime DEFAULT NULL,
  `sql_file` varchar(160) COLLATE utf8_unicode_ci DEFAULT NULL,
  `zip_file` varchar(160) COLLATE utf8_unicode_ci DEFAULT NULL,
  `script_version` varchar(45) COLLATE utf8_unicode_ci DEFAULT NULL
) ENGINE=InnoDB DEFAULT CHARSET=utf8 COLLATE=utf8_unicode_ci AUTO_INCREMENT=1 ;

DROP TABLE IF EXISTS `cacher`;
CREATE TABLE IF NOT EXISTS `cacher` (
`id` int(11) NOT NULL,
  `index_hash` varchar(40) COLLATE utf8_unicode_ci DEFAULT NULL,
  `index_real` varchar(100) COLLATE utf8_unicode_ci DEFAULT NULL,
  `value` text COLLATE utf8_unicode_ci,
  `expire_date` datetime DEFAULT NULL
) ENGINE=InnoDB  DEFAULT CHARSET=utf8 COLLATE=utf8_unicode_ci AUTO_INCREMENT=32 ;

INSERT INTO `cacher` (`id`, `index_hash`, `index_real`, `value`, `expire_date`) VALUES
(31, '90f296016d429eb3ab7fc87af6c9d08c', 'zagreb', 's:1537:"{\n   "results" : [\n      {\n         "address_components" : [\n            {\n               "long_name" : "Zagreb",\n               "short_name" : "Zagreb",\n               "types" : [ "locality", "political" ]\n            },\n            {\n               "long_name" : "City of Zagreb",\n               "short_name" : "City of Zagreb",\n               "types" : [ "administrative_area_level_1", "political" ]\n            },\n            {\n               "long_name" : "Croatia",\n               "short_name" : "HR",\n               "types" : [ "country", "political" ]\n            }\n         ],\n         "formatted_address" : "Zagreb, Croatia",\n         "geometry" : {\n            "bounds" : {\n               "northeast" : {\n                  "lat" : 45.9395392,\n                  "lng" : 16.1069727\n               },\n               "southwest" : {\n                  "lat" : 45.7408527,\n                  "lng" : 15.8216904\n               }\n            },\n            "location" : {\n               "lat" : 45.8150108,\n               "lng" : 15.981919\n            },\n            "location_type" : "APPROXIMATE",\n            "viewport" : {\n               "northeast" : {\n                  "lat" : 45.9395392,\n                  "lng" : 16.1069727\n               },\n               "southwest" : {\n                  "lat" : 45.7408527,\n                  "lng" : 15.8216904\n               }\n            }\n         },\n         "place_id" : "ChIJOcwCyZLWZUcRisL7KJYkRTo",\n         "types" : [ "locality", "political" ]\n      }\n   ],\n   "status" : "OK"\n}\n";', '2023-05-23 18:09:16');

DROP TABLE IF EXISTS `ci_sessions`;
CREATE TABLE IF NOT EXISTS `ci_sessions` (
  `session_id` varchar(40) COLLATE utf8_unicode_ci NOT NULL DEFAULT '0',
  `ip_address` varchar(45) COLLATE utf8_unicode_ci NOT NULL DEFAULT '0',
  `user_agent` varchar(120) COLLATE utf8_unicode_ci NOT NULL,
  `last_activity` int(10) unsigned NOT NULL DEFAULT '0',
  `user_data` text COLLATE utf8_unicode_ci NOT NULL
) ENGINE=MyISAM DEFAULT CHARSET=utf8 COLLATE=utf8_unicode_ci;

DROP TABLE IF EXISTS `enquire`;
CREATE TABLE IF NOT EXISTS `enquire` (
`id` int(11) NOT NULL,
  `property_id` int(11) DEFAULT NULL,
  `name_surname` varchar(45) COLLATE utf8_unicode_ci DEFAULT NULL,
  `phone` varchar(45) COLLATE utf8_unicode_ci DEFAULT NULL,
  `date` datetime DEFAULT NULL,
  `mail` varchar(45) COLLATE utf8_unicode_ci DEFAULT NULL,
  `message` text COLLATE utf8_unicode_ci,
  `readed` binary(1) DEFAULT '0',
  `address` text COLLATE utf8_unicode_ci,
  `fromdate` varchar(20) COLLATE utf8_unicode_ci DEFAULT NULL,
  `todate` varchar(20) COLLATE utf8_unicode_ci DEFAULT NULL
) ENGINE=InnoDB  DEFAULT CHARSET=utf8 COLLATE=utf8_unicode_ci AUTO_INCREMENT=11 ;

INSERT INTO `enquire` (`id`, `property_id`, `name_surname`, `phone`, `date`, `mail`, `message`, `readed`, `address`, `fromdate`, `todate`) VALUES
(1, 9, 'Hrvoje Trnovac', '01234433', '2014-02-07 11:10:31', 'info@moj-trnovec.com', 'I want to buy this property 1', 0x30, 'Trnovec', '', ''),
(4, 8, 'moj ime', '904214', '2014-07-18 15:09:19', 'info@iwinter.com.hr', 'poruka', 0x30, 'test', '2014-07-19', '2014-07-26'),
(5, 14, 'Ivana hutinski', '0912343', '2014-09-10 20:06:52', 'ivana@gmail.com', 'moja poruka', 0x30, 'moja adresa', '0', '0'),
(6, 30, 'test first', '0912343423', '2014-12-01 11:40:09', 'test@test.com', 'poruka', 0x30, 'Cestica', '2014-12-01', '2014-12-03'),
(7, 30, 'test first', '0912343423', '2014-12-01 11:47:08', 'test@test.com', 'poruka', 0x30, 'Cestica', '2014-12-01', '2014-12-03'),
(8, 30, 'test first', '0912343423', '2014-12-01 12:04:31', 'test@test.com', 'poruka', 0x30, 'Cestica', '2014-12-11', '2014-12-24'),
(9, 30, 'Test user', '091234567', '2014-12-15 21:35:44', 'sandi@iwinter.com.hr', 'my message', 0x30, 'my address', '2014-12-16', '2014-12-23'),
(10, 8, 'test user', '0912324', '2015-02-09 19:04:27', 'test@toto.com', 'my_message', 0x30, 'adress', '0', '0');

DROP TABLE IF EXISTS `favorites`;
CREATE TABLE IF NOT EXISTS `favorites` (
`id` int(11) NOT NULL,
  `date_saved` datetime DEFAULT NULL,
  `lang_code` varchar(45) COLLATE utf8_unicode_ci DEFAULT 'en',
  `user_id` int(11) DEFAULT NULL,
  `property_id` int(11) DEFAULT NULL,
  `date_last_informed` datetime DEFAULT NULL
) ENGINE=InnoDB  DEFAULT CHARSET=utf8 COLLATE=utf8_unicode_ci AUTO_INCREMENT=22 ;

INSERT INTO `favorites` (`id`, `date_saved`, `lang_code`, `user_id`, `property_id`, `date_last_informed`) VALUES
(16, '2014-12-03 15:55:11', 'en', 18, 14, '2015-02-13 12:16:47'),
(17, '2014-12-03 16:30:39', 'en', 18, 12, '2015-02-13 12:10:14'),
(18, '2014-12-03 16:30:48', 'en', 18, 8, '2015-02-13 12:10:05'),
(19, '2014-12-03 16:31:00', 'en', 18, 30, '2015-02-13 12:09:11'),
(20, '2014-12-11 18:39:53', 'en', 8, 14, '2015-02-13 12:10:05'),
(21, '2015-02-12 19:02:44', 'en', 8, 12, '2015-02-13 12:09:11');

DROP TABLE IF EXISTS `file`;
CREATE TABLE IF NOT EXISTS `file` (
`id` int(11) NOT NULL,
  `order` int(11) DEFAULT NULL,
  `filename` varchar(200) COLLATE utf8_unicode_ci DEFAULT NULL,
  `filetype` varchar(45) COLLATE utf8_unicode_ci DEFAULT NULL,
  `repository_id` int(11) NOT NULL
) ENGINE=InnoDB  DEFAULT CHARSET=utf8 COLLATE=utf8_unicode_ci AUTO_INCREMENT=252 ;

INSERT INTO `file` (`id`, `order`, `filename`, `filetype`, `repository_id`) VALUES
(1, 1, 'sandi.winter.jpg', 'image/jpeg', 6),
(2, 2, 'agent.jpg', 'image/jpeg', 21),
(15, 10, '386182116_5e4c8542ab_b.jpg', 'image/jpeg', 27),
(16, 11, '386178827_b3f160ebbf_b.jpg', 'image/jpeg', 27),
(17, 12, '386178836_d28b943063_b.jpg', 'image/jpeg', 27),
(18, 13, '386178822_3fef9a2f07_b.jpg', 'image/jpeg', 27),
(19, 14, '431262909_a009e2897b_o.jpg', 'image/jpeg', 28),
(20, 15, '431262907_bf66c3cd6f_o.jpg', 'image/jpeg', 28),
(21, 16, '431262903_9d77804a5b_o.jpg', 'image/jpeg', 28),
(22, 17, '431267985_286ac5c8cd_o.jpg', 'image/jpeg', 28),
(23, 18, '431262910_33356f1671_o.jpg', 'image/jpeg', 28),
(24, 2, '389938915_e18683c4f4_b.jpg', 'image/jpeg', 29),
(25, 1, '389936596_72d6cba1b9_b.jpg', 'image/jpeg', 29),
(26, 3, '389936590_6bcb246b9b_b.jpg', 'image/jpeg', 29),
(27, 4, '389928265_ce3b505a52_b.jpg', 'image/jpeg', 29),
(28, 2, '5388652594_ce85c25084_b.jpg', 'image/jpeg', 30),
(29, 3, '5388046113_48d973bd16_b.jpg', 'image/jpeg', 30),
(30, 4, '5388046911_533d2bcdec_b.jpg', 'image/jpeg', 30),
(31, 5, '5388653730_73ea27ca08_b.jpg', 'image/jpeg', 30),
(32, 1, '5388047921_efc5b357c8_b.jpg', 'image/jpeg', 30),
(33, 2, '5388050983_0bf177bb8a_b.jpg', 'image/jpeg', 31),
(34, 1, '5388050721_b84cf3a0a3_b.jpg', 'image/jpeg', 31),
(35, 3, '5388658660_975a93b2ae_b.jpg', 'image/jpeg', 31),
(36, 5, '5388053335_81ea378b09_b.jpg', 'image/jpeg', 31),
(37, 4, '5388053637_ba77c0b486_b.jpg', 'image/jpeg', 31),
(38, 2, '5388056665_86a3de4d36_b.jpg', 'image/jpeg', 32),
(39, 3, '5388663918_f6767e53d0_b.jpg', 'image/jpeg', 32),
(40, 1, '5388057701_5a618e8a9e_b.jpg', 'image/jpeg', 32),
(41, 4, '5388058111_cbf80b7902_b.jpg', 'image/jpeg', 32),
(42, 5, '5388056843_bdbfb5499a_b.jpg', 'image/jpeg', 32),
(43, 1, '5388050419_e3ef95b8eb_b.jpg', 'image/jpeg', 33),
(44, 2, '576752732_a5c79cbb1f_o.jpg', 'image/jpeg', 33),
(45, 19, '147822442_014fc68a36_o.jpg', 'image/jpeg', 34),
(46, 20, '5388654584_6c1d0f8475_b.jpg', 'image/jpeg', 34),
(47, 21, '5388658984_edb1fcd5a4_b.jpg', 'image/jpeg', 34),
(48, 22, '148583306_cad8fc948c_o.jpg', 'image/jpeg', 35),
(49, 23, '5388054365_288cf72f15_b.jpg', 'image/jpeg', 35),
(50, 24, '5388655270_fbbf78a1f9_b.jpg', 'image/jpeg', 35),
(51, 25, '227963176_2a296e7f0d_o.jpg', 'image/jpeg', 36),
(52, 26, '5388055503_bdfec0a3d5_b.jpg', 'image/jpeg', 36),
(53, 27, '5388661724_e92356d456_b.jpg', 'image/jpeg', 36),
(54, 2, '2407030202_445d617c69_o.jpg', 'image/jpeg', 37),
(55, 3, '5388054707_9e5cd581fe_b.jpg', 'image/jpeg', 37),
(56, 1, '5388052993_efdcb497f3_b.jpg', 'image/jpeg', 37),
(57, 2, '5388051239_00764065f2_b.jpg', 'image/jpeg', 38),
(58, 1, '1199605400_2b897736d1_o.jpg', 'image/jpeg', 38),
(59, 1, '162803672_8244db2362_o.jpg', 'image/jpeg', 39),
(60, 2, '5388656350_fc498d8f1f_b.jpg', 'image/jpeg', 39),
(61, 3, '5388051533_4e871bde69_b.jpg', 'image/jpeg', 39),
(64, 30, 'agent-lazo.jpg', 'image/jpeg', 184),
(65, 31, 'pero-agent.jpg', 'image/jpeg', 185),
(66, 3, '431267985_286ac5c8cd_o (1).jpg', 'image/jpeg', 197),
(68, 2, '431262903_9d77804a5b_o (1).jpg', 'image/jpeg', 197),
(69, 32, '162803672_8244db2362_o (1).jpg', 'image/jpeg', 199),
(70, 33, '5388656350_fc498d8f1f_b (1).jpg', 'image/jpeg', 199),
(71, 34, '5388051533_4e871bde69_b (1).jpg', 'image/jpeg', 199),
(91, 1, '413539183_cc8e400d9d_o.jpg', 'image/jpeg', 24),
(92, 2, '413539186_5b9d7a1390_o.jpg', 'image/jpeg', 24),
(93, 3, '413539179_0f7a2d340c_o.jpg', 'image/jpeg', 24),
(94, 4, '413539182_ca0a93549d_o.jpg', 'image/jpeg', 24),
(95, 39, '5388658660_975a93b2ae_b (1).jpg', 'image/jpeg', 207),
(96, 40, '5388053335_81ea378b09_b (1).jpg', 'image/jpeg', 207),
(97, 41, '5388053637_ba77c0b486_b (1).jpg', 'image/jpeg', 207),
(98, 42, '5388050721_b84cf3a0a3_b (1).jpg', 'image/jpeg', 208),
(99, 43, '5388050983_0bf177bb8a_b (1).jpg', 'image/jpeg', 208),
(100, 44, '5388050419_e3ef95b8eb_b (1).jpg', 'image/jpeg', 209),
(101, 45, '576752732_a5c79cbb1f_o (1).jpg', 'image/jpeg', 209),
(102, 46, '5388051239_00764065f2_b (1).jpg', 'image/jpeg', 211),
(103, 47, '1199605400_2b897736d1_o (1).jpg', 'image/jpeg', 211),
(104, 48, '501843272_9479110f60_b.jpg', 'image/jpeg', 24),
(105, 1, 'jira-728x90jpg.jpg', 'image/jpeg', 235),
(107, 2, 'feedingamerica_728x90.gif', 'image/gif', 235),
(109, 49, 'creative-banners-volkswagen-golf-australia-launch.jpg', 'image/jpeg', 238),
(110, 50, 'moki-preka-draudimas-180x150px-1.jpg', 'image/jpeg', 239),
(111, 51, 'wtc_promobutton2.jpg', 'image/jpeg', 239),
(112, 52, '5388057701_5a618e8a9e_b (1).jpg', 'image/jpeg', 240),
(113, 53, '5388058111_cbf80b7902_b (1).jpg', 'image/jpeg', 240),
(122, 1, 'wap-logo v2.png', 'image/png', 241),
(123, 2, 'Row-of-New-Ties-in-the-Shop.jpg', 'image/jpeg', 241),
(124, 4, 'aresol-flat-tire-repair.jpg', 'image/jpeg', 241),
(125, 3, 'Tampa-Tire-Repair.jpg', 'image/jpeg', 241),
(126, 54, 'logo-350.png', 'image/png', 243),
(127, 55, '14504018.jpg', 'image/jpeg', 243),
(128, 56, '780354570.jpg', 'image/jpeg', 243),
(129, 57, 'cropped-logo2.png', 'image/png', 244),
(130, 58, 'ar123766726859378.jpg', 'image/jpeg', 244),
(131, 59, 'original.jpg', 'image/jpeg', 244),
(132, 60, 'sellers-market.jpg', 'image/jpeg', 244),
(133, 61, 'CV-example-1.doc', 'application/msword', 21),
(134, 62, 'alogo3.png', 'image/png', 185),
(135, 63, 'apartment-sketch.pdf', 'application/pdf', 29),
(136, 64, 'apartment-sketch (1).pdf', 'application/pdf', 244),
(137, 65, 'cute-baby-wallpapers-4.jpg', 'image/jpeg', 247),
(140, 66, 'adzoo_728x90 (4).gif', 'image/gif', 235),
(150, 67, 'remax.png', 'image/png', 21),
(151, 68, 'alogo4.png', 'image/png', 184),
(153, 1, 'house-interior-m-1.jpg', 'image/jpeg', 22),
(154, 3, 'house-interior-m-2.jpg', 'image/jpeg', 22),
(155, 2, 'house-exterior-m-1.jpg', 'image/jpeg', 22),
(188, 73, 'logo-field-gate-small (1).png', 'image/png', 265),
(191, 76, '2 bed floor plan (1).png', 'image/png', 269),
(196, 77, 'simple-home-plan (1).png', 'image/png', 272),
(197, 78, '3 bed floor plan.png', 'image/png', 272),
(201, 81, 'alogo2.png', 'image/png', 270),
(250, 82, '2_bed_floor_plan.png', 'image/png', 262),
(251, 83, 'design_1.png', 'image/png', 262);

DROP TABLE IF EXISTS `language`;
CREATE TABLE IF NOT EXISTS `language` (
`id` int(11) NOT NULL,
  `code` varchar(45) COLLATE utf8_unicode_ci DEFAULT NULL,
  `language` varchar(45) COLLATE utf8_unicode_ci DEFAULT NULL,
  `is_default` tinyint(1) DEFAULT '0',
  `is_locked` tinyint(1) DEFAULT '0',
  `is_frontend` tinyint(1) DEFAULT '1',
  `is_rtl` tinyint(1) DEFAULT '0',
  `currency_default` varchar(10) COLLATE utf8_unicode_ci DEFAULT 'USD'
) ENGINE=InnoDB  DEFAULT CHARSET=utf8 COLLATE=utf8_unicode_ci AUTO_INCREMENT=3 ;

INSERT INTO `language` (`id`, `code`, `language`, `is_default`, `is_locked`, `is_frontend`, `is_rtl`, `currency_default`) VALUES
(1, 'en', 'english', 1, 1, 1, 0, 'USD'),
(2, 'hr', 'croatian', 0, 0, 1, 0, 'EUR');

DROP TABLE IF EXISTS `masking`;
CREATE TABLE IF NOT EXISTS `masking` (
`id` int(11) NOT NULL,
  `date_submit` datetime DEFAULT NULL,
  `visitor_type` varchar(45) COLLATE utf8_unicode_ci DEFAULT NULL,
  `name` varchar(45) COLLATE utf8_unicode_ci DEFAULT NULL,
  `phone` varchar(45) COLLATE utf8_unicode_ci DEFAULT NULL,
  `email` varchar(45) COLLATE utf8_unicode_ci DEFAULT NULL,
  `allow_contact` tinyint(1) DEFAULT '0',
  `agent_id` int(11) DEFAULT NULL,
  `property_id` int(11) DEFAULT NULL
) ENGINE=InnoDB DEFAULT CHARSET=utf8 COLLATE=utf8_unicode_ci AUTO_INCREMENT=1 ;

DROP TABLE IF EXISTS `option`;
CREATE TABLE IF NOT EXISTS `option` (
`id` int(11) NOT NULL,
  `parent_id` int(11) DEFAULT NULL,
  `order` int(11) DEFAULT NULL,
  `type` varchar(45) COLLATE utf8_unicode_ci DEFAULT NULL,
  `visible` tinyint(1) DEFAULT '0',
  `is_locked` tinyint(1) DEFAULT '0',
  `is_frontend` tinyint(1) DEFAULT '1',
  `is_hardlocked` tinyint(1) DEFAULT '0',
  `is_required` tinyint(1) DEFAULT '0',
  `max_length` int(11) DEFAULT NULL
) ENGINE=InnoDB  DEFAULT CHARSET=utf8 COLLATE=utf8_unicode_ci AUTO_INCREMENT=76 ;

INSERT INTO `option` (`id`, `parent_id`, `order`, `type`, `visible`, `is_locked`, `is_frontend`, `is_hardlocked`, `is_required`, `max_length`) VALUES
(1, 0, 7, 'CATEGORY', 0, 0, 1, 1, 0, NULL),
(2, 1, 9, 'DROPDOWN', 1, 1, 1, 1, 0, NULL),
(3, 1, 13, 'DROPDOWN', 0, 1, 1, 0, 0, NULL),
(4, 1, 8, 'DROPDOWN', 1, 1, 1, 1, 0, NULL),
(5, 1, 10, 'INPUTBOX', NULL, 1, 1, 1, 0, NULL),
(6, 0, 5, 'DROPDOWN', 0, 1, 1, 1, 0, NULL),
(7, 1, 11, 'INPUTBOX', 1, 1, 1, 1, 0, NULL),
(8, 0, 2, 'TEXTAREA', 0, 1, 1, 1, 1, NULL),
(9, 0, 60, 'CATEGORY', 0, 1, 0, 0, 0, NULL),
(10, 0, 1, 'INPUTBOX', 1, 1, 1, 1, 1, 20),
(11, 52, 46, 'CHECKBOX', 0, 1, 1, 0, 0, NULL),
(12, 9, 61, 'INPUTBOX', 0, 1, 1, 0, 0, NULL),
(17, 0, 3, 'TEXTAREA', 0, 1, 1, 1, 0, NULL),
(19, 1, 16, 'INPUTBOX', 0, 1, 1, 0, 0, NULL),
(20, 1, 17, 'INPUTBOX', 0, 1, 1, 0, 0, NULL),
(21, 0, 37, 'CATEGORY', 0, 1, 1, 1, 0, NULL),
(22, 21, 38, 'CHECKBOX', 0, 1, 1, 0, 0, NULL),
(23, 21, 39, 'CHECKBOX', 0, 0, 1, 0, 0, NULL),
(24, 21, 40, 'CHECKBOX', 0, 0, 1, 0, 0, NULL),
(25, 21, 41, 'CHECKBOX', 0, 1, 1, 0, 0, NULL),
(26, 21, 18, 'CHECKBOX', 0, 1, 1, 0, 0, NULL),
(27, 52, 48, 'CHECKBOX', 0, 1, 1, 0, 0, NULL),
(28, 21, 42, 'CHECKBOX', 0, 1, 1, 0, 0, NULL),
(29, 21, 43, 'CHECKBOX', 0, 1, 1, 0, 0, NULL),
(30, 52, 47, 'CHECKBOX', 0, 1, 1, 0, 0, NULL),
(31, 21, 44, 'CHECKBOX', 0, 0, 1, 0, 0, NULL),
(32, 52, 50, 'CHECKBOX', 0, 1, 1, 0, 0, NULL),
(33, 52, 49, 'CHECKBOX', 0, 1, 1, 0, 0, 0),
(34, 0, 4, 'INPUTBOX', 0, 1, 1, 0, 0, NULL),
(35, 0, 26, 'INPUTBOX', 0, 1, 1, 0, 0, NULL),
(36, 1, 19, 'INPUTBOX', 0, 1, 1, 1, 0, NULL),
(37, 1, 21, 'INPUTBOX', 0, 1, 1, 1, 0, NULL),
(38, 0, 4, 'DROPDOWN', 0, 1, 0, 1, 0, NULL),
(39, 1, 15, 'DROPDOWN', 0, 0, 1, 0, 0, NULL),
(40, 1, 12, 'INPUTBOX', 0, 1, 1, 1, 0, 0),
(41, 1, 16, 'CHECKBOX', 0, 0, 0, 0, 0, NULL),
(42, 0, 62, 'CATEGORY', 0, 1, 0, 0, 0, NULL),
(43, 0, 51, 'CATEGORY', 0, 1, 1, 1, 0, NULL),
(44, 43, 52, 'INPUTBOX', 0, 1, 1, 0, 0, NULL),
(45, 43, 53, 'INPUTBOX', 0, 1, 1, 0, 0, NULL),
(46, 43, 54, 'INPUTBOX', 0, 1, 1, 0, 0, NULL),
(47, 43, 55, 'INPUTBOX', 0, 1, 1, 0, 0, NULL),
(48, 43, 56, 'INPUTBOX', 0, 1, 1, 0, 0, NULL),
(49, 43, 57, 'INPUTBOX', 0, 1, 1, 0, 0, NULL),
(50, 43, 58, 'INPUTBOX', 0, 1, 1, 0, 0, NULL),
(51, 43, 59, 'INPUTBOX', 0, 1, 1, 0, 0, NULL),
(52, 0, 45, 'CATEGORY', 0, 1, 1, 1, 0, NULL),
(53, 1, 23, 'INPUTBOX', 0, 0, 1, 0, 0, NULL),
(54, 1, 22, 'DROPDOWN', 0, 1, 1, 1, 0, NULL),
(55, 1, 20, 'INPUTBOX', 0, 1, 1, 0, 0, NULL),
(56, 0, 6, 'DROPDOWN', 0, 1, 0, 1, 0, NULL),
(57, 1, 14, 'INPUTBOX', 0, 0, 1, 0, 0, NULL),
(58, 1, 18, 'INPUTBOX', 0, 0, 1, 0, 0, NULL),
(59, 1, 24, 'INPUTBOX', 0, 1, 1, 0, 0, NULL),
(60, 1, 25, 'INPUTBOX', 0, 1, 1, 0, 0, NULL),
(64, 0, 27, 'TREE', 0, 1, 1, 0, 0, NULL),
(65, 0, 26, 'UPLOAD', 0, 1, 1, 0, 0, NULL),
(66, 0, 28, 'CATEGORY', 0, 1, 0, 0, 0, NULL),
(67, 66, 29, 'INPUTBOX', 0, 1, 0, 0, 0, NULL),
(68, 66, 31, 'INPUTBOX', 0, 1, 0, 0, 0, NULL),
(69, 66, 32, 'INPUTBOX', 0, 1, 0, 0, 0, NULL),
(70, 66, 33, 'INPUTBOX', 0, 1, 0, 0, 0, NULL),
(71, 66, 34, 'INPUTBOX', 0, 1, 0, 0, 0, NULL),
(72, 66, 35, 'TEXTAREA', 0, 1, 0, 0, 0, NULL),
(73, 66, 36, 'INPUTBOX', 0, 1, 0, 0, 0, NULL),
(74, 66, 30, 'UPLOAD', 0, 1, 0, 0, 0, NULL),
(75, 1, 26, 'INPUTBOX', 0, 0, 1, 0, 0, NULL);

DROP TABLE IF EXISTS `option_lang`;
CREATE TABLE IF NOT EXISTS `option_lang` (
`id_option_lang` int(11) NOT NULL,
  `option_id` int(11) NOT NULL,
  `language_id` int(11) NOT NULL,
  `option` varchar(100) COLLATE utf8_unicode_ci DEFAULT NULL,
  `values` text COLLATE utf8_unicode_ci,
  `prefix` varchar(25) COLLATE utf8_unicode_ci DEFAULT NULL,
  `suffix` varchar(25) COLLATE utf8_unicode_ci DEFAULT NULL
) ENGINE=InnoDB  DEFAULT CHARSET=utf8 COLLATE=utf8_unicode_ci AUTO_INCREMENT=493 ;

INSERT INTO `option_lang` (`id_option_lang`, `option_id`, `language_id`, `option`, `values`, `prefix`, `suffix`) VALUES
(21, 5, 1, 'County', '', NULL, NULL),
(22, 5, 2, 'Županija', '', NULL, NULL),
(62, 7, 2, 'Grad', '', NULL, NULL),
(63, 7, 1, 'City', '', NULL, NULL),
(81, 11, 2, 'Balkon', '', NULL, NULL),
(82, 11, 1, 'Balcony', '', NULL, NULL),
(86, 19, 1, 'Bathrooms', '', NULL, NULL),
(87, 19, 2, 'Kupaonica', '', NULL, NULL),
(88, 20, 1, 'Bedrooms', '', NULL, NULL),
(89, 20, 2, 'Spavaonica', '', NULL, NULL),
(98, 25, 1, 'Dishwasher', '', NULL, NULL),
(99, 25, 2, 'Perilica suđa', '', NULL, NULL),
(102, 27, 1, 'Grill', '', NULL, NULL),
(103, 27, 2, 'Roštilj', '', NULL, NULL),
(104, 28, 1, 'Heating', '', NULL, NULL),
(105, 28, 2, 'Grijanje', '', NULL, NULL),
(106, 29, 1, 'Internet', '', NULL, NULL),
(107, 29, 2, 'Internet', '', NULL, NULL),
(112, 32, 1, 'Parking', '', NULL, NULL),
(113, 32, 2, 'Parking', '', NULL, NULL),
(160, 23, 1, 'Cable TV', '', NULL, ''),
(161, 23, 2, 'Kabelska TV', '', NULL, ''),
(162, 31, 1, 'Microwave', '', NULL, ''),
(163, 31, 2, 'Mikrovalna', '', NULL, ''),
(164, 24, 1, 'Computer', '', NULL, ''),
(165, 24, 2, 'Računalo', '', NULL, ''),
(180, 1, 1, 'Overview', '', NULL, ''),
(181, 1, 2, 'Osnovni podaci', '', NULL, ''),
(220, 22, 1, 'Air conditioning', '', NULL, ''),
(221, 22, 2, 'Klimatizacija', '', NULL, ''),
(226, 4, 1, 'Purpose', 'Sale,Rent,Sale and Rent', NULL, ''),
(227, 4, 2, 'Namjena', 'Prodaja,Najam,Prodaja i najam', NULL, ''),
(228, 42, 1, 'Hidden amenities', '', NULL, ''),
(229, 42, 2, 'Sakrivene značajke', '', NULL, ''),
(242, 2, 1, 'Type', 'Apartment,House,Land,Commercial property', NULL, ''),
(243, 2, 2, 'Vrsta', 'Stan,Kuća,Zemljište,Poslovni prostor', NULL, ''),
(255, 9, 1, 'Multimedia', '', NULL, ''),
(256, 9, 2, 'Multimedia', '', NULL, ''),
(267, 12, 1, 'Embed video code', '', NULL, ''),
(268, 12, 2, 'Integrirani video kod', '', NULL, ''),
(271, 38, 1, 'Badget', 'empty,new,sold,action', NULL, ''),
(272, 38, 2, 'Oznaka', 'empty,novo,prodano,akcija', NULL, ''),
(275, 43, 1, 'Distances', '', '', ''),
(276, 43, 2, 'Udaljenosti', '', '', ''),
(277, 44, 1, 'Beach', '', '', 'm'),
(278, 44, 2, 'Plaže', '', '', 'm'),
(279, 45, 1, 'Train', '', '', 'm'),
(280, 45, 2, 'Vlak', '', '', 'm'),
(281, 46, 1, 'Metro', '', '', 'm'),
(282, 46, 2, 'Podzemna', '', '', 'm'),
(283, 47, 1, 'Bus', '', '', 'm'),
(284, 47, 2, 'autobus', '', '', 'm'),
(285, 48, 1, 'Pharmacies', '', '', 'm'),
(286, 48, 2, 'Ljekarna', '', '', 'm'),
(287, 49, 1, 'Bakery', '', '', 'm'),
(288, 49, 2, 'Pekara', '', '', 'm'),
(289, 50, 1, 'Restourant', '', '', 'm'),
(290, 50, 2, 'Restoran', '', '', 'm'),
(291, 51, 1, 'Coffee shop', '', '', 'm'),
(292, 51, 2, 'kafić', '', '', 'm'),
(293, 21, 1, 'Indoor amenities', '', '', ''),
(294, 21, 2, 'Pogodnosti unutrašnjosti', '', '', ''),
(295, 52, 1, 'Outdoor amenities', '', '', ''),
(296, 52, 2, 'Vanjske pogodnosti', '', '', ''),
(299, 39, 1, 'Energy efficiency', '-,A++,A+,A,B,C,D,E,F,G,H', '', ''),
(300, 39, 2, 'Energetski razred', '-,A++,A+,A,B,C,D,E,F,G,H', '', ''),
(301, 3, 1, 'Area', 'Less than 50m2,50-100m2,More than 100m2', '', ''),
(302, 3, 2, 'Površina', 'Manje od 50m2,50-100m2,Više od 100m2', '', ''),
(303, 17, 1, 'Description long', '', '', ''),
(304, 17, 2, 'Sadržaj dulji', '', '', ''),
(313, 55, 1, 'Rent price (incl.)', '', '$', ''),
(314, 55, 2, 'Cijena najma (režije)', '', '', '€'),
(315, 54, 1, 'Ownership', 'Agent,Owner,Builder', '', ''),
(316, 54, 2, 'Vlasništvo', 'Agent,Vlasnik,Izvođač', '', ''),
(317, 37, 1, 'Rent price (excl.)', '', '$', ''),
(318, 37, 2, 'Cijena najma', '', '', '€'),
(323, 56, 1, 'Pro rating', ',1,2,3,4,5', '', ''),
(324, 56, 2, 'Pro ocjena', ',1,2,3,4,5', '', ''),
(325, 6, 1, 'Marker', 'empty,commercial,house,land,apartment', '', ''),
(326, 6, 2, 'Marker', 'empty,commercial,house,land,apartment', '', ''),
(329, 57, 1, 'Size precise', '', '', 'm2'),
(330, 57, 2, 'Veličina precizno', '', '', 'm2'),
(333, 58, 1, 'Rooms', '', '', ''),
(334, 58, 2, 'Soba', '', '', ''),
(355, 59, 1, 'Energy efficient', '', '', 'kWh EP / m2, year'),
(356, 59, 2, 'Energetska efikasnost', '', '', 'kWh EP / m2, year'),
(357, 60, 1, 'Gas emissions', '', '', 'kg CO2 / m², year'),
(358, 60, 2, 'Emisije plinova', '', '', 'kg CO2 / m², year'),
(379, 64, 1, 'Neighbourhood', '', '', ''),
(380, 64, 2, 'Neighbourhood', '', '', ''),
(381, 65, 1, 'Plan image', '', '', ''),
(382, 65, 2, 'Slika plana', '', '', ''),
(403, 66, 1, 'Company', '', '', ''),
(404, 66, 2, 'Tvrtka', '', '', ''),
(405, 73, 1, 'Office hours', '', '', ''),
(406, 73, 2, 'Radno vrijeme', '', '', ''),
(407, 72, 1, 'Company description', '', '', ''),
(408, 72, 2, 'Opis tvrtke', '', '', ''),
(409, 71, 1, 'Twitter link', '', '', ''),
(410, 71, 2, 'Twitter link', '', '', ''),
(411, 70, 1, 'Facebook link', '', '', ''),
(412, 70, 2, 'Facebook link', '', '', ''),
(413, 69, 1, 'Website', '', '', ''),
(414, 69, 2, 'Web stranice', '', '', ''),
(415, 68, 1, 'Phone number', '', '', ''),
(416, 68, 2, 'Telefon', '', '', ''),
(417, 74, 1, 'Company logo 60x60px', '', '', ''),
(418, 74, 2, 'Logo tvrtke', '', '', ''),
(419, 67, 1, 'Company name', '', '', ''),
(420, 67, 2, 'Naziv tvrtke', '', '', ''),
(437, 53, 1, 'Floor', '', '', ''),
(438, 53, 2, 'Kat', '', '', ''),
(439, 30, 1, 'Lift', '', '', ''),
(440, 30, 2, 'Dizalo', '', '', ''),
(445, 36, 1, 'Sale price', '', '$', ''),
(446, 36, 2, 'Prodajna cijena', '', '', '€'),
(447, 8, 1, 'Description short', '', '', ''),
(448, 8, 2, 'Opis ukratko', '', '', ''),
(485, 10, 1, 'Property name', '', '', ''),
(486, 10, 2, 'Naziv nekretnine', '', '', ''),
(489, 40, 1, 'Zip code', '', '', ''),
(490, 40, 2, 'Poštanski broj', '', '', ''),
(491, 33, 1, 'Pool', '', '', ''),
(492, 33, 2, 'Bazen', '', '', '');

DROP TABLE IF EXISTS `packages`;
CREATE TABLE IF NOT EXISTS `packages` (
`id` int(11) NOT NULL,
  `date_created` datetime DEFAULT NULL,
  `date_modified` datetime DEFAULT NULL,
  `package_name` varchar(60) COLLATE utf8_unicode_ci DEFAULT NULL COMMENT 'FREE\nBASIC\nPREMIUM\n',
  `package_price` decimal(10,2) DEFAULT NULL,
  `package_days` int(11) DEFAULT '0',
  `num_listing_limit` int(11) DEFAULT '0',
  `currency_code` varchar(45) COLLATE utf8_unicode_ci DEFAULT 'USD',
  `show_private_listings` tinyint(1) DEFAULT '1',
  `user_type` varchar(45) COLLATE utf8_unicode_ci DEFAULT '' COMMENT 'USER|AGENT',
  `auto_activation` tinyint(1) DEFAULT '0',
  `num_images_limit` int(11) DEFAULT '1000',
  `num_amenities_limit` int(11) DEFAULT '1000'
) ENGINE=InnoDB  DEFAULT CHARSET=utf8 COLLATE=utf8_unicode_ci AUTO_INCREMENT=4 ;

INSERT INTO `packages` (`id`, `date_created`, `date_modified`, `package_name`, `package_price`, `package_days`, `num_listing_limit`, `currency_code`, `show_private_listings`, `user_type`, `auto_activation`, `num_images_limit`, `num_amenities_limit`) VALUES
(1, '2014-06-05 21:19:57', '2015-02-26 11:59:12', 'Free', '0.00', 0, 1, 'USD', 1, '', 0, 5, 5),
(2, '2014-06-05 21:19:57', '2015-01-04 18:56:54', 'Basic', '10.00', 30, 10, 'USD', 1, '', 1, 1000, 1000),
(3, '2014-06-05 21:19:57', '2015-01-04 18:56:59', 'Premium', '20.00', 30, 40, 'USD', 1, '', 1, 1000, 1000);

DROP TABLE IF EXISTS `page`;
CREATE TABLE IF NOT EXISTS `page` (
`id` int(11) NOT NULL,
  `parent_id` int(11) DEFAULT NULL,
  `order` int(11) DEFAULT NULL,
  `type` varchar(45) COLLATE utf8_unicode_ci NOT NULL DEFAULT '',
  `date` datetime DEFAULT NULL,
  `date_publish` datetime DEFAULT NULL,
  `template` varchar(100) COLLATE utf8_unicode_ci DEFAULT NULL,
  `slug` varchar(160) COLLATE utf8_unicode_ci DEFAULT NULL,
  `repository_id` int(11) DEFAULT NULL,
  `is_visible` tinyint(1) DEFAULT '1',
  `is_private` tinyint(1) DEFAULT '0',
  `image_filename` varchar(200) COLLATE utf8_unicode_ci DEFAULT NULL
) ENGINE=InnoDB  DEFAULT CHARSET=utf8 COLLATE=utf8_unicode_ci AUTO_INCREMENT=174 ;

INSERT INTO `page` (`id`, `parent_id`, `order`, `type`, `date`, `date_publish`, `template`, `slug`, `repository_id`, `is_visible`, `is_private`, `image_filename`) VALUES
(1, 0, 1, 'PAGE', NULL, NULL, 'page_homepage-filters', NULL, 40, 1, 0, NULL),
(2, 5, 10, 'PAGE', NULL, NULL, 'page_homepage-filters', NULL, 187, 1, 0, NULL),
(3, 5, 9, 'PAGE', NULL, NULL, 'page_homepage-filters', NULL, 26, 1, 0, NULL),
(4, 0, 20, 'PAGE', NULL, NULL, 'page_contact', NULL, 25, 1, 0, NULL),
(5, 0, 5, 'PAGE', '2013-12-12 16:01:35', NULL, 'page_agents', NULL, 24, 1, 0, '413539183_cc8e400d9d_o.jpg'),
(6, 0, 2, 'PAGE', '2013-12-29 12:06:05', NULL, 'page_homepage', NULL, 182, 1, 0, NULL),
(142, 5, 6, 'PAGE', '2014-01-04 22:19:49', NULL, 'page_news', NULL, 183, 1, 0, NULL),
(143, 5, 8, 'PAGE', '2014-02-10 10:54:19', NULL, 'page_customsearch', NULL, 199, 1, 0, '162803672_8244db2362_o (1).jpg'),
(144, 5, 11, 'PAGE', '2014-02-20 16:16:30', NULL, 'page_homepage-filters', NULL, 200, 1, 0, NULL),
(145, 5, 7, 'PAGE', '2014-03-02 11:55:40', NULL, 'page_fullscreen', NULL, 201, 1, 0, NULL),
(146, 5, 12, '', '2014-03-15 18:18:13', NULL, 'page_page', NULL, 202, 1, 0, NULL),
(147, 0, 4, 'PAGE', '2014-04-05 10:33:02', NULL, 'page_featured', NULL, 203, 1, 0, NULL),
(151, 0, 2, 'MODULE_NEWS_CATEGORY', '2014-04-06 16:07:03', NULL, NULL, NULL, NULL, 1, 0, NULL),
(152, 0, 1, 'MODULE_NEWS_CATEGORY', '2014-04-06 16:21:32', NULL, NULL, NULL, NULL, 1, 0, NULL),
(154, 152, 13, 'MODULE_NEWS_POST', '2014-04-06 20:01:32', '2014-04-09 19:57:33', 'page_page', NULL, 207, 1, 0, '5388658660_975a93b2ae_b (1).jpg'),
(155, 151, 1, 'MODULE_NEWS_POST', '2014-04-06 20:13:51', '2014-04-08 20:13:05', 'page_news', NULL, 208, 1, 0, '5388050721_b84cf3a0a3_b (1).jpg'),
(156, 157, 15, 'ARTICLE', '2014-04-08 17:59:20', '2014-04-08 17:59:20', 'page_page', NULL, 209, 1, 0, '5388050419_e3ef95b8eb_b (1).jpg'),
(157, 5, 13, 'PAGE', '2014-04-08 22:08:34', NULL, 'page_articles', NULL, 210, 1, 0, NULL),
(158, 157, 14, 'ARTICLE', '2014-04-08 22:30:56', '2014-04-08 22:30:56', 'page_page', NULL, 211, 1, 0, '5388051239_00764065f2_b (1).jpg'),
(159, 151, 1, 'MODULE_NEWS_POST', '2014-04-15 18:37:33', '2014-04-15 18:36:57', 'page_page', NULL, 240, 1, 0, '5388057701_5a618e8a9e_b (1).jpg'),
(160, 5, 16, 'PAGE', '2014-04-27 20:45:54', NULL, 'page_showroom', NULL, 242, 1, 0, NULL),
(161, 5, 17, 'PAGE', '2014-05-10 13:27:50', NULL, 'page_expert', NULL, 245, 1, 0, NULL),
(162, 5, 18, 'PAGE', '2014-05-20 19:05:57', NULL, 'page_page', NULL, 246, 0, 0, NULL),
(163, 5, 19, 'PAGE', '2014-06-30 18:24:25', NULL, 'page_page', NULL, 248, 1, 1, NULL),
(164, NULL, NULL, '', NULL, NULL, NULL, NULL, 249, 1, 0, NULL),
(165, NULL, NULL, '', NULL, NULL, NULL, NULL, 250, 1, 0, NULL),
(166, NULL, NULL, '', NULL, NULL, NULL, NULL, 251, 1, 0, NULL),
(167, NULL, NULL, '', NULL, NULL, NULL, NULL, 252, 1, 0, NULL),
(168, NULL, NULL, '', NULL, NULL, NULL, NULL, 253, 1, 0, NULL),
(169, 0, 3, 'PAGE', '2014-08-01 19:02:31', '2014-08-01 19:02:31', 'page_agents-list', NULL, 255, 1, 0, NULL),
(170, 0, 20, 'PAGE', '2015-01-05 18:23:58', '2015-01-05 18:23:58', 'page_page', NULL, 277, 1, 0, NULL),
(171, 0, 20, 'PAGE', '2015-01-05 18:50:12', '2015-01-05 18:50:12', 'page_page', NULL, NULL, 1, 0, NULL),
(172, 0, 20, 'PAGE', '2015-01-05 18:50:34', '2015-01-05 18:50:34', 'page_page', NULL, 278, 1, 0, NULL),
(173, 5, 19, 'PAGE', '2015-01-20 18:56:43', '2015-01-20 18:56:43', 'page_sitemap', NULL, 279, 1, 0, NULL);

DROP TABLE IF EXISTS `page_lang`;
CREATE TABLE IF NOT EXISTS `page_lang` (
`id_page_lang` int(11) NOT NULL,
  `page_id` int(11) NOT NULL,
  `language_id` int(11) NOT NULL,
  `title` varchar(160) COLLATE utf8_unicode_ci DEFAULT NULL,
  `navigation_title` varchar(160) COLLATE utf8_unicode_ci DEFAULT NULL,
  `body` text COLLATE utf8_unicode_ci,
  `description` text COLLATE utf8_unicode_ci,
  `keywords` varchar(200) COLLATE utf8_unicode_ci DEFAULT NULL,
  `slug` varchar(100) COLLATE utf8_unicode_ci DEFAULT NULL
) ENGINE=InnoDB  DEFAULT CHARSET=utf8 COLLATE=utf8_unicode_ci AUTO_INCREMENT=539 ;

INSERT INTO `page_lang` (`id_page_lang`, `page_id`, `language_id`, `title`, `navigation_title`, `body`, `description`, `keywords`, `slug`) VALUES
(261, 146, 1, 'Google link', 'Google link', 'http://www.google.com', 'This is just a link example, so you need enter your link to keywords with ''http''', 'http://www.google.com', NULL),
(262, 146, 2, 'Google link', 'Google link', 'http://www.google.com', 'This is just a link example, so you need enter your link to keywords with ''http''', 'http://www.google.com', NULL),
(285, 152, 1, 'My blog', NULL, NULL, NULL, NULL, NULL),
(286, 152, 2, 'Moj blog', NULL, NULL, NULL, NULL, NULL),
(301, 151, 1, 'Top news', NULL, NULL, NULL, NULL, NULL),
(302, 151, 2, 'Top vijesti', NULL, NULL, NULL, NULL, NULL),
(311, 157, 1, 'Articles', 'Articles', '', '', '', NULL),
(312, 157, 2, 'Članci', 'Članci', '', '', '', NULL),
(319, 156, 1, 'Article test', 'Article test', '<p>\r\nLorem ipsum dolor sit amet, consectetur adipiscing elit. Suspendisse \r\nsollicitudin commodo cursus. Nunc varius accumsan ultrices. Quisque \r\nhendrerit mi id ullamcorper pretium. Lorem ipsum dolor sit amet, \r\nconsectetur adipiscing elit. Nam ac metus vitae nibh aliquet adipiscing \r\nquis at nibh. Nullam lacinia magna sed enim ullamcorper rutrum. Proin \r\nquis vulputate est. Duis vitae purus vel mauris rutrum bibendum eu sit \r\namet erat. Vestibulum accumsan dapibus mauris, faucibus vehicula ipsum \r\ntempor pharetra. Sed porta, purus sit amet sollicitudin vestibulum, leo \r\nneque fringilla mauris, quis semper odio ante non arcu. Suspendisse \r\nporttitor mollis nisi, eu imperdiet eros condimentum at. Nunc tempor \r\nsodales suscipit.\r\n</p>\r\n<p>\r\n<span style="font-weight: bold;">Sed sed mollis nunc. Interdum et malesuada fames ac ante ipsum primis in\r\n faucibus. Proin luctus semper eros, quis egestas leo. Pellentesque \r\nrisus felis, vulputate eu massa et, rhoncus molestie dui. Vivamus \r\nmalesuada dui nec cursus lobortis. Donec augue tortor, accumsan id lacus\r\n quis, suscipit ullamcorper dolor. Nunc ullamcorper elit suscipit, \r\nmollis tortor in, pharetra purus. Sed dapibus dolor mauris, quis \r\nelementum arcu auctor id. Maecenas eget orci in lacus vestibulum \r\nvehicula. Pellentesque et felis eget diam hendrerit ultricies. Quisque \r\nsit amet tellus odio. Nulla pharetra turpis non turpis molestie, \r\nsuscipit tincidunt nisl lobortis. In eget porttitor libero. Proin non \r\nbibendum nisi, vitae volutpat nisl. Vivamus pretium scelerisque risus, \r\nnon tristique arcu cursus eu. Cras velit lacus, venenatis ut mi \r\nmalesuada, dapibus viverra nisi.\r\n</span></p>\r\n<p>\r\n<span style="font-style: italic;">Aliquam dapibus lorem vitae leo euismod commodo. Cras porttitor leo \r\neleifend velit malesuada pretium. Praesent ac auctor purus. Mauris \r\nligula ligula, hendrerit at justo in, molestie viverra sapien. In \r\nplacerat sem risus, a convallis massa viverra nec. Vestibulum ante ipsum\r\n primis in faucibus orci luctus et ultrices posuere cubilia Curae; \r\nPraesent ac justo in orci aliquet lacinia ut vitae nibh. Quisque pretium\r\n quam nibh, imperdiet pulvinar ligula dictum id. In a auctor arcu. Fusce\r\n feugiat purus eget odio congue, mollis iaculis nulla tincidunt. Sed nec\r\n massa vulputate, pretium nisi malesuada, lacinia ligula.\r\n</span></p>\r\n<p>\r\nVestibulum eget tempor mauris. Praesent tincidunt enim eu massa \r\ntristique, pellentesque faucibus ipsum pharetra. Sed pulvinar convallis \r\ntortor eget placerat. Duis mattis tempus sollicitudin. Praesent eu porta\r\n libero, sed consectetur risus. Cum sociis natoque penatibus et magnis \r\ndis parturient montes, nascetur ridiculus mus. Duis vulputate, arcu nec \r\ntincidunt lacinia, mi velit malesuada sapien, a commodo lacus lacus sit \r\namet nisl. Donec rhoncus lectus sit amet sem dictum interdum. Vivamus \r\nlobortis tortor fringilla est gravida ultricies. Integer ut mauris quam.\r\n</p>', 'Lorem ipsum dolor sit amet, consectetur adipiscing elit. Suspendisse sollicitudin commodo cursus. Nunc varius accumsan ultrices. Quisque hendrerit mi id ullamcorper pretium. Lorem ipsum dolor sit amet, consectetur adipiscing elit.', 'Article test', NULL),
(320, 156, 2, 'Test članak', 'Test članak', '<p>\r\nLorem ipsum dolor sit amet, consectetur adipiscing elit. Suspendisse \r\nsollicitudin commodo cursus. Nunc varius accumsan ultrices. Quisque \r\nhendrerit mi id ullamcorper pretium. Lorem ipsum dolor sit amet, \r\nconsectetur adipiscing elit. Nam ac metus vitae nibh aliquet adipiscing \r\nquis at nibh. Nullam lacinia magna sed enim ullamcorper rutrum. Proin \r\nquis vulputate est. Duis vitae purus vel mauris rutrum bibendum eu sit \r\namet erat. Vestibulum accumsan dapibus mauris, faucibus vehicula ipsum \r\ntempor pharetra. Sed porta, purus sit amet sollicitudin vestibulum, leo \r\nneque fringilla mauris, quis semper odio ante non arcu. Suspendisse \r\nporttitor mollis nisi, eu imperdiet eros condimentum at. Nunc tempor \r\nsodales suscipit.\r\n</p>\r\n<p>\r\n<span style="font-weight: bold;">Sed sed mollis nunc. Interdum et malesuada fames ac ante ipsum primis in\r\n faucibus. Proin luctus semper eros, quis egestas leo. Pellentesque \r\nrisus felis, vulputate eu massa et, rhoncus molestie dui. Vivamus \r\nmalesuada dui nec cursus lobortis. Donec augue tortor, accumsan id lacus\r\n quis, suscipit ullamcorper dolor. Nunc ullamcorper elit suscipit, \r\nmollis tortor in, pharetra purus. Sed dapibus dolor mauris, quis \r\nelementum arcu auctor id. Maecenas eget orci in lacus vestibulum \r\nvehicula. Pellentesque et felis eget diam hendrerit ultricies. Quisque \r\nsit amet tellus odio. Nulla pharetra turpis non turpis molestie, \r\nsuscipit tincidunt nisl lobortis. In eget porttitor libero. Proin non \r\nbibendum nisi, vitae volutpat nisl. Vivamus pretium scelerisque risus, \r\nnon tristique arcu cursus eu. Cras velit lacus, venenatis ut mi \r\nmalesuada, dapibus viverra nisi.\r\n</span></p>\r\n<p>\r\n<span style="font-style: italic;">Aliquam dapibus lorem vitae leo euismod commodo. Cras porttitor leo \r\neleifend velit malesuada pretium. Praesent ac auctor purus. Mauris \r\nligula ligula, hendrerit at justo in, molestie viverra sapien. In \r\nplacerat sem risus, a convallis massa viverra nec. Vestibulum ante ipsum\r\n primis in faucibus orci luctus et ultrices posuere cubilia Curae; \r\nPraesent ac justo in orci aliquet lacinia ut vitae nibh. Quisque pretium\r\n quam nibh, imperdiet pulvinar ligula dictum id. In a auctor arcu. Fusce\r\n feugiat purus eget odio congue, mollis iaculis nulla tincidunt. Sed nec\r\n massa vulputate, pretium nisi malesuada, lacinia ligula.\r\n</span></p>\r\n<p>\r\nVestibulum eget tempor mauris. Praesent tincidunt enim eu massa \r\ntristique, pellentesque faucibus ipsum pharetra. Sed pulvinar convallis \r\ntortor eget placerat. Duis mattis tempus sollicitudin. Praesent eu porta\r\n libero, sed consectetur risus. Cum sociis natoque penatibus et magnis \r\ndis parturient montes, nascetur ridiculus mus. Duis vulputate, arcu nec \r\ntincidunt lacinia, mi velit malesuada sapien, a commodo lacus lacus sit \r\namet nisl. Donec rhoncus lectus sit amet sem dictum interdum. Vivamus \r\nlobortis tortor fringilla est gravida ultricies. Integer ut mauris quam.\r\n</p>', 'Lorem ipsum dolor sit amet, consectetur adipiscing elit. Suspendisse sollicitudin commodo cursus. Nunc varius accumsan ultrices. Quisque hendrerit mi id ullamcorper pretium. Lorem ipsum dolor sit amet, consectetur adipiscing elit.', 'Test članak', NULL),
(321, 158, 1, 'Test article 2', 'Test article 2', '<p>\r\nLorem ipsum dolor sit amet, consectetur adipiscing elit. Suspendisse \r\nsollicitudin commodo cursus. Nunc varius accumsan ultrices. Quisque \r\nhendrerit mi id ullamcorper pretium. Lorem ipsum dolor sit amet, \r\nconsectetur adipiscing elit. Nam ac metus vitae nibh aliquet adipiscing \r\nquis at nibh. Nullam lacinia magna sed enim ullamcorper rutrum. Proin \r\nquis vulputate est. Duis vitae purus vel mauris rutrum bibendum eu sit \r\namet erat. Vestibulum accumsan dapibus mauris, faucibus vehicula ipsum \r\ntempor pharetra. Sed porta, purus sit amet sollicitudin vestibulum, leo \r\nneque fringilla mauris, quis semper odio ante non arcu. Suspendisse \r\nporttitor mollis nisi, eu imperdiet eros condimentum at. Nunc tempor \r\nsodales suscipit.\r\n</p>\r\n<p>\r\n<span style="font-weight: bold;">Sed sed mollis nunc. Interdum et malesuada fames ac ante ipsum primis in\r\n faucibus. Proin luctus semper eros, quis egestas leo. Pellentesque \r\nrisus felis, vulputate eu massa et, rhoncus molestie dui. Vivamus \r\nmalesuada dui nec cursus lobortis. Donec augue tortor, accumsan id lacus\r\n quis, suscipit ullamcorper dolor. Nunc ullamcorper elit suscipit, \r\nmollis tortor in, pharetra purus. Sed dapibus dolor mauris, quis \r\nelementum arcu auctor id. Maecenas eget orci in lacus vestibulum \r\nvehicula. Pellentesque et felis eget diam hendrerit ultricies. Quisque \r\nsit amet tellus odio. Nulla pharetra turpis non turpis molestie, \r\nsuscipit tincidunt nisl lobortis. In eget porttitor libero. Proin non \r\nbibendum nisi, vitae volutpat nisl. Vivamus pretium scelerisque risus, \r\nnon tristique arcu cursus eu. Cras velit lacus, venenatis ut mi \r\nmalesuada, dapibus viverra nisi.\r\n</span></p>\r\n<p>\r\n<span style="font-style: italic;">Aliquam dapibus lorem vitae leo euismod commodo. Cras porttitor leo \r\neleifend velit malesuada pretium. Praesent ac auctor purus. Mauris \r\nligula ligula, hendrerit at justo in, molestie viverra sapien. In \r\nplacerat sem risus, a convallis massa viverra nec. Vestibulum ante ipsum\r\n primis in faucibus orci luctus et ultrices posuere cubilia Curae; \r\nPraesent ac justo in orci aliquet lacinia ut vitae nibh. Quisque pretium\r\n quam nibh, imperdiet pulvinar ligula dictum id. In a auctor arcu. Fusce\r\n feugiat purus eget odio congue, mollis iaculis nulla tincidunt. Sed nec\r\n massa vulputate, pretium nisi malesuada, lacinia ligula.\r\n</span></p>\r\n<p>\r\nVestibulum eget tempor mauris. Praesent tincidunt enim eu massa \r\ntristique, pellentesque faucibus ipsum pharetra. Sed pulvinar convallis \r\ntortor eget placerat. Duis mattis tempus sollicitudin. Praesent eu porta\r\n libero, sed consectetur risus. Cum sociis natoque penatibus et magnis \r\ndis parturient montes, nascetur ridiculus mus. Duis vulputate, arcu nec \r\ntincidunt lacinia, mi velit malesuada sapien, a commodo lacus lacus sit \r\namet nisl. Donec rhoncus lectus sit amet sem dictum interdum. Vivamus \r\nlobortis tortor fringilla est gravida ultricies. Integer ut mauris quam.\r\n</p>', 'Lorem ipsum dolor sit amet, consectetur adipiscing elit. Suspendisse sollicitudin commodo cursus. Nunc varius accumsan ultrices. Quisque hendrerit mi id ullamcorper pretium. Lorem ipsum dolor sit amet, consectetur adipiscing elit.', 'Test article 2', NULL),
(322, 158, 2, 'Test članak 2', 'Test članak 2', '<p>\r\nLorem ipsum dolor sit amet, consectetur adipiscing elit. Suspendisse \r\nsollicitudin commodo cursus. Nunc varius accumsan ultrices. Quisque \r\nhendrerit mi id ullamcorper pretium. Lorem ipsum dolor sit amet, \r\nconsectetur adipiscing elit. Nam ac metus vitae nibh aliquet adipiscing \r\nquis at nibh. Nullam lacinia magna sed enim ullamcorper rutrum. Proin \r\nquis vulputate est. Duis vitae purus vel mauris rutrum bibendum eu sit \r\namet erat. Vestibulum accumsan dapibus mauris, faucibus vehicula ipsum \r\ntempor pharetra. Sed porta, purus sit amet sollicitudin vestibulum, leo \r\nneque fringilla mauris, quis semper odio ante non arcu. Suspendisse \r\nporttitor mollis nisi, eu imperdiet eros condimentum at. Nunc tempor \r\nsodales suscipit.\r\n</p>\r\n<p>\r\n<span style="font-weight: bold;">Sed sed mollis nunc. Interdum et malesuada fames ac ante ipsum primis in\r\n faucibus. Proin luctus semper eros, quis egestas leo. Pellentesque \r\nrisus felis, vulputate eu massa et, rhoncus molestie dui. Vivamus \r\nmalesuada dui nec cursus lobortis. Donec augue tortor, accumsan id lacus\r\n quis, suscipit ullamcorper dolor. Nunc ullamcorper elit suscipit, \r\nmollis tortor in, pharetra purus. Sed dapibus dolor mauris, quis \r\nelementum arcu auctor id. Maecenas eget orci in lacus vestibulum \r\nvehicula. Pellentesque et felis eget diam hendrerit ultricies. Quisque \r\nsit amet tellus odio. Nulla pharetra turpis non turpis molestie, \r\nsuscipit tincidunt nisl lobortis. In eget porttitor libero. Proin non \r\nbibendum nisi, vitae volutpat nisl. Vivamus pretium scelerisque risus, \r\nnon tristique arcu cursus eu. Cras velit lacus, venenatis ut mi \r\nmalesuada, dapibus viverra nisi.\r\n</span></p>\r\n<p>\r\n<span style="font-style: italic;">Aliquam dapibus lorem vitae leo euismod commodo. Cras porttitor leo \r\neleifend velit malesuada pretium. Praesent ac auctor purus. Mauris \r\nligula ligula, hendrerit at justo in, molestie viverra sapien. In \r\nplacerat sem risus, a convallis massa viverra nec. Vestibulum ante ipsum\r\n primis in faucibus orci luctus et ultrices posuere cubilia Curae; \r\nPraesent ac justo in orci aliquet lacinia ut vitae nibh. Quisque pretium\r\n quam nibh, imperdiet pulvinar ligula dictum id. In a auctor arcu. Fusce\r\n feugiat purus eget odio congue, mollis iaculis nulla tincidunt. Sed nec\r\n massa vulputate, pretium nisi malesuada, lacinia ligula.\r\n</span></p>\r\n<p>\r\nVestibulum eget tempor mauris. Praesent tincidunt enim eu massa \r\ntristique, pellentesque faucibus ipsum pharetra. Sed pulvinar convallis \r\ntortor eget placerat. Duis mattis tempus sollicitudin. Praesent eu porta\r\n libero, sed consectetur risus. Cum sociis natoque penatibus et magnis \r\ndis parturient montes, nascetur ridiculus mus. Duis vulputate, arcu nec \r\ntincidunt lacinia, mi velit malesuada sapien, a commodo lacus lacus sit \r\namet nisl. Donec rhoncus lectus sit amet sem dictum interdum. Vivamus \r\nlobortis tortor fringilla est gravida ultricies. Integer ut mauris quam.\r\n</p>', 'Lorem ipsum dolor sit amet, consectetur adipiscing elit. Suspendisse sollicitudin commodo cursus. Nunc varius accumsan ultrices. Quisque hendrerit mi id ullamcorper pretium. Lorem ipsum dolor sit amet, consectetur adipiscing elit.', 'Test članak 2', NULL),
(325, 159, 1, 'Test news category 2', 'Test news category 2', '<p>\r\nLorem ipsum dolor sit amet, consectetur adipiscing elit. Suspendisse \r\nsollicitudin commodo cursus. Nunc varius accumsan ultrices. Quisque \r\nhendrerit mi id ullamcorper pretium. Lorem ipsum dolor sit amet, \r\nconsectetur adipiscing elit. Nam ac metus vitae nibh aliquet adipiscing \r\nquis at nibh. Nullam lacinia magna sed enim ullamcorper rutrum. Proin \r\nquis vulputate est. Duis vitae purus vel mauris rutrum bibendum eu sit \r\namet erat. Vestibulum accumsan dapibus mauris, faucibus vehicula ipsum \r\ntempor pharetra. Sed porta, purus sit amet sollicitudin vestibulum, leo \r\nneque fringilla mauris, quis semper odio ante non arcu. Suspendisse \r\nporttitor mollis nisi, eu imperdiet eros condimentum at. Nunc tempor \r\nsodales suscipit.\r\n</p>\r\n<p>\r\n<span style="font-weight: bold;">Sed sed mollis nunc. Interdum et malesuada fames ac ante ipsum primis in\r\n faucibus. Proin luctus semper eros, quis egestas leo. Pellentesque \r\nrisus felis, vulputate eu massa et, rhoncus molestie dui. Vivamus \r\nmalesuada dui nec cursus lobortis. Donec augue tortor, accumsan id lacus\r\n quis, suscipit ullamcorper dolor. Nunc ullamcorper elit suscipit, \r\nmollis tortor in, pharetra purus. Sed dapibus dolor mauris, quis \r\nelementum arcu auctor id. Maecenas eget orci in lacus vestibulum \r\nvehicula. Pellentesque et felis eget diam hendrerit ultricies. Quisque \r\nsit amet tellus odio. Nulla pharetra turpis non turpis molestie, \r\nsuscipit tincidunt nisl lobortis. In eget porttitor libero. Proin non \r\nbibendum nisi, vitae volutpat nisl. Vivamus pretium scelerisque risus, \r\nnon tristique arcu cursus eu. Cras velit lacus, venenatis ut mi \r\nmalesuada, dapibus viverra nisi.\r\n</span></p>\r\n<p>\r\n<span style="font-style: italic;">Aliquam dapibus lorem vitae leo euismod commodo. Cras porttitor leo \r\neleifend velit malesuada pretium. Praesent ac auctor purus. Mauris \r\nligula ligula, hendrerit at justo in, molestie viverra sapien. In \r\nplacerat sem risus, a convallis massa viverra nec. Vestibulum ante ipsum\r\n primis in faucibus orci luctus et ultrices posuere cubilia Curae; \r\nPraesent ac justo in orci aliquet lacinia ut vitae nibh. Quisque pretium\r\n quam nibh, imperdiet pulvinar ligula dictum id. In a auctor arcu. Fusce\r\n feugiat purus eget odio congue, mollis iaculis nulla tincidunt. Sed nec\r\n massa vulputate, pretium nisi malesuada, lacinia ligula.\r\n</span></p>\r\n<p>\r\nVestibulum eget tempor mauris. Praesent tincidunt enim eu massa \r\ntristique, pellentesque faucibus ipsum pharetra. Sed pulvinar convallis \r\ntortor eget placerat. Duis mattis tempus sollicitudin. Praesent eu porta\r\n libero, sed consectetur risus. Cum sociis natoque penatibus et magnis \r\ndis parturient montes, nascetur ridiculus mus. Duis vulputate, arcu nec \r\ntincidunt lacinia, mi velit malesuada sapien, a commodo lacus lacus sit \r\namet nisl. Donec rhoncus lectus sit amet sem dictum interdum. Vivamus \r\nlobortis tortor fringilla est gravida ultricies. Integer ut mauris quam.\r\n</p>', 'Lorem ipsum dolor sit amet, consectetur adipiscing elit. Suspendisse sollicitudin commodo cursus. Nunc varius accumsan ultrices. Quisque hendrerit mi id ullamcorper pretium. Lorem ipsum dolor sit amet, consectetur adipiscing elit.', 'Test news category 2', NULL),
(326, 159, 2, 'Test news category 2', 'Test news category 2', '<p>\r\nLorem ipsum dolor sit amet, consectetur adipiscing elit. Suspendisse \r\nsollicitudin commodo cursus. Nunc varius accumsan ultrices. Quisque \r\nhendrerit mi id ullamcorper pretium. Lorem ipsum dolor sit amet, \r\nconsectetur adipiscing elit. Nam ac metus vitae nibh aliquet adipiscing \r\nquis at nibh. Nullam lacinia magna sed enim ullamcorper rutrum. Proin \r\nquis vulputate est. Duis vitae purus vel mauris rutrum bibendum eu sit \r\namet erat. Vestibulum accumsan dapibus mauris, faucibus vehicula ipsum \r\ntempor pharetra. Sed porta, purus sit amet sollicitudin vestibulum, leo \r\nneque fringilla mauris, quis semper odio ante non arcu. Suspendisse \r\nporttitor mollis nisi, eu imperdiet eros condimentum at. Nunc tempor \r\nsodales suscipit.\r\n</p>\r\n<p>\r\n<span style="font-weight: bold;">Sed sed mollis nunc. Interdum et malesuada fames ac ante ipsum primis in\r\n faucibus. Proin luctus semper eros, quis egestas leo. Pellentesque \r\nrisus felis, vulputate eu massa et, rhoncus molestie dui. Vivamus \r\nmalesuada dui nec cursus lobortis. Donec augue tortor, accumsan id lacus\r\n quis, suscipit ullamcorper dolor. Nunc ullamcorper elit suscipit, \r\nmollis tortor in, pharetra purus. Sed dapibus dolor mauris, quis \r\nelementum arcu auctor id. Maecenas eget orci in lacus vestibulum \r\nvehicula. Pellentesque et felis eget diam hendrerit ultricies. Quisque \r\nsit amet tellus odio. Nulla pharetra turpis non turpis molestie, \r\nsuscipit tincidunt nisl lobortis. In eget porttitor libero. Proin non \r\nbibendum nisi, vitae volutpat nisl. Vivamus pretium scelerisque risus, \r\nnon tristique arcu cursus eu. Cras velit lacus, venenatis ut mi \r\nmalesuada, dapibus viverra nisi.\r\n</span></p>\r\n<p>\r\n<span style="font-style: italic;">Aliquam dapibus lorem vitae leo euismod commodo. Cras porttitor leo \r\neleifend velit malesuada pretium. Praesent ac auctor purus. Mauris \r\nligula ligula, hendrerit at justo in, molestie viverra sapien. In \r\nplacerat sem risus, a convallis massa viverra nec. Vestibulum ante ipsum\r\n primis in faucibus orci luctus et ultrices posuere cubilia Curae; \r\nPraesent ac justo in orci aliquet lacinia ut vitae nibh. Quisque pretium\r\n quam nibh, imperdiet pulvinar ligula dictum id. In a auctor arcu. Fusce\r\n feugiat purus eget odio congue, mollis iaculis nulla tincidunt. Sed nec\r\n massa vulputate, pretium nisi malesuada, lacinia ligula.\r\n</span></p>\r\n<p>\r\nVestibulum eget tempor mauris. Praesent tincidunt enim eu massa \r\ntristique, pellentesque faucibus ipsum pharetra. Sed pulvinar convallis \r\ntortor eget placerat. Duis mattis tempus sollicitudin. Praesent eu porta\r\n libero, sed consectetur risus. Cum sociis natoque penatibus et magnis \r\ndis parturient montes, nascetur ridiculus mus. Duis vulputate, arcu nec \r\ntincidunt lacinia, mi velit malesuada sapien, a commodo lacus lacus sit \r\namet nisl. Donec rhoncus lectus sit amet sem dictum interdum. Vivamus \r\nlobortis tortor fringilla est gravida ultricies. Integer ut mauris quam.\r\n</p>', 'Lorem ipsum dolor sit amet, consectetur adipiscing elit. Suspendisse sollicitudin commodo cursus. Nunc varius accumsan ultrices. Quisque hendrerit mi id ullamcorper pretium. Lorem ipsum dolor sit amet, consectetur adipiscing elit.', 'Test news category 2', NULL),
(327, 160, 1, 'Showroom', 'Showroom', 'Showroom', 'Showroom', 'Showroom', NULL),
(328, 160, 2, 'Showroom', 'Showroom', 'Showroom', 'Showroom', 'Showroom', NULL),
(331, 161, 1, 'Ask Expert', 'Ask Expert', 'Lorem ipsum dolor sit amet, consectetur adipiscing elit. Suspendisse \r\nsollicitudin commodo cursus. Nunc varius accumsan ultrices. Quisque \r\nhendrerit mi id ullamcorper pretium. Lorem ipsum dolor sit amet, \r\nconsectetur adipiscing elit. Nam ac metus vitae nibh aliquet adipiscing \r\nquis at nibh. Nullam lacinia magna sed enim ullamcorper rutrum.', 'Ask Expert', 'Ask Expert', NULL),
(332, 161, 2, 'Pitaj eksperta', 'Pitaj eksperta', 'Lorem ipsum dolor sit amet, consectetur adipiscing elit. Suspendisse \r\nsollicitudin commodo cursus. Nunc varius accumsan ultrices. Quisque \r\nhendrerit mi id ullamcorper pretium. Lorem ipsum dolor sit amet, \r\nconsectetur adipiscing elit. Nam ac metus vitae nibh aliquet adipiscing \r\nquis at nibh. Nullam lacinia magna sed enim ullamcorper rutrum.', 'Pitaj eksperta', 'Pitaj eksperta', NULL),
(337, 162, 1, 'Hidden page example', 'Hidden page example', 'Hidden page example', 'Hidden page example', 'Hidden page example', NULL),
(338, 162, 2, 'Primjer skrivene stranice', 'Primjer skrivene stranice', 'Primjer skrivene stranice', 'Primjer skrivene stranice', 'Primjer skrivene stranice', NULL),
(345, 163, 1, 'Private page', 'Private page', 'Private page, only visible for logged users.<br>', 'Private page', 'Private page', NULL),
(346, 163, 2, 'Privatna stranica', 'Privatna stranica', 'Privatna stranica, vidljiva samo prijavljenim posjetiteljima.<br>', 'Privatna stranica', 'Privatna stranica', NULL),
(365, 155, 1, 'Test news category', 'Test news category', '<p>\r\nLorem ipsum dolor sit amet, consectetur adipiscing elit. Suspendisse \r\nsollicitudin commodo cursus. Nunc varius accumsan ultrices. Quisque \r\nhendrerit mi id ullamcorper pretium. Lorem ipsum dolor sit amet, \r\nconsectetur adipiscing elit. Nam ac metus vitae nibh aliquet adipiscing \r\nquis at nibh. Nullam lacinia magna sed enim ullamcorper rutrum. Proin \r\nquis vulputate est. Duis vitae purus vel mauris rutrum bibendum eu sit \r\namet erat. Vestibulum accumsan dapibus mauris, faucibus vehicula ipsum \r\ntempor pharetra. Sed porta, purus sit amet sollicitudin vestibulum, leo \r\nneque fringilla mauris, quis semper odio ante non arcu. Suspendisse \r\nporttitor mollis nisi, eu imperdiet eros condimentum at. Nunc tempor \r\nsodales suscipit.\r\n</p>\r\n<p>\r\n<span style="font-weight: bold;">Sed sed mollis nunc. Interdum et malesuada fames ac ante ipsum primis in\r\n faucibus. Proin luctus semper eros, quis egestas leo. Pellentesque \r\nrisus felis, vulputate eu massa et, rhoncus molestie dui. Vivamus \r\nmalesuada dui nec cursus lobortis. Donec augue tortor, accumsan id lacus\r\n quis, suscipit ullamcorper dolor. Nunc ullamcorper elit suscipit, \r\nmollis tortor in, pharetra purus. Sed dapibus dolor mauris, quis \r\nelementum arcu auctor id. Maecenas eget orci in lacus vestibulum \r\nvehicula. Pellentesque et felis eget diam hendrerit ultricies. Quisque \r\nsit amet tellus odio. Nulla pharetra turpis non turpis molestie, \r\nsuscipit tincidunt nisl lobortis. In eget porttitor libero. Proin non \r\nbibendum nisi, vitae volutpat nisl. Vivamus pretium scelerisque risus, \r\nnon tristique arcu cursus eu. Cras velit lacus, venenatis ut mi \r\nmalesuada, dapibus viverra nisi.\r\n</span></p>\r\n<p>\r\n<span style="font-style: italic;">Aliquam dapibus lorem vitae leo euismod commodo. Cras porttitor leo \r\neleifend velit malesuada pretium. Praesent ac auctor purus. Mauris \r\nligula ligula, hendrerit at justo in, molestie viverra sapien. In \r\nplacerat sem risus, a convallis massa viverra nec. Vestibulum ante ipsum\r\n primis in faucibus orci luctus et ultrices posuere cubilia Curae; \r\nPraesent ac justo in orci aliquet lacinia ut vitae nibh. Quisque pretium\r\n quam nibh, imperdiet pulvinar ligula dictum id. In a auctor arcu. Fusce\r\n feugiat purus eget odio congue, mollis iaculis nulla tincidunt. Sed nec\r\n massa vulputate, pretium nisi malesuada, lacinia ligula.\r\n</span></p>\r\n<p>\r\nVestibulum eget tempor mauris. Praesent tincidunt enim eu massa \r\ntristique, pellentesque faucibus ipsum pharetra. Sed pulvinar convallis \r\ntortor eget placerat. Duis mattis tempus sollicitudin. Praesent eu porta\r\n libero, sed consectetur risus. Cum sociis natoque penatibus et magnis \r\ndis parturient montes, nascetur ridiculus mus. Duis vulputate, arcu nec \r\ntincidunt lacinia, mi velit malesuada sapien, a commodo lacus lacus sit \r\namet nisl. Donec rhoncus lectus sit amet sem dictum interdum. Vivamus \r\nlobortis tortor fringilla est gravida ultricies. Integer ut mauris quam.\r\n</p>', 'Lorem ipsum dolor sit amet, consectetur adipiscing elit. Suspendisse sollicitudin commodo cursus. Nunc varius accumsan ultrices. Quisque hendrerit mi id ullamcorper pretium. Lorem ipsum dolor sit amet, consectetur adipiscing elit.', 'Test news category', NULL),
(366, 155, 2, 'Test novost kategorija', 'Test novost kategorija', '<p>\r\nLorem ipsum dolor sit amet, consectetur adipiscing elit. Suspendisse \r\nsollicitudin commodo cursus. Nunc varius accumsan ultrices. Quisque \r\nhendrerit mi id ullamcorper pretium. Lorem ipsum dolor sit amet, \r\nconsectetur adipiscing elit. Nam ac metus vitae nibh aliquet adipiscing \r\nquis at nibh. Nullam lacinia magna sed enim ullamcorper rutrum. Proin \r\nquis vulputate est. Duis vitae purus vel mauris rutrum bibendum eu sit \r\namet erat. Vestibulum accumsan dapibus mauris, faucibus vehicula ipsum \r\ntempor pharetra. Sed porta, purus sit amet sollicitudin vestibulum, leo \r\nneque fringilla mauris, quis semper odio ante non arcu. Suspendisse \r\nporttitor mollis nisi, eu imperdiet eros condimentum at. Nunc tempor \r\nsodales suscipit.\r\n</p>\r\n<p>\r\n<span style="font-weight: bold;">Sed sed mollis nunc. Interdum et malesuada fames ac ante ipsum primis in\r\n faucibus. Proin luctus semper eros, quis egestas leo. Pellentesque \r\nrisus felis, vulputate eu massa et, rhoncus molestie dui. Vivamus \r\nmalesuada dui nec cursus lobortis. Donec augue tortor, accumsan id lacus\r\n quis, suscipit ullamcorper dolor. Nunc ullamcorper elit suscipit, \r\nmollis tortor in, pharetra purus. Sed dapibus dolor mauris, quis \r\nelementum arcu auctor id. Maecenas eget orci in lacus vestibulum \r\nvehicula. Pellentesque et felis eget diam hendrerit ultricies. Quisque \r\nsit amet tellus odio. Nulla pharetra turpis non turpis molestie, \r\nsuscipit tincidunt nisl lobortis. In eget porttitor libero. Proin non \r\nbibendum nisi, vitae volutpat nisl. Vivamus pretium scelerisque risus, \r\nnon tristique arcu cursus eu. Cras velit lacus, venenatis ut mi \r\nmalesuada, dapibus viverra nisi.\r\n</span></p>\r\n<p>\r\n<span style="font-style: italic;">Aliquam dapibus lorem vitae leo euismod commodo. Cras porttitor leo \r\neleifend velit malesuada pretium. Praesent ac auctor purus. Mauris \r\nligula ligula, hendrerit at justo in, molestie viverra sapien. In \r\nplacerat sem risus, a convallis massa viverra nec. Vestibulum ante ipsum\r\n primis in faucibus orci luctus et ultrices posuere cubilia Curae; \r\nPraesent ac justo in orci aliquet lacinia ut vitae nibh. Quisque pretium\r\n quam nibh, imperdiet pulvinar ligula dictum id. In a auctor arcu. Fusce\r\n feugiat purus eget odio congue, mollis iaculis nulla tincidunt. Sed nec\r\n massa vulputate, pretium nisi malesuada, lacinia ligula.\r\n</span></p>\r\n<p>\r\nVestibulum eget tempor mauris. Praesent tincidunt enim eu massa \r\ntristique, pellentesque faucibus ipsum pharetra. Sed pulvinar convallis \r\ntortor eget placerat. Duis mattis tempus sollicitudin. Praesent eu porta\r\n libero, sed consectetur risus. Cum sociis natoque penatibus et magnis \r\ndis parturient montes, nascetur ridiculus mus. Duis vulputate, arcu nec \r\ntincidunt lacinia, mi velit malesuada sapien, a commodo lacus lacus sit \r\namet nisl. Donec rhoncus lectus sit amet sem dictum interdum. Vivamus \r\nlobortis tortor fringilla est gravida ultricies. Integer ut mauris quam.\r\n</p>', 'Lorem ipsum dolor sit amet, consectetur adipiscing elit. Suspendisse sollicitudin commodo cursus. Nunc varius accumsan ultrices. Quisque hendrerit mi id ullamcorper pretium. Lorem ipsum dolor sit amet, consectetur adipiscing elit.', 'Test novost kategorija', NULL),
(421, 154, 1, 'My blog test', 'Test news', '<p>\r\nLorem ipsum dolor sit amet, consectetur adipiscing elit. Suspendisse \r\nsollicitudin commodo cursus. Nunc varius accumsan ultrices. Quisque \r\nhendrerit mi id ullamcorper pretium. Lorem ipsum dolor sit amet, \r\nconsectetur adipiscing elit. Nam ac metus vitae nibh aliquet adipiscing \r\nquis at nibh. Nullam lacinia magna sed enim ullamcorper rutrum. Proin \r\nquis vulputate est. Duis vitae purus vel mauris rutrum bibendum eu sit \r\namet erat. Vestibulum accumsan dapibus mauris, faucibus vehicula ipsum \r\ntempor pharetra. Sed porta, purus sit amet sollicitudin vestibulum, leo \r\nneque fringilla mauris, quis semper odio ante non arcu. Suspendisse \r\nporttitor mollis nisi, eu imperdiet eros condimentum at. Nunc tempor \r\nsodales suscipit.\r\n</p>\r\n<p>\r\n<span style="font-weight: bold;">Sed sed mollis nunc. Interdum et malesuada fames ac ante ipsum primis in\r\n faucibus. Proin luctus semper eros, quis egestas leo. Pellentesque \r\nrisus felis, vulputate eu massa et, rhoncus molestie dui. Vivamus \r\nmalesuada dui nec cursus lobortis. Donec augue tortor, accumsan id lacus\r\n quis, suscipit ullamcorper dolor. Nunc ullamcorper elit suscipit, \r\nmollis tortor in, pharetra purus. Sed dapibus dolor mauris, quis \r\nelementum arcu auctor id. Maecenas eget orci in lacus vestibulum \r\nvehicula. Pellentesque et felis eget diam hendrerit ultricies. Quisque \r\nsit amet tellus odio. Nulla pharetra turpis non turpis molestie, \r\nsuscipit tincidunt nisl lobortis. In eget porttitor libero. Proin non \r\nbibendum nisi, vitae volutpat nisl. Vivamus pretium scelerisque risus, \r\nnon tristique arcu cursus eu. Cras velit lacus, venenatis ut mi \r\nmalesuada, dapibus viverra nisi.\r\n</span></p>\r\n<p>\r\n<span style="font-style: italic;">Aliquam dapibus lorem vitae leo euismod commodo. Cras porttitor leo \r\neleifend velit malesuada pretium. Praesent ac auctor purus. Mauris \r\nligula ligula, hendrerit at justo in, molestie viverra sapien. In \r\nplacerat sem risus, a convallis massa viverra nec. Vestibulum ante ipsum\r\n primis in faucibus orci luctus et ultrices posuere cubilia Curae; \r\nPraesent ac justo in orci aliquet lacinia ut vitae nibh. Quisque pretium\r\n quam nibh, imperdiet pulvinar ligula dictum id. In a auctor arcu. Fusce\r\n feugiat purus eget odio congue, mollis iaculis nulla tincidunt. Sed nec\r\n massa vulputate, pretium nisi malesuada, lacinia ligula.\r\n</span></p>\r\n<p>\r\nVestibulum eget tempor mauris. Praesent tincidunt enim eu massa \r\ntristique, pellentesque faucibus ipsum pharetra. Sed pulvinar convallis \r\ntortor eget placerat. Duis mattis tempus sollicitudin. Praesent eu porta\r\n libero, sed consectetur risus. Cum sociis natoque penatibus et magnis \r\ndis parturient montes, nascetur ridiculus mus. Duis vulputate, arcu nec \r\ntincidunt lacinia, mi velit malesuada sapien, a commodo lacus lacus sit \r\namet nisl. Donec rhoncus lectus sit amet sem dictum interdum. Vivamus \r\nlobortis tortor fringilla est gravida ultricies. Integer ut mauris quam.\r\n</p>', 'Lorem ipsum dolor sit amet, consectetur adipiscing elit. Suspendisse sollicitudin commodo cursus. Nunc varius accumsan ultrices. Quisque hendrerit mi id ullamcorper pretium. Lorem ipsum dolor sit amet, consectetur adipiscing elit.', 'Test news', NULL),
(422, 154, 2, 'Moj blog test', 'Test novost', '<p>\r\nLorem ipsum dolor sit amet, consectetur adipiscing elit. Suspendisse \r\nsollicitudin commodo cursus. Nunc varius accumsan ultrices. Quisque \r\nhendrerit mi id ullamcorper pretium. Lorem ipsum dolor sit amet, \r\nconsectetur adipiscing elit. Nam ac metus vitae nibh aliquet adipiscing \r\nquis at nibh. Nullam lacinia magna sed enim ullamcorper rutrum. Proin \r\nquis vulputate est. Duis vitae purus vel mauris rutrum bibendum eu sit \r\namet erat. Vestibulum accumsan dapibus mauris, faucibus vehicula ipsum \r\ntempor pharetra. Sed porta, purus sit amet sollicitudin vestibulum, leo \r\nneque fringilla mauris, quis semper odio ante non arcu. Suspendisse \r\nporttitor mollis nisi, eu imperdiet eros condimentum at. Nunc tempor \r\nsodales suscipit.\r\n</p>\r\n<p>\r\n<span style="font-weight: bold;">Sed sed mollis nunc. Interdum et malesuada fames ac ante ipsum primis in\r\n faucibus. Proin luctus semper eros, quis egestas leo. Pellentesque \r\nrisus felis, vulputate eu massa et, rhoncus molestie dui. Vivamus \r\nmalesuada dui nec cursus lobortis. Donec augue tortor, accumsan id lacus\r\n quis, suscipit ullamcorper dolor. Nunc ullamcorper elit suscipit, \r\nmollis tortor in, pharetra purus. Sed dapibus dolor mauris, quis \r\nelementum arcu auctor id. Maecenas eget orci in lacus vestibulum \r\nvehicula. Pellentesque et felis eget diam hendrerit ultricies. Quisque \r\nsit amet tellus odio. Nulla pharetra turpis non turpis molestie, \r\nsuscipit tincidunt nisl lobortis. In eget porttitor libero. Proin non \r\nbibendum nisi, vitae volutpat nisl. Vivamus pretium scelerisque risus, \r\nnon tristique arcu cursus eu. Cras velit lacus, venenatis ut mi \r\nmalesuada, dapibus viverra nisi.\r\n</span></p>\r\n<p>\r\n<span style="font-style: italic;">Aliquam dapibus lorem vitae leo euismod commodo. Cras porttitor leo \r\neleifend velit malesuada pretium. Praesent ac auctor purus. Mauris \r\nligula ligula, hendrerit at justo in, molestie viverra sapien. In \r\nplacerat sem risus, a convallis massa viverra nec. Vestibulum ante ipsum\r\n primis in faucibus orci luctus et ultrices posuere cubilia Curae; \r\nPraesent ac justo in orci aliquet lacinia ut vitae nibh. Quisque pretium\r\n quam nibh, imperdiet pulvinar ligula dictum id. In a auctor arcu. Fusce\r\n feugiat purus eget odio congue, mollis iaculis nulla tincidunt. Sed nec\r\n massa vulputate, pretium nisi malesuada, lacinia ligula.\r\n</span></p>\r\n<p>\r\nVestibulum eget tempor mauris. Praesent tincidunt enim eu massa \r\ntristique, pellentesque faucibus ipsum pharetra. Sed pulvinar convallis \r\ntortor eget placerat. Duis mattis tempus sollicitudin. Praesent eu porta\r\n libero, sed consectetur risus. Cum sociis natoque penatibus et magnis \r\ndis parturient montes, nascetur ridiculus mus. Duis vulputate, arcu nec \r\ntincidunt lacinia, mi velit malesuada sapien, a commodo lacus lacus sit \r\namet nisl. Donec rhoncus lectus sit amet sem dictum interdum. Vivamus \r\nlobortis tortor fringilla est gravida ultricies. Integer ut mauris quam.\r\n</p>', 'Lorem ipsum dolor sit amet, consectetur adipiscing elit. Suspendisse sollicitudin commodo cursus. Nunc varius accumsan ultrices. Quisque hendrerit mi id ullamcorper pretium. Lorem ipsum dolor sit amet, consectetur adipiscing elit.', 'Test novost', NULL),
(457, 169, 1, 'Agents', 'Agents', '<p>Agents listing with search and pagination support example...<br>\r\n</p>', 'Lorem ipsum dolor sit amet, consectetur adipiscing elit. Suspendisse sollicitudin commodo cursus. Nunc varius accumsan ultrices. Quisque hendrerit mi id ullamcorper pretium. Lorem ipsum dolor sit amet, consectetur adipiscing elit. Nam ac metus vitae nibh aliquet adipiscing quis at nibh. Nullam lacinia magna sed enim ullamcorper rutrum. Proin quis vulputate est. Duis vitae purus vel mauris rutrum bibendum eu sit amet erat. Vestibulum accumsan dapibus mauris, faucibus vehicula ipsum tempor pharetra. Sed porta, purus sit amet sollicitudin vestibulum, leo neque fringilla mauris, quis semper odio ante non arcu. Suspendisse porttitor mollis nisi, eu imperdiet eros condimentum at. Nunc tempor sodales suscipit.\r\n\r\nSed sed mollis nunc. Interdum et malesuada fames ac ante ipsum primis in faucibus. Proin luctus semper eros, quis egestas leo. Pellentesque risus felis, vulputate eu massa et, rhoncus molestie dui. Vivamus malesuada dui nec cursus lobortis. Donec augue tortor, accumsan id lacus quis, suscipit ullamcorper dolor. Nunc ullamcorper elit suscipit, mollis tortor in, pharetra purus. Sed dapibus dolor mauris, quis elementum arcu auctor id. Maecenas eget orci in lacus vestibulum vehicula. Pellentesque et felis eget diam hendrerit ultricies. Quisque sit amet tellus odio. Nulla pharetra turpis non turpis molestie, suscipit tincidunt nisl lobortis. In eget porttitor libero. Proin non bibendum nisi, vitae volutpat nisl. Vivamus pretium scelerisque risus, non tristique arcu cursus eu. Cras velit lacus, venenatis ut mi malesuada, dapibus viverra nisi.', '', 'agents'),
(458, 169, 2, 'Agenti', 'Agenti', '<p>\r\nLorem ipsum dolor sit amet, consectetur adipiscing elit. Suspendisse \r\nsollicitudin commodo cursus. Nunc varius accumsan ultrices. Quisque \r\nhendrerit mi id ullamcorper pretium. Lorem ipsum dolor sit amet, \r\nconsectetur adipiscing elit. Nam ac metus vitae nibh aliquet adipiscing \r\nquis at nibh. Nullam lacinia magna sed enim ullamcorper rutrum. Proin \r\nquis vulputate est. Duis vitae purus vel mauris rutrum bibendum eu sit \r\namet erat. Vestibulum accumsan dapibus mauris, faucibus vehicula ipsum \r\ntempor pharetra. Sed porta, purus sit amet sollicitudin vestibulum, leo \r\nneque fringilla mauris, quis semper odio ante non arcu. Suspendisse \r\nporttitor mollis nisi, eu imperdiet eros condimentum at. Nunc tempor \r\nsodales suscipit.\r\n</p>\r\n<p>\r\n<span style="font-weight: bold;">Sed sed mollis nunc. Interdum et malesuada fames ac ante ipsum primis in\r\n faucibus. Proin luctus semper eros, quis egestas leo. Pellentesque \r\nrisus felis, vulputate eu massa et, rhoncus molestie dui. Vivamus \r\nmalesuada dui nec cursus lobortis. Donec augue tortor, accumsan id lacus\r\n quis, suscipit ullamcorper dolor. Nunc ullamcorper elit suscipit, \r\nmollis tortor in, pharetra purus. Sed dapibus dolor mauris, quis \r\nelementum arcu auctor id. Maecenas eget orci in lacus vestibulum \r\nvehicula. Pellentesque et felis eget diam hendrerit ultricies. Quisque \r\nsit amet tellus odio. Nulla pharetra turpis non turpis molestie, \r\nsuscipit tincidunt nisl lobortis. In eget porttitor libero. Proin non \r\nbibendum nisi, vitae volutpat nisl. Vivamus pretium scelerisque risus, \r\nnon tristique arcu cursus eu. Cras velit lacus, venenatis ut mi \r\nmalesuada, dapibus viverra nisi.\r\n</span></p>', 'Lorem ipsum dolor sit amet, consectetur adipiscing elit. Suspendisse sollicitudin commodo cursus. Nunc varius accumsan ultrices. Quisque hendrerit mi id ullamcorper pretium. Lorem ipsum dolor sit amet, consectetur adipiscing elit. Nam ac metus vitae nibh aliquet adipiscing quis at nibh. Nullam lacinia magna sed enim ullamcorper rutrum. Proin quis vulputate est. Duis vitae purus vel mauris rutrum bibendum eu sit amet erat. Vestibulum accumsan dapibus mauris, faucibus vehicula ipsum tempor pharetra. Sed porta, purus sit amet sollicitudin vestibulum, leo neque fringilla mauris, quis semper odio ante non arcu. Suspendisse porttitor mollis nisi, eu imperdiet eros condimentum at. Nunc tempor sodales suscipit.\r\n\r\nSed sed mollis nunc. Interdum et malesuada fames ac ante ipsum primis in faucibus. Proin luctus semper eros, quis egestas leo. Pellentesque risus felis, vulputate eu massa et, rhoncus molestie dui. Vivamus malesuada dui nec cursus lobortis. Donec augue tortor, accumsan id lacus quis, suscipit ullamcorper dolor. Nunc ullamcorper elit suscipit, mollis tortor in, pharetra purus. Sed dapibus dolor mauris, quis elementum arcu auctor id. Maecenas eget orci in lacus vestibulum vehicula. Pellentesque et felis eget diam hendrerit ultricies. Quisque sit amet tellus odio. Nulla pharetra turpis non turpis molestie, suscipit tincidunt nisl lobortis. In eget porttitor libero. Proin non bibendum nisi, vitae volutpat nisl. Vivamus pretium scelerisque risus, non tristique arcu cursus eu. Cras velit lacus, venenatis ut mi malesuada, dapibus viverra nisi.', '', 'agenti'),
(459, 147, 1, 'Featured', 'Featured', 'Featured properties example', 'Featured properties example', 'Featured', 'featured'),
(460, 147, 2, 'Izdvojene', 'Izdvojene', 'Izdvojene nekretnine', 'Izdvojene nekretnine', 'Izdvojene', 'izdvojene'),
(463, 142, 1, 'Test page', 'Blog page', '<span style="font-weight: bold;">Nam eget est facilisis, porta mi \r\nac, ultricies enim. Proin nisi diam, eleifend ac eleifend in, dapibus in\r\n orci. Vestibulum elementum lectus non nisl venenatis, tempus molestie \r\nnisi tempus. Pellentesque facilisis nibh nec purus blandit, id aliquam \r\nlorem fermentum.\r\n</span>', 'Nam eget est facilisis, porta mi ac, ultricies enim. Proin nisi diam, eleifend ac eleifend in, dapibus in orci. Vestibulum elementum lectus non nisl venenatis, tempus molestie nisi tempus. Pellentesque facilisis nibh nec purus blandit, id aliquam lorem fermentum.', 'test', 'test-page'),
(464, 142, 2, 'Test stranica', 'Blog stranica', '<span style="font-weight: bold;">Nam eget est facilisis, porta mi \r\nac, ultricies enim. Proin nisi diam, eleifend ac eleifend in, dapibus in\r\n orci. Vestibulum elementum lectus non nisl venenatis, tempus molestie \r\nnisi tempus. Pellentesque facilisis nibh nec purus blandit, id aliquam \r\nlorem fermentum.\r\n</span>', 'Nam eget est facilisis, porta mi ac, ultricies enim. Proin nisi diam, eleifend ac eleifend in, dapibus in orci. Vestibulum elementum lectus non nisl venenatis, tempus molestie nisi tempus. Pellentesque facilisis nibh nec purus blandit, id aliquam lorem fermentum.', 'test', 'test-stranica'),
(465, 145, 1, 'Fullscreen', 'Full', 'Fullscreen<br>', 'Fullscreen', 'Fullscreen', 'fullscreen'),
(466, 145, 2, 'Puni zaslon', 'Full', 'Puni zaslon', 'Puni zaslon', 'Puni zaslon', 'puni-zaslon'),
(467, 143, 1, 'Custom search', 'Custom search', 'Custom search example page.<br>', 'Custom search example page', 'Custom search', 'custom-search'),
(468, 143, 2, 'Prilagođeni pretraživač', 'Prilagođeni pretraživač', 'Primjer stranice s prilagođenim pretraživačem.<br>', 'Prilagođeni pretraživač', 'Prilagođeni pretraživač', 'prilagodeni-pretrazivac'),
(475, 2, 1, 'Sale', 'Sale', '', '', '', 'sale'),
(476, 2, 2, 'Prodaja', 'Prodaja', '', '', '', 'prodaja'),
(477, 144, 1, 'Sale and Rent', 'Sale and Rent', '<br>', 'Sale and Rent', 'Sale and Rent', 'sale-and-rent'),
(478, 144, 2, 'Prodaja i najam', 'Prodaja i najam', '<br>', 'Prodaja i najam', 'Prodaja i najam', 'prodaja-i-najam'),
(479, 4, 1, 'Contact', 'Contact', '<span style="font-weight: bold;">Real estate point</span><br><span style="font-style: italic;"><span style="font-weight: bold;"><span><span>Real Estate Agency</span></span></span></span><br>Ilica 345<br>HR-10000 Zagreb<br><br><span style="font-weight: bold;"><span>Tel:</span></span> +385 (0)1 123 321<br><span style="font-weight: bold;"><span>Fax:</span></span> +385 (0)1 123 322<br><span style="font-weight: bold;"><span>Mail:</span></span> info@info.info', 'Short description', 'Contact', 'contact'),
(480, 4, 2, 'Kontakt', 'Kontakt', '<span style="font-weight: bold;">Real estate point</span><br><span style="font-style: italic;"><span style="font-weight: bold;"><span><span>Real Estate Agency</span></span></span></span><br>Ilica 345<br>HR-10000 Zagreb<br><br><span style="font-weight: bold;"><span bold;"="">Tel:</span></span> +385 (0)1 123 321<br><span style="font-weight: bold;"><span bold;"="">Fax:</span></span> +385 (0)1 123 322<br><span style="font-weight: bold;"><span bold;"="">Mail:</span></span> info@info.info', 'Kratki opis', 'Kontakt', 'kontakt'),
(491, 3, 1, 'Rent', 'Rent', '', '', '', 'rent'),
(492, 3, 2, 'Najam', 'Najam', '', '', 'najam,apartman', 'najam'),
(503, 173, 1, 'Treefield sitemap', 'Treefield sitemap', '<h3>Neighborhood Sitemap</h3>', 'Sitemap', 'Sitemap', 'sitemap'),
(504, 173, 2, 'Treefield sitemap', 'Treefield sitemap', '<h3>Neighborhood Sitemap</h3>', 'Sitemap', 'Sitemap', 'sitemap1'),
(513, 1, 1, 'Homepage', 'Homepage', '<div class="row">\r\n    <div class="span1"><img src="assets/img/multilangual.png"></div>\r\n    <div class="span3">\r\n<h4>Native Multilangual</h4>\r\nNatively multilingual, no need to install any addon.\r\nEvery element can be translated and you can add as many languages as you want.\r\n</div>\r\n    <div class="span1"><img src="assets/img/easy_customize.png"></div>\r\n    <div class="span3">\r\n<h4>Easy to customize</h4>\r\nApplication is based on CodeIgniter PHP framework, if you know CodeIgniter you can easily customize the system.\r\n</div>\r\n    <div class="span1"><img src="assets/img/bootstrap.png"></div>\r\n    <div class="span3">\r\n<h4>Bootstrap ready</h4>\r\nBackend and Frontend based on Bootstrap and are easy to customize.\r\n</div>\r\n</div>\r\n<div class="row">\r\n    <div class="span1"><img src="assets/img/drag-drop.png"></div>\r\n    <div class="span3">\r\n<h4>User friendly</h4>\r\nWebsite structure is logical.\r\nManaging elements such as pages, estates or images is easily done by drag''n''drop!\r\n</div>\r\n    <div class="span1"><img src="assets/img/template.png"></div>\r\n    <div class="span3">\r\n<h4>Template System</h4>\r\nEasy to use CodeIgniter Template Parser Class or alternative PHP syntax available.\r\n</div>\r\n    <div class="span1"><img src="assets/img/robust.png"></div>\r\n    <div class="span3">\r\n<h4>Robust</h4>\r\nBuild as easy to use and robust Metro style Admin user interface\r\n</div>\r\n</div>\r\n<p> </p><br>\r\n<p> </p>', '', '', 'homepage'),
(514, 1, 2, 'Naslovnica', 'Naslovnica', '<div class="row">\r\n    <div class="span1"><img src="assets/img/multilangual.png"></div>\r\n    <div class="span3">\r\n<h4>Prirodna višejezičnost</h4>\r\nPrirodno podržana višejezičnost, bez potrebe za dodacima.\r\nSvaki element može biti preveden i moguće je dodavati jezike po želji.\r\n</div>\r\n    <div class="span1"><img src="assets/img/easy_customize.png"></div>\r\n    <div class="span3">\r\n<h4>Prilagodljiv</h4>\r\nAplikacija bazirana na CodeIgniter PHP frameworku, ako ste upoznati s  CodeIgniterom lako ćete modificirati sustav.\r\n</div>\r\n    <div class="span1"><img src="assets/img/bootstrap.png"></div>\r\n    <div class="span3">\r\n<h4>Bootstrap ugrađen</h4>\r\nAdministracija i klijentska stranica bazirana na Boostrtapu i jednostavna za prilagodbu.\r\n</div>\r\n</div>\r\n<div class="row">\r\n    <div class="span1"><img src="assets/img/drag-drop.png"></div>\r\n    <div class="span3">\r\n<h4>Jednostavan<br></h4>\r\nStruktura webstranice jasna.\r\nUpravljanje elementima poput stranica, nekretninama ili slikama jednostavna pomoću drag''n''drop!\r\n</div>\r\n    <div class="span1"><img src="assets/img/template.png"></div>\r\n    <div class="span3">\r\n<h4>Sustav predložaka</h4>\r\nJednostavan CodeIgniter Template Parser Class ili alternativna PHP syntax-a podržana.\r\n</div>\r\n    <div class="span1"><img src="assets/img/robust.png"></div>\r\n    <div class="span3">\r\n<h4>Robustan</h4>\r\nRazvijen da buje jednostavan i izgledom robustan, ugrađeno Metro style Admin sučelje\r\n</div>\r\n</div>\r\n<p> </p><br>\r\n<p> </p>', '', '', 'naslovnica');
INSERT INTO `page_lang` (`id_page_lang`, `page_id`, `language_id`, `title`, `navigation_title`, `body`, `description`, `keywords`, `slug`) VALUES
(521, 5, 1, 'About us', 'About us', '<p>\r\nLorem ipsum dolor sit amet, consectetur adipiscing elit. Suspendisse \r\nsollicitudin commodo cursus. Nunc varius accumsan ultrices. Quisque \r\nhendrerit mi id ullamcorper pretium. Lorem ipsum dolor sit amet, \r\nconsectetur adipiscing elit. Nam ac metus vitae nibh aliquet adipiscing \r\nquis at nibh. Nullam lacinia magna sed enim ullamcorper rutrum. Proin \r\nquis vulputate est. Duis vitae purus vel mauris rutrum bibendum eu sit \r\namet erat. Vestibulum accumsan dapibus mauris, faucibus vehicula ipsum \r\ntempor pharetra. Sed porta, purus sit amet sollicitudin vestibulum, leo \r\nneque fringilla mauris, quis semper odio ante non arcu. Suspendisse \r\nporttitor mollis nisi, eu imperdiet eros condimentum at. Nunc tempor \r\nsodales suscipit.\r\n</p>\r\n<p>\r\n<span style="font-weight: bold;">Sed sed mollis nunc. Interdum et malesuada fames ac ante ipsum primis in\r\n faucibus. Proin luctus semper eros, quis egestas leo. Pellentesque \r\nrisus felis, vulputate eu massa et, rhoncus molestie dui. Vivamus \r\nmalesuada dui nec cursus lobortis. Donec augue tortor, accumsan id lacus\r\n quis, suscipit ullamcorper dolor. Nunc ullamcorper elit suscipit, \r\nmollis tortor in, pharetra purus. Sed dapibus dolor mauris, quis \r\nelementum arcu auctor id. Maecenas eget orci in lacus vestibulum \r\nvehicula. Pellentesque et felis eget diam hendrerit ultricies. Quisque \r\nsit amet tellus odio. Nulla pharetra turpis non turpis molestie, \r\nsuscipit tincidunt nisl lobortis. In eget porttitor libero. Proin non \r\nbibendum nisi, vitae volutpat nisl. Vivamus pretium scelerisque risus, \r\nnon tristique arcu cursus eu. Cras velit lacus, venenatis ut mi \r\nmalesuada, dapibus viverra nisi.\r\n</span></p>\r\n<p>\r\n<span style="font-style: italic;">Aliquam dapibus lorem vitae leo euismod commodo. Cras porttitor leo \r\neleifend velit malesuada pretium. Praesent ac auctor purus. Mauris \r\nligula ligula, hendrerit at justo in, molestie viverra sapien. In \r\nplacerat sem risus, a convallis massa viverra nec. Vestibulum ante ipsum\r\n primis in faucibus orci luctus et ultrices posuere cubilia Curae; \r\nPraesent ac justo in orci aliquet lacinia ut vitae nibh. Quisque pretium\r\n quam nibh, imperdiet pulvinar ligula dictum id. In a auctor arcu. Fusce\r\n feugiat purus eget odio congue, mollis iaculis nulla tincidunt. Sed nec\r\n massa vulputate, pretium nisi malesuada, lacinia ligula.\r\n</span></p>\r\n<p>\r\nVestibulum eget tempor mauris. Praesent tincidunt enim eu massa \r\ntristique, pellentesque faucibus ipsum pharetra. Sed pulvinar convallis \r\ntortor eget placerat. Duis mattis tempus sollicitudin. Praesent eu porta\r\n libero, sed consectetur risus. Cum sociis natoque penatibus et magnis \r\ndis parturient montes, nascetur ridiculus mus. Duis vulputate, arcu nec \r\ntincidunt lacinia, mi velit malesuada sapien, a commodo lacus lacus sit \r\namet nisl. Donec rhoncus lectus sit amet sem dictum interdum. Vivamus \r\nlobortis tortor fringilla est gravida ultricies. Integer ut mauris quam.\r\n</p><p><br></p><p>Test</p>', 'Lorem ipsum dolor sit amet, consectetur adipiscing elit. Suspendisse sollicitudin commodo cursus. Nunc varius accumsan ultrices.', 'About us', 'about-us'),
(522, 5, 2, 'O nama', 'O nama', '<p>\r\nLorem ipsum dolor sit amet, consectetur adipiscing elit. Suspendisse \r\nsollicitudin commodo cursus. Nunc varius accumsan ultrices. Quisque \r\nhendrerit mi id ullamcorper pretium. Lorem ipsum dolor sit amet, \r\nconsectetur adipiscing elit. Nam ac metus vitae nibh aliquet adipiscing \r\nquis at nibh. Nullam lacinia magna sed enim ullamcorper rutrum. Proin \r\nquis vulputate est. Duis vitae purus vel mauris rutrum bibendum eu sit \r\namet erat. Vestibulum accumsan dapibus mauris, faucibus vehicula ipsum \r\ntempor pharetra. Sed porta, purus sit amet sollicitudin vestibulum, leo \r\nneque fringilla mauris, quis semper odio ante non arcu. Suspendisse \r\nporttitor mollis nisi, eu imperdiet eros condimentum at. Nunc tempor \r\nsodales suscipit.\r\n</p>\r\n<p>\r\n<span style="font-weight: bold;">Sed sed mollis nunc. Interdum et malesuada fames ac ante ipsum primis in\r\n faucibus. Proin luctus semper eros, quis egestas leo. Pellentesque \r\nrisus felis, vulputate eu massa et, rhoncus molestie dui. Vivamus \r\nmalesuada dui nec cursus lobortis. Donec augue tortor, accumsan id lacus\r\n quis, suscipit ullamcorper dolor. Nunc ullamcorper elit suscipit, \r\nmollis tortor in, pharetra purus. Sed dapibus dolor mauris, quis \r\nelementum arcu auctor id. Maecenas eget orci in lacus vestibulum \r\nvehicula. Pellentesque et felis eget diam hendrerit ultricies. Quisque \r\nsit amet tellus odio. Nulla pharetra turpis non turpis molestie, \r\nsuscipit tincidunt nisl lobortis. In eget porttitor libero. Proin non \r\nbibendum nisi, vitae volutpat nisl. Vivamus pretium scelerisque risus, \r\nnon tristique arcu cursus eu. Cras velit lacus, venenatis ut mi \r\nmalesuada, dapibus viverra nisi.\r\n</span></p>\r\n<p>\r\n<span style="font-style: italic;">Aliquam dapibus lorem vitae leo euismod commodo. Cras porttitor leo \r\neleifend velit malesuada pretium. Praesent ac auctor purus. Mauris \r\nligula ligula, hendrerit at justo in, molestie viverra sapien. In \r\nplacerat sem risus, a convallis massa viverra nec. Vestibulum ante ipsum\r\n primis in faucibus orci luctus et ultrices posuere cubilia Curae; \r\nPraesent ac justo in orci aliquet lacinia ut vitae nibh. Quisque pretium\r\n quam nibh, imperdiet pulvinar ligula dictum id. In a auctor arcu. Fusce\r\n feugiat purus eget odio congue, mollis iaculis nulla tincidunt. Sed nec\r\n massa vulputate, pretium nisi malesuada, lacinia ligula.\r\n</span></p>\r\n<p>\r\nVestibulum eget tempor mauris. Praesent tincidunt enim eu massa \r\ntristique, pellentesque faucibus ipsum pharetra. Sed pulvinar convallis \r\ntortor eget placerat. Duis mattis tempus sollicitudin. Praesent eu porta\r\n libero, sed consectetur risus. Cum sociis natoque penatibus et magnis \r\ndis parturient montes, nascetur ridiculus mus. Duis vulputate, arcu nec \r\ntincidunt lacinia, mi velit malesuada sapien, a commodo lacus lacus sit \r\namet nisl. Donec rhoncus lectus sit amet sem dictum interdum. Vivamus \r\nlobortis tortor fringilla est gravida ultricies. Integer ut mauris quam.\r\n</p>', 'Lorem ipsum dolor sit amet, consectetur adipiscing elit. Suspendisse sollicitudin commodo cursus. Nunc varius accumsan ultrices.', 'O nama', 'o-nama'),
(537, 6, 1, 'Map', 'Map', '<div class="row">\r\n    <div class="span1"><img src="assets/img/multilangual.png"></div>\r\n    <div class="span3">\r\n<h4>Native Multilangual</h4>\r\nNatively multilingual, no need to install any addon.\r\nEvery element can be translated and you can add as many languages as you want.\r\n</div>\r\n    <div class="span1"><img src="assets/img/easy_customize.png"></div>\r\n    <div class="span3">\r\n<h4>Easy to customize</h4>\r\nApplication is based on CodeIgniter PHP framework, if you know CodeIgniter you can easily customize the system.\r\n</div>\r\n    <div class="span1"><img src="assets/img/bootstrap.png"></div>\r\n    <div class="span3">\r\n<h4>Bootstrap ready</h4>\r\nBackend and Frontend based on Bootstrap and are easy to customize.\r\n</div>\r\n</div>\r\n<div class="row">\r\n    <div class="span1"><img src="assets/img/drag-drop.png"></div>\r\n    <div class="span3">\r\n<h4>User friendly</h4>\r\nWebsite structure is logical.\r\nManaging elements such as pages, estates or images is easily done by drag''n''drop!\r\n</div>\r\n    <div class="span1"><img src="assets/img/template.png"></div>\r\n    <div class="span3">\r\n<h4>Template System</h4>\r\nEasy to use CodeIgniter Template Parser Class or alternative PHP syntax available.\r\n</div>\r\n    <div class="span1"><img src="assets/img/robust.png"></div>\r\n    <div class="span3">\r\n<h4>Robust</h4>\r\nBuild as easy to use and robust Metro style Admin user interface\r\n</div>\r\n</div>\r\n<p> </p><br>\r\n<p> </p>', '', 'Map', 'map'),
(538, 6, 2, 'Karta', 'Karta', '<div class="row">\r\n    <div class="span1"><img src="assets/img/multilangual.png"></div>\r\n    <div class="span3">\r\n<h4>Prirodna višejezičnost</h4>\r\nPrirodno podržana višejezičnost, bez potrebe za dodacima.\r\nSvaki element može biti preveden i moguće je dodavati jezike po želji.\r\n</div>\r\n    <div class="span1"><img src="assets/img/easy_customize.png"></div>\r\n    <div class="span3">\r\n<h4>Prilagodljiv</h4>\r\nAplikacija bazirana na CodeIgniter PHP frameworku, ako ste upoznati s  CodeIgniterom lako ćete modificirati sustav.\r\n</div>\r\n    <div class="span1"><img src="assets/img/bootstrap.png"></div>\r\n    <div class="span3">\r\n<h4>Bootstrap ugrađen</h4>\r\nAdministracija i klijentska stranica bazirana na Boostrtapu i jednostavna za prilagodbu.\r\n</div>\r\n</div>\r\n<div class="row">\r\n    <div class="span1"><img src="assets/img/drag-drop.png"></div>\r\n    <div class="span3">\r\n<h4>Jednostavan<br></h4>\r\nStruktura webstranice jasna.\r\nUpravljanje elementima poput stranica, nekretninama ili slikama jednostavna pomoću drag''n''drop!\r\n</div>\r\n    <div class="span1"><img src="assets/img/template.png"></div>\r\n    <div class="span3">\r\n<h4>Sustav predložaka</h4>\r\nJednostavan CodeIgniter Template Parser Class ili alternativna PHP syntax-a podržana.\r\n</div>\r\n    <div class="span1"><img src="assets/img/robust.png"></div>\r\n    <div class="span3">\r\n<h4>Robustan</h4>\r\nRazvijen da buje jednostavan i izgledom robustan, ugrađeno Metro style Admin sučelje\r\n</div>\r\n</div>\r\n<p> </p><br>\r\n<p> </p>', '', 'Karta', 'karta');

DROP TABLE IF EXISTS `payments`;
CREATE TABLE IF NOT EXISTS `payments` (
`id` int(11) NOT NULL,
  `date_paid` datetime DEFAULT NULL,
  `invoice_num` varchar(45) COLLATE utf8_unicode_ci DEFAULT NULL,
  `data_post` text COLLATE utf8_unicode_ci,
  `payer_id` varchar(100) COLLATE utf8_unicode_ci DEFAULT NULL,
  `txn_id` varchar(100) COLLATE utf8_unicode_ci DEFAULT NULL,
  `paid` varchar(45) COLLATE utf8_unicode_ci DEFAULT NULL,
  `currency_code` varchar(45) COLLATE utf8_unicode_ci DEFAULT NULL,
  `payer_email` varchar(100) COLLATE utf8_unicode_ci DEFAULT NULL,
  `listing_id` int(11) DEFAULT NULL,
  `payment_gateway` varchar(45) COLLATE utf8_unicode_ci DEFAULT NULL,
  `user_id` int(11) DEFAULT NULL,
  `package_id` int(11) DEFAULT NULL,
  `reservation_id` int(11) DEFAULT NULL
) ENGINE=InnoDB  DEFAULT CHARSET=utf8 COLLATE=utf8_unicode_ci AUTO_INCREMENT=7 ;

INSERT INTO `payments` (`id`, `date_paid`, `invoice_num`, `data_post`, `payer_id`, `txn_id`, `paid`, `currency_code`, `payer_email`, `listing_id`, `payment_gateway`, `user_id`, `package_id`, `reservation_id`) VALUES
(1, '2014-06-03 21:30:22', '', '', NULL, NULL, NULL, NULL, NULL, NULL, NULL, NULL, NULL, NULL),
(2, '2014-06-03 21:56:45', '', 'Array\n(\n    [mc_gross] => 2.99\n    [invoice] => 12373469\n    [protection_eligibility] => Eligible\n    [address_status] => confirmed\n    [item_number1] => \n    [payer_id] => ER2LXCHKVY38Q\n    [tax] => 0.00\n    [address_street] => 1 Main St\n    [payment_date] => 12:56:41 Jun 03, 2014 PDT\n    [payment_status] => Completed\n    [charset] => windows-1252\n    [address_zip] => 95131\n    [mc_shipping] => 0.00\n    [mc_handling] => 0.00\n    [first_name] => Info\n    [mc_fee] => 0.39\n    [address_country_code] => US\n    [address_name] => Info Winter\n    [notify_version] => 3.8\n    [custom] => \n    [payer_status] => verified\n    [business] => sandi@iwinter.com.hr\n    [address_country] => United States\n    [num_cart_items] => 1\n    [mc_handling1] => 0.00\n    [address_city] => San Jose\n    [verify_sign] => AI36sk2Aln3iC.t.mla1wMizPRcQA8RKkhVgDKLdhbV.2hZelzrKnqbO\n    [payer_email] => info@iwinter.com.hr\n    [mc_shipping1] => 0.00\n    [tax1] => 0.00\n    [txn_id] => 5NJ254081K680701C\n    [payment_type] => instant\n    [last_name] => Winter\n    [address_state] => CA\n    [item_name1] => T-shirt\n    [receiver_email] => sandi@iwinter.com.hr\n    [payment_fee] => 0.39\n    [quantity1] => 1\n    [receiver_id] => S63XQYGHM4X8N\n    [txn_type] => cart\n    [mc_gross_1] => 2.99\n    [mc_currency] => USD\n    [residence_country] => US\n    [test_ipn] => 1\n    [transaction_subject] => \n    [payment_gross] => 2.99\n    [ipn_track_id] => 9d77baf4e8f10\n)\n', NULL, NULL, NULL, NULL, NULL, NULL, NULL, NULL, NULL, NULL),
(3, '2014-06-03 22:39:44', '7', 'a:47:{s:8:"mc_gross";s:5:"20.00";s:7:"invoice";s:1:"7";s:22:"protection_eligibility";s:8:"Eligible";s:14:"address_status";s:9:"confirmed";s:12:"item_number1";s:0:"";s:8:"payer_id";s:13:"ER2LXCHKVY38Q";s:3:"tax";s:4:"0.00";s:14:"address_street";s:9:"1 Main St";s:12:"payment_date";s:25:"13:34:39 Jun 03, 2014 PDT";s:14:"payment_status";s:9:"Completed";s:7:"charset";s:12:"windows-1252";s:11:"address_zip";s:5:"95131";s:11:"mc_shipping";s:4:"0.00";s:11:"mc_handling";s:4:"0.00";s:10:"first_name";s:4:"Info";s:6:"mc_fee";s:4:"0.88";s:20:"address_country_code";s:2:"US";s:12:"address_name";s:11:"Info Winter";s:14:"notify_version";s:3:"3.8";s:6:"custom";s:0:"";s:12:"payer_status";s:8:"verified";s:8:"business";s:20:"sandi@iwinter.com.hr";s:15:"address_country";s:13:"United States";s:14:"num_cart_items";s:1:"1";s:12:"mc_handling1";s:4:"0.00";s:12:"address_city";s:8:"San Jose";s:11:"verify_sign";s:56:"A9LC3Qajo-H2V8mPq4eIktgPvG2RAQNl0qNtJ0agOtDs9xL3UMse9O06";s:11:"payer_email";s:19:"info@iwinter.com.hr";s:12:"mc_shipping1";s:4:"0.00";s:4:"tax1";s:4:"0.00";s:6:"txn_id";s:17:"38791587ML480703S";s:12:"payment_type";s:7:"instant";s:9:"last_name";s:6:"Winter";s:13:"address_state";s:2:"CA";s:10:"item_name1";s:14:"Reservation #7";s:14:"receiver_email";s:20:"sandi@iwinter.com.hr";s:11:"payment_fee";s:4:"0.88";s:9:"quantity1";s:1:"1";s:11:"receiver_id";s:13:"S63XQYGHM4X8N";s:8:"txn_type";s:4:"cart";s:10:"mc_gross_1";s:5:"20.00";s:11:"mc_currency";s:3:"USD";s:17:"residence_country";s:2:"US";s:8:"test_ipn";s:1:"1";s:19:"transaction_subject";s:0:"";s:13:"payment_gross";s:5:"20.00";s:12:"ipn_track_id";s:13:"631f1117659b2";}', 'ER2LXCHKVY38Q', '38791587ML480703S', '20.00', 'USD', 'info@iwinter.com.hr', NULL, NULL, NULL, NULL, NULL),
(4, '2014-06-03 22:42:41', '7_RES_20.00', 'a:47:{s:8:"mc_gross";s:5:"20.00";s:7:"invoice";s:7:"7_20.00";s:22:"protection_eligibility";s:8:"Eligible";s:14:"address_status";s:9:"confirmed";s:12:"item_number1";s:0:"";s:8:"payer_id";s:13:"ER2LXCHKVY38Q";s:3:"tax";s:4:"0.00";s:14:"address_street";s:9:"1 Main St";s:12:"payment_date";s:25:"13:42:39 Jun 03, 2014 PDT";s:14:"payment_status";s:9:"Completed";s:7:"charset";s:12:"windows-1252";s:11:"address_zip";s:5:"95131";s:11:"mc_shipping";s:4:"0.00";s:11:"mc_handling";s:4:"0.00";s:10:"first_name";s:4:"Info";s:6:"mc_fee";s:4:"0.88";s:20:"address_country_code";s:2:"US";s:12:"address_name";s:11:"Info Winter";s:14:"notify_version";s:3:"3.8";s:6:"custom";s:0:"";s:12:"payer_status";s:8:"verified";s:8:"business";s:20:"sandi@iwinter.com.hr";s:15:"address_country";s:13:"United States";s:14:"num_cart_items";s:1:"1";s:12:"mc_handling1";s:4:"0.00";s:12:"address_city";s:8:"San Jose";s:11:"verify_sign";s:56:"AwD4sJJmdrzDKNGw7KMAMuZSx1AHAeHkTMI1NDF3NgxE8tGDW8SfkKVk";s:11:"payer_email";s:19:"info@iwinter.com.hr";s:12:"mc_shipping1";s:4:"0.00";s:4:"tax1";s:4:"0.00";s:6:"txn_id";s:17:"70D58185F3775394K";s:12:"payment_type";s:7:"instant";s:9:"last_name";s:6:"Winter";s:13:"address_state";s:2:"CA";s:10:"item_name1";s:14:"Reservation #7";s:14:"receiver_email";s:20:"sandi@iwinter.com.hr";s:11:"payment_fee";s:4:"0.88";s:9:"quantity1";s:1:"1";s:11:"receiver_id";s:13:"S63XQYGHM4X8N";s:8:"txn_type";s:4:"cart";s:10:"mc_gross_1";s:5:"20.00";s:11:"mc_currency";s:3:"USD";s:17:"residence_country";s:2:"US";s:8:"test_ipn";s:1:"1";s:19:"transaction_subject";s:0:"";s:13:"payment_gross";s:5:"20.00";s:12:"ipn_track_id";s:13:"416b011ce481b";}', 'ER2LXCHKVY38Q', '70D58185F3775394K', '20.00', 'USD', 'info@iwinter.com.hr', NULL, NULL, NULL, NULL, NULL),
(5, '2014-06-03 22:48:52', '7_RES_20.001977', 'a:47:{s:8:"mc_gross";s:5:"20.00";s:7:"invoice";s:11:"7_20.001977";s:22:"protection_eligibility";s:8:"Eligible";s:14:"address_status";s:9:"confirmed";s:12:"item_number1";s:0:"";s:8:"payer_id";s:13:"ER2LXCHKVY38Q";s:3:"tax";s:4:"0.00";s:14:"address_street";s:9:"1 Main St";s:12:"payment_date";s:25:"13:48:48 Jun 03, 2014 PDT";s:14:"payment_status";s:9:"Completed";s:7:"charset";s:12:"windows-1252";s:11:"address_zip";s:5:"95131";s:11:"mc_shipping";s:4:"0.00";s:11:"mc_handling";s:4:"0.00";s:10:"first_name";s:4:"Info";s:6:"mc_fee";s:4:"0.88";s:20:"address_country_code";s:2:"US";s:12:"address_name";s:11:"Info Winter";s:14:"notify_version";s:3:"3.8";s:6:"custom";s:0:"";s:12:"payer_status";s:8:"verified";s:8:"business";s:20:"sandi@iwinter.com.hr";s:15:"address_country";s:13:"United States";s:14:"num_cart_items";s:1:"1";s:12:"mc_handling1";s:4:"0.00";s:12:"address_city";s:8:"San Jose";s:11:"verify_sign";s:56:"AfQuzaSFrGvt6rtvRwD4hrYb.JzkABhsZbG6RzQEHrWRVQMU4alyRccb";s:11:"payer_email";s:19:"info@iwinter.com.hr";s:12:"mc_shipping1";s:4:"0.00";s:4:"tax1";s:4:"0.00";s:6:"txn_id";s:17:"4WD08916J6958874J";s:12:"payment_type";s:7:"instant";s:9:"last_name";s:6:"Winter";s:13:"address_state";s:2:"CA";s:10:"item_name1";s:14:"Reservation #7";s:14:"receiver_email";s:20:"sandi@iwinter.com.hr";s:11:"payment_fee";s:4:"0.88";s:9:"quantity1";s:1:"1";s:11:"receiver_id";s:13:"S63XQYGHM4X8N";s:8:"txn_type";s:4:"cart";s:10:"mc_gross_1";s:5:"20.00";s:11:"mc_currency";s:3:"USD";s:17:"residence_country";s:2:"US";s:8:"test_ipn";s:1:"1";s:19:"transaction_subject";s:0:"";s:13:"payment_gross";s:5:"20.00";s:12:"ipn_track_id";s:13:"e5522708d8525";}', 'ER2LXCHKVY38Q', '4WD08916J6958874J', '20.00', 'USD', 'info@iwinter.com.hr', NULL, NULL, NULL, NULL, NULL),
(6, '2014-06-03 22:52:59', '7_RES_80.006907', 'a:47:{s:8:"mc_gross";s:5:"80.00";s:7:"invoice";s:11:"7_80.006907";s:22:"protection_eligibility";s:8:"Eligible";s:14:"address_status";s:9:"confirmed";s:12:"item_number1";s:0:"";s:8:"payer_id";s:13:"ER2LXCHKVY38Q";s:3:"tax";s:4:"0.00";s:14:"address_street";s:9:"1 Main St";s:12:"payment_date";s:25:"13:52:57 Jun 03, 2014 PDT";s:14:"payment_status";s:9:"Completed";s:7:"charset";s:12:"windows-1252";s:11:"address_zip";s:5:"95131";s:11:"mc_shipping";s:4:"0.00";s:11:"mc_handling";s:4:"0.00";s:10:"first_name";s:4:"Info";s:6:"mc_fee";s:4:"2.62";s:20:"address_country_code";s:2:"US";s:12:"address_name";s:11:"Info Winter";s:14:"notify_version";s:3:"3.8";s:6:"custom";s:0:"";s:12:"payer_status";s:8:"verified";s:8:"business";s:20:"sandi@iwinter.com.hr";s:15:"address_country";s:13:"United States";s:14:"num_cart_items";s:1:"1";s:12:"mc_handling1";s:4:"0.00";s:12:"address_city";s:8:"San Jose";s:11:"verify_sign";s:56:"AqJ-WZNVutuNierV3LZLs1Y1IawwAeAS8108YGtXxNytUpVrTq49CqhV";s:11:"payer_email";s:19:"info@iwinter.com.hr";s:12:"mc_shipping1";s:4:"0.00";s:4:"tax1";s:4:"0.00";s:6:"txn_id";s:17:"64V66530TY4484937";s:12:"payment_type";s:7:"instant";s:9:"last_name";s:6:"Winter";s:13:"address_state";s:2:"CA";s:10:"item_name1";s:14:"Reservation #7";s:14:"receiver_email";s:20:"sandi@iwinter.com.hr";s:11:"payment_fee";s:4:"2.62";s:9:"quantity1";s:1:"1";s:11:"receiver_id";s:13:"S63XQYGHM4X8N";s:8:"txn_type";s:4:"cart";s:10:"mc_gross_1";s:5:"80.00";s:11:"mc_currency";s:3:"USD";s:17:"residence_country";s:2:"US";s:8:"test_ipn";s:1:"1";s:19:"transaction_subject";s:0:"";s:13:"payment_gross";s:5:"80.00";s:12:"ipn_track_id";s:13:"35c5c566e12d4";}', 'ER2LXCHKVY38Q', '64V66530TY4484937', '80.00', 'USD', 'info@iwinter.com.hr', NULL, NULL, NULL, NULL, NULL);

DROP TABLE IF EXISTS `property`;
CREATE TABLE IF NOT EXISTS `property` (
`id` int(11) NOT NULL,
  `gps` varchar(100) COLLATE utf8_unicode_ci DEFAULT NULL,
  `lat` decimal(9,6) DEFAULT NULL,
  `lng` decimal(9,6) DEFAULT NULL,
  `date` datetime DEFAULT NULL,
  `date_modified` datetime DEFAULT NULL,
  `address` varchar(200) COLLATE utf8_unicode_ci DEFAULT NULL,
  `type` varchar(45) COLLATE utf8_unicode_ci DEFAULT NULL COMMENT 'housing\nhouse\nland\nbusiness premises',
  `repository_id` int(11) DEFAULT NULL,
  `is_featured` tinyint(1) DEFAULT '0',
  `search_values` text COLLATE utf8_unicode_ci,
  `is_activated` tinyint(1) DEFAULT '1',
  `activation_paid_date` datetime DEFAULT NULL,
  `featured_paid_date` datetime DEFAULT NULL,
  `counter_views` int(11) DEFAULT '0',
  `image_filename` varchar(200) COLLATE utf8_unicode_ci DEFAULT NULL,
  `image_repository` text COLLATE utf8_unicode_ci
) ENGINE=InnoDB  DEFAULT CHARSET=utf8 COLLATE=utf8_unicode_ci AUTO_INCREMENT=31 ;

INSERT INTO `property` (`id`, `gps`, `lat`, `lng`, `date`, `date_modified`, `address`, `type`, `repository_id`, `is_featured`, `search_values`, `is_activated`, `activation_paid_date`, `featured_paid_date`, `counter_views`, `image_filename`, `image_repository`) VALUES
(7, '45.8642778, 15.985132953442', '45.864278', '15.985133', '2013-12-30 17:41:01', '2014-12-28 19:01:06', 'Bliznec 34z, Zagreb', NULL, 27, 0, 'id: 7Bliznec 34z, Zagreb Spa Bliznec new commercial   Sale and Rent Commercial property Zagreb Zagreb   Less than 50m2 33 B 5 5 12 50000  500 Agent  80 30 SKIP_ON_EMPTY   SKIP_ON_EMPTY       trueAir conditioning trueHeating trueInternet  trueBalcony trueLift trueGrill truePool trueParking  1500 1500          Toplice Bliznec novo commercial   Prodaja i najam Poslovni prostor Zagreb Zagreb   Više od 100m2 33 B 5 5 12 40000  400 Agent    SKIP_ON_EMPTY   SKIP_ON_EMPTY       trueKlimatizacija trueGrijanje trueInternet  trueBalkon trueDizalo trueRoštilj trueBazen trueParking  1500 1500         ', 1, NULL, NULL, 9, '386182116_5e4c8542ab_b.jpg', '["386182116_5e4c8542ab_b.jpg","386178827_b3f160ebbf_b.jpg","386178836_d28b943063_b.jpg","386178822_3fef9a2f07_b.jpg"]'),
(8, '45.6147652, 15.4831556', '45.614765', '15.483156', '2013-12-30 17:47:51', '2014-12-28 19:00:56', 'Trška Cesta, Ozalj', NULL, 28, 1, 'id: 8Trška Cesta, Ozalj Ozalj apartment sold apartment   Rent Apartment Gorski Kotar Ozalj   Less than 50m2 48 - 1 1 4    Agent  300 30 SKIP_ON_EMPTY   SKIP_ON_EMPTY       trueAir conditioning trueComputer trueHeating trueInternet trueMicrowave  trueBalcony trueParking       1200 1500 1500  <iframe width="560" height="315" src="//www.youtube.com/embed/FvMCKrwo8Hc" frameborder="0" allowfullscreen></iframe>  Ozalj apartman prodano apartment   Najam Stan Gorski Kotar Ozalj   Manje od 50m2 48 - 1 1 4    Agent    SKIP_ON_EMPTY   SKIP_ON_EMPTY       trueKlimatizacija trueRačunalo trueGrijanje trueInternet trueMikrovalna  trueBalkon trueParking       1200 1500 1500  <iframe width="560" height="315" src="//www.youtube.com/embed/FvMCKrwo8Hc" frameborder="0" allowfullscreen></iframe> ', 1, NULL, NULL, 114, '431262909_a009e2897b_o.jpg', '["431262909_a009e2897b_o.jpg","431262907_bf66c3cd6f_o.jpg","431262903_9d77804a5b_o.jpg","431267985_286ac5c8cd_o.jpg","431262910_33356f1671_o.jpg"]'),
(9, '45.565727390202, 15.841627716797', '45.565727', '15.841628', '2013-12-30 17:53:59', '2014-12-28 19:00:48', 'Pisarovina bb, Croatia', NULL, 29, 0, 'id: 9Pisarovina bb, Croatia Jezero restourant sold commercial   Sale Commercial property Karlovac Pisarovina   50-100m2 77 - 1 0 7    Agent  200 40 SKIP_ON_EMPTY   SKIP_ON_EMPTY       trueAir conditioning trueComputer trueDishwasher trueHeating trueInternet trueMicrowave  trueBalcony trueGrill truePool trueParking     1500 1500 1500      Restoran jezero prodano commercial   Prodaja Poslovni prostor Karlovac Pisarovina   50-100m2 77 - 1 0 7    Agent    SKIP_ON_EMPTY   SKIP_ON_EMPTY       trueKlimatizacija trueRačunalo truePerilica suđa trueGrijanje trueInternet trueMikrovalna  trueBalkon trueRoštilj trueBazen trueParking     1500 1500 1500     ', 1, NULL, NULL, 4, '389936596_72d6cba1b9_b.jpg', '["389936596_72d6cba1b9_b.jpg","389938915_e18683c4f4_b.jpg","389936590_6bcb246b9b_b.jpg","389928265_ce3b505a52_b.jpg"]'),
(10, '45.984899065493, 16.557105105371', '45.984899', '16.557105', '2013-12-30 19:43:29', '2014-12-28 19:00:41', 'Cubinec 11, Croatia', NULL, 30, 0, 'id: 10Cubinec 11, Croatia Lux apartment action apartment   Sale Apartment Križevci Cubinec   Less than 50m2 44 - 1 1 4    Agent  500 200 SKIP_ON_EMPTY   SKIP_ON_EMPTY       trueAir conditioning trueCable TV trueComputer trueDishwasher trueHeating trueInternet trueMicrowave  trueLift trueParking   1200          Lux apartman akcija apartment   Prodaja Stan Križevci Cubinec   Manje od 50m2 44 - 1 1 4    Agent    SKIP_ON_EMPTY   SKIP_ON_EMPTY       trueKlimatizacija trueKabelska TV trueRačunalo truePerilica suđa trueGrijanje trueInternet trueMikrovalna  trueDizalo trueParking   1200         ', 1, NULL, NULL, 1, '5388047921_efc5b357c8_b.jpg', '["5388047921_efc5b357c8_b.jpg","5388652594_ce85c25084_b.jpg","5388046113_48d973bd16_b.jpg","5388046911_533d2bcdec_b.jpg","5388653730_73ea27ca08_b.jpg"]'),
(11, '46.2359981, 16.1004514', '46.235998', '16.100451', '2013-12-30 22:39:03', '2014-12-28 19:00:31', 'Jerovec 16, Croatia', NULL, 31, 0, 'id: 11Jerovec 16, Croatia Sky apartment empty apartment   Sale Apartment Varaždinska Ivanec   50-100m2 70 - 1 2 7    Agent  200 30 SKIP_ON_EMPTY   SKIP_ON_EMPTY       trueHeating  trueBalcony trueGrill truePool    1200 1200        Sky apartman empty apartment   Prodaja Stan Varaždinska Ivanec   50-100m2 70 - 1 2 7    Agent    SKIP_ON_EMPTY   SKIP_ON_EMPTY       trueGrijanje  trueBalkon trueRoštilj trueBazen    1200 1200       ', 1, NULL, NULL, 80, '5388050721_b84cf3a0a3_b.jpg', '["5388050721_b84cf3a0a3_b.jpg","5388050983_0bf177bb8a_b.jpg","5388658660_975a93b2ae_b.jpg","5388053637_ba77c0b486_b.jpg","5388053335_81ea378b09_b.jpg"]'),
(12, '46.2971252, 16.4072529', '46.297125', '16.407253', '2013-12-30 22:44:07', '2014-12-28 19:00:08', 'Zeleni put 21, Croatia', NULL, 32, 1, 'id: 12Zeleni put 21, Croatia Retro House new house   Sale House Varaždinska Trnovec Bartolovečki   50-100m2 60 - 1 1 6 60000   Agent  300 100 SKIP_ON_EMPTY   SKIP_ON_EMPTY       trueAir conditioning trueCable TV trueComputer trueDishwasher  trueBalcony trueGrill       1200 1200 1200    Retro kuća empty house   Prodaja Kuća Varaždinska Trnovec Bartolovečki   Manje od 50m2 60 - 1 1 6 50000   Agent    SKIP_ON_EMPTY   SKIP_ON_EMPTY       trueKlimatizacija trueKabelska TV trueRačunalo truePerilica suđa  trueBalkon trueRoštilj       1200 1200 1200   ', 1, NULL, NULL, 29, '5388057701_5a618e8a9e_b.jpg', '["5388057701_5a618e8a9e_b.jpg","5388056665_86a3de4d36_b.jpg","5388663918_f6767e53d0_b.jpg","5388058111_cbf80b7902_b.jpg","5388056843_bdbfb5499a_b.jpg"]'),
(13, '45.8248723, 16.1044795', '45.824872', '16.104480', '2014-01-02 12:45:52', '2014-12-28 19:01:39', 'Sesvete, Slatinska 23', NULL, 33, 0, 'id: 13Sesvete, Slatinska 23 Yellow wood empty house   Sale House Zagrebačka Sesvete   50-100m2 90 - 1 1 9    Agent  200 50 SKIP_ON_EMPTY   SKIP_ON_EMPTY       trueAir conditioning trueCable TV trueComputer trueDishwasher  trueBalcony       300 300 300    Žuto drvo empty house   Prodaja Kuća Zagrebačka Sesvete   50-100m2 90 - 1 1 9    Agent  200 50 SKIP_ON_EMPTY   SKIP_ON_EMPTY       trueKlimatizacija trueKabelska TV trueRačunalo truePerilica suđa  trueBalkon       300 300 300   ', 1, NULL, NULL, 4, '5388050419_e3ef95b8eb_b.jpg', '["5388050419_e3ef95b8eb_b.jpg","576752732_a5c79cbb1f_o.jpg"]'),
(14, '45.7687561, 15.9999749', '45.768756', '15.999975', '2014-01-02 13:49:32', '2014-12-28 19:01:47', 'Vatikanska 11, Zagreb, Croatia', NULL, 34, 1, 'id: 14Vatikanska 11, Zagreb, Croatia Black glass house action house 5  Sale House Zagreb Zagreb   More than 100m2 200 - 2 2 20    Owner 3 80 30 SKIP_ON_EMPTY   SKIP_ON_EMPTY       trueAir conditioning trueCable TV trueComputer trueMicrowave  trueBalcony trueLift truePool trueParking  500 500 500 500 500 500 500 600    Kuća crno staklo empty house 5  Prodaja Kuća Zagreb Zagreb   Više od 100m2 200 - 2 2 20    Vlasnik 3 80 30 SKIP_ON_EMPTY   SKIP_ON_EMPTY       trueKlimatizacija trueKabelska TV trueRačunalo trueMikrovalna  trueBalkon trueDizalo trueBazen trueParking  500 500 500 500 500 500 500 600   ', 1, NULL, NULL, 699, '147822442_014fc68a36_o.jpg', '["147822442_014fc68a36_o.jpg","5388654584_6c1d0f8475_b.jpg","5388658984_edb1fcd5a4_b.jpg"]'),
(15, '45.8971627, 16.4291229', '45.897163', '16.429123', '2014-01-02 14:00:24', '2015-02-17 14:47:57', 'Cerje 1, Vrbovec, Croatia', NULL, 35, 0, 'id: 15Cerje 1, Vrbovec, Croatia Round towers empty house   Sale House Zagrebačka Vrbovec  Less than 50m2 49 - 2 2 5    Agent  30 10 SKIP_ON_EMPTY    SKIP_ON_EMPTY       trueAir conditioning trueCable TV trueComputer  trueBalcony truePool trueParking  200 200 200         round-towers Okrugle kule empty house   Prodaja Stan Zagrebačka Vrbovec  Više od 100m2 49 - 2 2 5    Agent    SKIP_ON_EMPTY    SKIP_ON_EMPTY       trueKlimatizacija trueKabelska TV trueRačunalo  trueBalkon trueBazen trueParking  200 200 200         okrugle-kule', 1, NULL, NULL, 0, '148583306_cad8fc948c_o.jpg', '["148583306_cad8fc948c_o.jpg","5388054365_288cf72f15_b.jpg","5388655270_fbbf78a1f9_b.jpg"]'),
(16, '46.02695, 16.0639472', '46.026950', '16.063947', '2014-01-02 14:03:29', '2014-12-28 18:59:47', 'Selnica 43, Zlatar Bistrica, Croatia', NULL, 36, 0, 'id: 16Selnica 43, Zlatar Bistrica, Croatia Fear wood empty land   Sale Land Zagorje Zlatar Bistrica   50-100m2 80 - 1 1 8    Agent  80 30 SKIP_ON_EMPTY   SKIP_ON_EMPTY       trueAir conditioning trueCable TV trueDishwasher  trueBalcony     100        Drvo straha empty land   Prodaja Zemljište Zagorje Zlatar Bistrica   50-100m2 80 - 1 1 8    Agent    SKIP_ON_EMPTY   SKIP_ON_EMPTY       trueKlimatizacija trueKabelska TV truePerilica suđa  trueBalkon     100       ', 1, NULL, NULL, 1, '227963176_2a296e7f0d_o.jpg', '["227963176_2a296e7f0d_o.jpg","5388055503_bdfec0a3d5_b.jpg","5388661724_e92356d456_b.jpg"]'),
(17, '45.733079713277, 16.302902710937', '45.733080', '16.302903', '2014-01-02 14:07:41', '2014-12-28 18:59:42', 'Ježevo 32, Ivanić Grad, Croatia', NULL, 37, 0, 'id: 17Ježevo 32, Ivanić Grad, Croatia Classic American empty house   Sale House Zagrebačka Ivanić Grad   Less than 50m2 50 - 1 1 5    Agent  80 30 SKIP_ON_EMPTY   SKIP_ON_EMPTY       trueDishwasher   400           Američka kuća empty house   Prodaja Stan zagrebačka Ivanić Grad   Manje od 50m2 50 - 1 1 5    Agent    SKIP_ON_EMPTY   SKIP_ON_EMPTY       truePerilica suđa   400          ', 1, NULL, NULL, 2, '5388052993_efdcb497f3_b.jpg', '["5388052993_efdcb497f3_b.jpg","2407030202_445d617c69_o.jpg","5388054707_9e5cd581fe_b.jpg"]'),
(18, '46.1689005, 16.3342306', '46.168901', '16.334231', '2014-01-02 14:12:36', '2014-12-28 18:59:36', 'Remetinec 23, Novi Marof, Croatia', NULL, 38, 0, 'id: 18Remetinec 23, Novi Marof, Croatia Small beauty empty house   Sale House Varaždinska Novi Marof   50-100m2 90 - 1 1 5    Agent  90 40 SKIP_ON_EMPTY   SKIP_ON_EMPTY       trueHeating  trueGrill trueParking    50         Malena ljepotica empty house   Prodaja Kuća Varaždinska Novi Marof   50-100m2 90 - 1 1 5    Agent    SKIP_ON_EMPTY   SKIP_ON_EMPTY       trueGrijanje trueInternet  trueRoštilj    50        ', 1, NULL, NULL, 4, '1199605400_2b897736d1_o.jpg', '["1199605400_2b897736d1_o.jpg","5388051239_00764065f2_b.jpg"]'),
(19, '45.9603589, 16.2439931', '45.960359', '16.243993', '2014-01-02 14:16:22', '2015-02-09 19:24:18', 'Radoišće 23, Sveti Ivan Zelina, Croatia', NULL, 39, 0, 'id: 19Radoišće 23, Sveti Ivan Zelina, Croatia Retro old empty house   Sale House Zagorje Sveti Ivan Zelika 11000 Less than 50m2 35 - 1 1 3    Agent  80 20 267    270       trueMicrowave  trueBalcony truePool trueParking       800 800      Stari retro empty house   Prodaja Kuća Zagorje Sveti Ivan Zelika 11000 Manje od 50m2 35 - 1 1 3    Agent    SKIP_ON_EMPTY    SKIP_ON_EMPTY       trueMikrovalna  trueBalkon trueBazen trueParking       800 800     ', 1, NULL, NULL, 34, '162803672_8244db2362_o.jpg', '["162803672_8244db2362_o.jpg","5388656350_fc498d8f1f_b.jpg","5388051533_4e871bde69_b.jpg"]'),
(29, '46.3785703, 16.0797348', '46.378570', '16.079735', '2014-03-07 20:12:14', '2014-12-28 18:59:23', 'Veliki lovrečan', NULL, 195, 0, 'id: 29Veliki lovrečan My property new house   Sale House Varaždinska Cestica   50-100m2 60 D 2 2 5    Agent  50 20 SKIP_ON_EMPTY   SKIP_ON_EMPTY       trueAir conditioning trueCable TV  trueBalcony        700 700    Moja nekretnina novo house   Prodaja Kuća Varaždinska Cestica   50-100m2 60 D 2 2 5    Agent    SKIP_ON_EMPTY   SKIP_ON_EMPTY       trueKlimatizacija trueKabelska TV  trueBalkon        700 700   ', 0, NULL, NULL, 0, NULL, NULL),
(30, '46.3731205, 16.1270403', '46.373121', '16.127040', '2015-01-07 13:32:50', '2015-02-22 15:04:06', 'Cestica', NULL, 197, 0, 'id: 30Cestica Bjelovar estate empty apartment   Rent Apartment Bjelovarska Bjelovar  Less than 50m2 40 - 3 3 7 90,000.00   Agent - 70 20 262 Manitoba - Winnipeg -  FieldGate properties 264 1234567890 http://www.google.com http://www.facebook.com http://www.twitter.com 0-24  trueAir conditioning trueComputer trueHeating trueInternet trueMicrowave  trueBalcony trueGrill truePool trueParking  600 600 600 600        bjelovar-estate-1-en Bjelovar nekretnina empty apartment   Najam Stan Bjelovarska Bjelovar  Manje od 50m2 40 - 3 3 7 90,000.00   Agent - 70 20 263 Manitoba - Winnipeg -  FieldGate properties 2 265 1234567890 http://www.google.com http://www.facebook.com http://www.twitter.com 0-24  trueKlimatizacija trueRačunalo trueGrijanje trueInternet trueMikrovalna  trueBalkon trueRoštilj trueBazen trueParking  600 600 600 600        bjelovar-nekretnina', 1, NULL, NULL, 195, '431262903_9d77804a5b_o (1).jpg', '["431262903_9d77804a5b_o (1).jpg","431267985_286ac5c8cd_o (1).jpg"]');

DROP TABLE IF EXISTS `property_lang`;
CREATE TABLE IF NOT EXISTS `property_lang` (
`l_id` int(11) NOT NULL,
  `property_id` int(11) NOT NULL,
  `language_id` int(11) NOT NULL,
  `json_object` text COLLATE utf8_unicode_ci,
  `field_36_int` int(11) DEFAULT NULL COMMENT 'Sale price',
  `field_37_int` int(11) DEFAULT NULL COMMENT 'Rent price (excl)',
  `field_55_int` int(11) DEFAULT NULL COMMENT 'Rent price (incl)',
  `field_19_int` int(11) DEFAULT NULL,
  `field_20_int` int(11) DEFAULT NULL,
  `field_58_int` int(11) DEFAULT NULL,
  `field_57_int` int(11) DEFAULT NULL,
  `field_4` varchar(200) COLLATE utf8_unicode_ci DEFAULT NULL,
  `field_2` varchar(200) COLLATE utf8_unicode_ci DEFAULT NULL,
  `field_5` varchar(200) COLLATE utf8_unicode_ci DEFAULT NULL,
  `field_7` varchar(200) COLLATE utf8_unicode_ci DEFAULT NULL
) ENGINE=InnoDB  DEFAULT CHARSET=utf8 COLLATE=utf8_unicode_ci AUTO_INCREMENT=43 ;

INSERT INTO `property_lang` (`l_id`, `property_id`, `language_id`, `json_object`, `field_36_int`, `field_37_int`, `field_55_int`, `field_19_int`, `field_20_int`, `field_58_int`, `field_57_int`, `field_4`, `field_2`, `field_5`, `field_7`) VALUES
(1, 7, 1, '{"field_10":"Spa Bliznec","field_8":"Lorem ipsum dolor sit amet, consectetur adipiscing elit. Sed vulputate \\r\\nnec neque gravida rhoncus. Donec sit amet blandit mauris, sed bibendum \\r\\nrisus. Cras ut urna semper, facilisis augue sed, imperdiet nulla. Duis \\r\\ntristique tellus tortor, dapibus gravida sem sodales id. Nullam quis \\r\\nconvallis libero, vitae pulvinar nisi.","field_17":"<p>\\r\\nLorem ipsum dolor sit amet, consectetur adipiscing elit. Sed vulputate \\r\\nnec neque gravida rhoncus. Donec sit amet blandit mauris, sed bibendum \\r\\nrisus. Cras ut urna semper, facilisis augue sed, imperdiet nulla. Duis \\r\\ntristique tellus tortor, dapibus gravida sem sodales id. Nullam quis \\r\\nconvallis libero, vitae pulvinar nisi.<\\/p><p><span style=\\"font-weight: bold;\\">Nam eget est facilisis, porta mi \\r\\nac, ultricies enim. Proin nisi diam, eleifend ac eleifend in, dapibus in\\r\\n orci. Vestibulum elementum lectus non nisl venenatis, tempus molestie \\r\\nnisi tempus. Pellentesque facilisis nibh nec purus blandit, id aliquam \\r\\nlorem fermentum.\\r\\n<\\/span><\\/p>\\r\\n<p>\\r\\n<span style=\\"font-style: italic;\\">Ut erat lacus, sagittis ac leo eu, molestie mattis libero. Nam sit amet \\r\\nmassa et magna porttitor eleifend a aliquam nunc. Pellentesque a est a \\r\\naugue dignissim tristique eu nec augue. Integer pretium sollicitudin \\r\\ntellus, quis hendrerit nunc accumsan et. Fusce bibendum a neque vel \\r\\nfringilla. Vivamus viverra enim at purus gravida, in elementum neque \\r\\neleifend. Curabitur sodales dapibus urna, at mattis lacus eleifend non. \\r\\nDonec ultricies porta orci eu congue. Nulla sodales arcu a libero \\r\\naliquet, nec aliquam ante sagittis.<\\/span><\\/p>","field_38":"new","field_6":"commercial","field_56":"","field_1":"0","field_4":"Sale and Rent","field_2":"Commercial property","field_5":"Zagreb","field_7":"Zagreb","field_40":"","field_3":"Less than 50m2","field_57":"33","field_39":"B","field_19":"5","field_20":"5","field_58":"12","field_36":"50000","field_55":"","field_37":"500","field_54":"Agent","field_53":"","field_59":"80","field_60":"30","field_64":"","field_66":"0","field_67":"","field_68":"","field_69":"","field_70":"","field_71":"","field_72":"","field_73":"","field_21":"0","field_22":"true","field_23":"0","field_24":"0","field_25":"0","field_28":"true","field_29":"true","field_31":"0","field_52":"0","field_11":"true","field_30":"true","field_27":"true","field_33":"true","field_32":"true","field_43":"0","field_44":"1500","field_45":"1500","field_46":"","field_47":"","field_48":"","field_49":"","field_50":"","field_51":"","field_9":"0","field_12":"","field_42":"0"}', 50000, 500, NULL, 5, 5, 12, 33, 'Sale and Rent', 'Commercial property', 'Zagreb', 'Zagreb'),
(2, 8, 1, '{"field_10":"Ozalj apartment","field_8":"Lorem ipsum dolor sit amet, consectetur adipiscing elit. Sed vulputate \\r\\nnec neque gravida rhoncus. Donec sit amet blandit mauris, sed bibendum \\r\\nrisus. Cras ut urna semper, facilisis augue sed, imperdiet nulla. Duis \\r\\ntristique tellus tortor, dapibus gravida sem sodales id. Nullam quis \\r\\nconvallis libero, vitae pulvinar nisi.","field_17":"<p>\\r\\nLorem ipsum dolor sit amet, consectetur adipiscing elit. Sed vulputate \\r\\nnec neque gravida rhoncus. Donec sit amet blandit mauris, sed bibendum \\r\\nrisus. Cras ut urna semper, facilisis augue sed, imperdiet nulla. Duis \\r\\ntristique tellus tortor, dapibus gravida sem sodales id. Nullam quis \\r\\nconvallis libero, vitae pulvinar nisi.<\\/p><p><span style=\\"font-weight: bold;\\">Nam eget est facilisis, porta mi \\r\\nac, ultricies enim. Proin nisi diam, eleifend ac eleifend in, dapibus in\\r\\n orci. Vestibulum elementum lectus non nisl venenatis, tempus molestie \\r\\nnisi tempus. Pellentesque facilisis nibh nec purus blandit, id aliquam \\r\\nlorem fermentum.\\r\\n<\\/span><\\/p>\\r\\n<p>\\r\\n<span style=\\"font-style: italic;\\">Ut erat lacus, sagittis ac leo eu, molestie mattis libero. Nam sit amet \\r\\nmassa et magna porttitor eleifend a aliquam nunc. Pellentesque a est a \\r\\naugue dignissim tristique eu nec augue. Integer pretium sollicitudin \\r\\ntellus, quis hendrerit nunc accumsan et. Fusce bibendum a neque vel \\r\\nfringilla. Vivamus viverra enim at purus gravida, in elementum neque \\r\\neleifend. Curabitur sodales dapibus urna, at mattis lacus eleifend non. \\r\\nDonec ultricies porta orci eu congue. Nulla sodales arcu a libero \\r\\naliquet, nec aliquam ante sagittis.<\\/span><\\/p>","field_38":"sold","field_6":"apartment","field_56":"","field_1":"0","field_4":"Rent","field_2":"Apartment","field_5":"Gorski Kotar","field_7":"Ozalj","field_40":"","field_3":"Less than 50m2","field_57":"48","field_39":"-","field_19":"1","field_20":"1","field_58":"4","field_36":"","field_55":"","field_37":"","field_54":"Agent","field_53":"","field_59":"300","field_60":"30","field_64":"","field_66":"0","field_67":"","field_68":"","field_69":"","field_70":"","field_71":"","field_72":"","field_73":"","field_21":"0","field_22":"true","field_23":"0","field_24":"true","field_25":"0","field_28":"true","field_29":"true","field_31":"true","field_52":"0","field_11":"true","field_30":"0","field_27":"0","field_33":"0","field_32":"true","field_43":"0","field_44":"","field_45":"","field_46":"","field_47":"","field_48":"","field_49":"1200","field_50":"1500","field_51":"1500","field_9":"0","field_12":"<iframe width=\\"560\\" height=\\"315\\" src=\\"\\/\\/www.youtube.com\\/embed\\/FvMCKrwo8Hc\\" frameborder=\\"0\\" allowfullscreen><\\/iframe>","field_42":"0"}', NULL, NULL, NULL, 1, 1, 4, 48, 'Rent', 'Apartment', 'Gorski Kotar', 'Ozalj'),
(3, 9, 1, '{"field_10":"Jezero restourant","field_8":"Lorem ipsum dolor sit amet, consectetur adipiscing elit. Sed vulputate \\r\\nnec neque gravida rhoncus. Donec sit amet blandit mauris, sed bibendum \\r\\nrisus. Cras ut urna semper, facilisis augue sed, imperdiet nulla. Duis \\r\\ntristique tellus tortor, dapibus gravida sem sodales id. Nullam quis \\r\\nconvallis libero, vitae pulvinar nisi.","field_17":"<p>\\r\\nLorem ipsum dolor sit amet, consectetur adipiscing elit. Sed vulputate \\r\\nnec neque gravida rhoncus. Donec sit amet blandit mauris, sed bibendum \\r\\nrisus. Cras ut urna semper, facilisis augue sed, imperdiet nulla. Duis \\r\\ntristique tellus tortor, dapibus gravida sem sodales id. Nullam quis \\r\\nconvallis libero, vitae pulvinar nisi.<\\/p><p><span style=\\"font-weight: bold;\\">Nam eget est facilisis, porta mi \\r\\nac, ultricies enim. Proin nisi diam, eleifend ac eleifend in, dapibus in\\r\\n orci. Vestibulum elementum lectus non nisl venenatis, tempus molestie \\r\\nnisi tempus. Pellentesque facilisis nibh nec purus blandit, id aliquam \\r\\nlorem fermentum.\\r\\n<\\/span><\\/p>\\r\\n<p>\\r\\n<span style=\\"font-style: italic;\\">Ut erat lacus, sagittis ac leo eu, molestie mattis libero. Nam sit amet \\r\\nmassa et magna porttitor eleifend a aliquam nunc. Pellentesque a est a \\r\\naugue dignissim tristique eu nec augue. Integer pretium sollicitudin \\r\\ntellus, quis hendrerit nunc accumsan et. Fusce bibendum a neque vel \\r\\nfringilla. Vivamus viverra enim at purus gravida, in elementum neque \\r\\neleifend. Curabitur sodales dapibus urna, at mattis lacus eleifend non. \\r\\nDonec ultricies porta orci eu congue. Nulla sodales arcu a libero \\r\\naliquet, nec aliquam ante sagittis.<\\/span><\\/p>","field_38":"sold","field_6":"commercial","field_56":"","field_1":"0","field_4":"Sale","field_2":"Commercial property","field_5":"Karlovac","field_7":"Pisarovina","field_40":"","field_3":"50-100m2","field_57":"77","field_39":"-","field_19":"1","field_20":"0","field_58":"7","field_36":"","field_55":"","field_37":"","field_54":"Agent","field_53":"","field_59":"200","field_60":"40","field_64":"","field_66":"0","field_67":"","field_68":"","field_69":"","field_70":"","field_71":"","field_72":"","field_73":"","field_21":"0","field_22":"true","field_23":"0","field_24":"true","field_25":"true","field_28":"true","field_29":"true","field_31":"true","field_52":"0","field_11":"true","field_30":"0","field_27":"true","field_33":"true","field_32":"true","field_43":"0","field_44":"","field_45":"","field_46":"","field_47":"1500","field_48":"1500","field_49":"1500","field_50":"","field_51":"","field_9":"0","field_12":"","field_42":"0"}', NULL, NULL, NULL, 1, NULL, 7, 77, 'Sale', 'Commercial property', 'Karlovac', 'Pisarovina'),
(4, 10, 1, '{"field_10":"Lux apartment","field_8":"Lorem ipsum dolor sit amet, consectetur adipiscing elit. Sed vulputate \\r\\nnec neque gravida rhoncus. Donec sit amet blandit mauris, sed bibendum \\r\\nrisus. Cras ut urna semper, facilisis augue sed, imperdiet nulla. Duis \\r\\ntristique tellus tortor, dapibus gravida sem sodales id. Nullam quis \\r\\nconvallis libero, vitae pulvinar nisi.","field_17":"<p>\\r\\nLorem ipsum dolor sit amet, consectetur adipiscing elit. Sed vulputate \\r\\nnec neque gravida rhoncus. Donec sit amet blandit mauris, sed bibendum \\r\\nrisus. Cras ut urna semper, facilisis augue sed, imperdiet nulla. Duis \\r\\ntristique tellus tortor, dapibus gravida sem sodales id. Nullam quis \\r\\nconvallis libero, vitae pulvinar nisi.<\\/p><p><span style=\\"font-weight: bold;\\">Nam eget est facilisis, porta mi \\r\\nac, ultricies enim. Proin nisi diam, eleifend ac eleifend in, dapibus in\\r\\n orci. Vestibulum elementum lectus non nisl venenatis, tempus molestie \\r\\nnisi tempus. Pellentesque facilisis nibh nec purus blandit, id aliquam \\r\\nlorem fermentum.\\r\\n<\\/span><\\/p>\\r\\n<p>\\r\\n<span style=\\"font-style: italic;\\">Ut erat lacus, sagittis ac leo eu, molestie mattis libero. Nam sit amet \\r\\nmassa et magna porttitor eleifend a aliquam nunc. Pellentesque a est a \\r\\naugue dignissim tristique eu nec augue. Integer pretium sollicitudin \\r\\ntellus, quis hendrerit nunc accumsan et. Fusce bibendum a neque vel \\r\\nfringilla. Vivamus viverra enim at purus gravida, in elementum neque \\r\\neleifend. Curabitur sodales dapibus urna, at mattis lacus eleifend non. \\r\\nDonec ultricies porta orci eu congue. Nulla sodales arcu a libero \\r\\naliquet, nec aliquam ante sagittis.<\\/span><\\/p>","field_38":"action","field_6":"apartment","field_56":"","field_1":"0","field_4":"Sale","field_2":"Apartment","field_5":"Kri\\u017eevci","field_7":"Cubinec","field_40":"","field_3":"Less than 50m2","field_57":"44","field_39":"-","field_19":"1","field_20":"1","field_58":"4","field_36":"","field_55":"","field_37":"","field_54":"Agent","field_53":"","field_59":"500","field_60":"200","field_64":"","field_66":"0","field_67":"","field_68":"","field_69":"","field_70":"","field_71":"","field_72":"","field_73":"","field_21":"0","field_22":"true","field_23":"true","field_24":"true","field_25":"true","field_28":"true","field_29":"true","field_31":"true","field_52":"0","field_11":"0","field_30":"true","field_27":"0","field_33":"0","field_32":"true","field_43":"0","field_44":"","field_45":"1200","field_46":"","field_47":"","field_48":"","field_49":"","field_50":"","field_51":"","field_9":"0","field_12":"","field_42":"0"}', NULL, NULL, NULL, 1, 1, 4, 44, 'Sale', 'Apartment', 'Križevci', 'Cubinec'),
(5, 11, 1, '{"field_10":"Sky apartment","field_8":"Lorem ipsum dolor sit amet, consectetur adipiscing elit. Sed vulputate \\r\\nnec neque gravida rhoncus. Donec sit amet blandit mauris, sed bibendum \\r\\nrisus. Cras ut urna semper, facilisis augue sed, imperdiet nulla. Duis \\r\\ntristique tellus tortor, dapibus gravida sem sodales id. Nullam quis \\r\\nconvallis libero, vitae pulvinar nisi.","field_17":"<p>\\r\\nLorem ipsum dolor sit amet, consectetur adipiscing elit. Sed vulputate \\r\\nnec neque gravida rhoncus. Donec sit amet blandit mauris, sed bibendum \\r\\nrisus. Cras ut urna semper, facilisis augue sed, imperdiet nulla. Duis \\r\\ntristique tellus tortor, dapibus gravida sem sodales id. Nullam quis \\r\\nconvallis libero, vitae pulvinar nisi.<\\/p><p><span style=\\"font-weight: bold;\\">Nam eget est facilisis, porta mi \\r\\nac, ultricies enim. Proin nisi diam, eleifend ac eleifend in, dapibus in\\r\\n orci. Vestibulum elementum lectus non nisl venenatis, tempus molestie \\r\\nnisi tempus. Pellentesque facilisis nibh nec purus blandit, id aliquam \\r\\nlorem fermentum.\\r\\n<\\/span><\\/p>\\r\\n<p>\\r\\n<span style=\\"font-style: italic;\\">Ut erat lacus, sagittis ac leo eu, molestie mattis libero. Nam sit amet \\r\\nmassa et magna porttitor eleifend a aliquam nunc. Pellentesque a est a \\r\\naugue dignissim tristique eu nec augue. Integer pretium sollicitudin \\r\\ntellus, quis hendrerit nunc accumsan et. Fusce bibendum a neque vel \\r\\nfringilla. Vivamus viverra enim at purus gravida, in elementum neque \\r\\neleifend. Curabitur sodales dapibus urna, at mattis lacus eleifend non. \\r\\nDonec ultricies porta orci eu congue. Nulla sodales arcu a libero \\r\\naliquet, nec aliquam ante sagittis.<\\/span><\\/p>","field_38":"empty","field_6":"apartment","field_56":"","field_1":"0","field_4":"Sale","field_2":"Apartment","field_5":"Vara\\u017edinska","field_7":"Ivanec","field_40":"","field_3":"50-100m2","field_57":"70","field_39":"-","field_19":"1","field_20":"2","field_58":"7","field_36":"","field_55":"","field_37":"","field_54":"Agent","field_53":"","field_59":"200","field_60":"30","field_64":"","field_66":"0","field_67":"","field_68":"","field_69":"","field_70":"","field_71":"","field_72":"","field_73":"","field_21":"0","field_22":"0","field_23":"0","field_24":"0","field_25":"0","field_28":"true","field_29":"0","field_31":"0","field_52":"0","field_11":"true","field_30":"0","field_27":"true","field_33":"true","field_32":"0","field_43":"0","field_44":"","field_45":"","field_46":"1200","field_47":"1200","field_48":"","field_49":"","field_50":"","field_51":"","field_9":"0","field_12":"","field_42":"0"}', NULL, NULL, NULL, 1, 2, 7, 70, 'Sale', 'Apartment', 'Varaždinska', 'Ivanec'),
(6, 12, 1, '{"field_10":"Retro House","field_8":"Lorem ipsum dolor sit amet, consectetur adipiscing elit. Sed vulputate \\r\\nnec neque gravida rhoncus. Donec sit amet blandit mauris, sed bibendum \\r\\nrisus. Cras ut urna semper, facilisis augue sed, imperdiet nulla. Duis \\r\\ntristique tellus tortor, dapibus gravida sem sodales id. Nullam quis \\r\\nconvallis libero, vitae pulvinar nisi.","field_17":"<p>\\r\\nLorem ipsum dolor sit amet, consectetur adipiscing elit. Sed vulputate \\r\\nnec neque gravida rhoncus. Donec sit amet blandit mauris, sed bibendum \\r\\nrisus. Cras ut urna semper, facilisis augue sed, imperdiet nulla. Duis \\r\\ntristique tellus tortor, dapibus gravida sem sodales id. Nullam quis \\r\\nconvallis libero, vitae pulvinar nisi.<\\/p><p><span style=\\"font-weight: bold;\\">Nam eget est facilisis, porta mi \\r\\nac, ultricies enim. Proin nisi diam, eleifend ac eleifend in, dapibus in\\r\\n orci. Vestibulum elementum lectus non nisl venenatis, tempus molestie \\r\\nnisi tempus. Pellentesque facilisis nibh nec purus blandit, id aliquam \\r\\nlorem fermentum.\\r\\n<\\/span><\\/p>\\r\\n<p>\\r\\n<span style=\\"font-style: italic;\\">Ut erat lacus, sagittis ac leo eu, molestie mattis libero. Nam sit amet \\r\\nmassa et magna porttitor eleifend a aliquam nunc. Pellentesque a est a \\r\\naugue dignissim tristique eu nec augue. Integer pretium sollicitudin \\r\\ntellus, quis hendrerit nunc accumsan et. Fusce bibendum a neque vel \\r\\nfringilla. Vivamus viverra enim at purus gravida, in elementum neque \\r\\neleifend. Curabitur sodales dapibus urna, at mattis lacus eleifend non. \\r\\nDonec ultricies porta orci eu congue. Nulla sodales arcu a libero \\r\\naliquet, nec aliquam ante sagittis.<\\/span><\\/p>","field_38":"new","field_6":"house","field_56":"","field_1":"0","field_4":"Sale","field_2":"House","field_5":"Vara\\u017edinska","field_7":"Trnovec Bartolove\\u010dki","field_40":"","field_3":"50-100m2","field_57":"60","field_39":"-","field_19":"1","field_20":"1","field_58":"6","field_36":"60000","field_55":"","field_37":"","field_54":"Agent","field_53":"","field_59":"300","field_60":"100","field_64":"","field_66":"0","field_67":"","field_68":"","field_69":"","field_70":"","field_71":"","field_72":"","field_73":"","field_21":"0","field_22":"true","field_23":"true","field_24":"true","field_25":"true","field_28":"0","field_29":"0","field_31":"0","field_52":"0","field_11":"true","field_30":"0","field_27":"true","field_33":"0","field_32":"0","field_43":"0","field_44":"","field_45":"","field_46":"","field_47":"","field_48":"","field_49":"1200","field_50":"1200","field_51":"1200","field_9":"0","field_12":"","field_42":"0"}', 60000, NULL, NULL, 1, 1, 6, 60, 'Sale', 'House', 'Varaždinska', 'Trnovec Bartolovečki'),
(7, 13, 1, '{"field_10":"Yellow wood","field_8":"Lorem ipsum dolor sit amet, consectetur adipiscing elit. Sed vulputate \\r\\nnec neque gravida rhoncus. Donec sit amet blandit mauris, sed bibendum \\r\\nrisus. Cras ut urna semper, facilisis augue sed, imperdiet nulla. Duis \\r\\ntristique tellus tortor, dapibus gravida sem sodales id. Nullam quis \\r\\nconvallis libero, vitae pulvinar nisi.","field_17":"<p>\\r\\nLorem ipsum dolor sit amet, consectetur adipiscing elit. Sed vulputate \\r\\nnec neque gravida rhoncus. Donec sit amet blandit mauris, sed bibendum \\r\\nrisus. Cras ut urna semper, facilisis augue sed, imperdiet nulla. Duis \\r\\ntristique tellus tortor, dapibus gravida sem sodales id. Nullam quis \\r\\nconvallis libero, vitae pulvinar nisi.<\\/p><p><span style=\\"font-weight: bold;\\">Nam eget est facilisis, porta mi \\r\\nac, ultricies enim. Proin nisi diam, eleifend ac eleifend in, dapibus in\\r\\n orci. Vestibulum elementum lectus non nisl venenatis, tempus molestie \\r\\nnisi tempus. Pellentesque facilisis nibh nec purus blandit, id aliquam \\r\\nlorem fermentum.\\r\\n<\\/span><\\/p>\\r\\n<p>\\r\\n<span style=\\"font-style: italic;\\">Ut erat lacus, sagittis ac leo eu, molestie mattis libero. Nam sit amet \\r\\nmassa et magna porttitor eleifend a aliquam nunc. Pellentesque a est a \\r\\naugue dignissim tristique eu nec augue. Integer pretium sollicitudin \\r\\ntellus, quis hendrerit nunc accumsan et. Fusce bibendum a neque vel \\r\\nfringilla. Vivamus viverra enim at purus gravida, in elementum neque \\r\\neleifend. Curabitur sodales dapibus urna, at mattis lacus eleifend non. \\r\\nDonec ultricies porta orci eu congue. Nulla sodales arcu a libero \\r\\naliquet, nec aliquam ante sagittis.<\\/span><\\/p>","field_38":"empty","field_6":"house","field_56":"","field_1":"0","field_4":"Sale","field_2":"House","field_5":"Zagreba\\u010dka","field_7":"Sesvete","field_40":"","field_3":"50-100m2","field_57":"90","field_39":"-","field_19":"1","field_20":"1","field_58":"9","field_36":"","field_55":"","field_37":"","field_54":"Agent","field_53":"","field_59":"200","field_60":"50","field_64":"","field_66":"0","field_67":"","field_68":"","field_69":"","field_70":"","field_71":"","field_72":"","field_73":"","field_21":"0","field_22":"true","field_23":"true","field_24":"true","field_25":"true","field_28":"0","field_29":"0","field_31":"0","field_52":"0","field_11":"true","field_30":"0","field_27":"0","field_33":"0","field_32":"0","field_43":"0","field_44":"","field_45":"","field_46":"","field_47":"","field_48":"","field_49":"300","field_50":"300","field_51":"300","field_9":"0","field_12":"","field_42":"0"}', NULL, NULL, NULL, 1, 1, 9, 90, 'Sale', 'House', 'Zagrebačka', 'Sesvete'),
(8, 14, 1, '{"field_10":"Black glass house","field_8":"Lorem ipsum dolor sit amet, consectetur adipiscing elit. Sed vulputate \\r\\nnec neque gravida rhoncus. Donec sit amet blandit mauris, sed bibendum \\r\\nrisus.","field_17":"<p>\\r\\nLorem ipsum dolor sit amet, consectetur adipiscing elit. Sed vulputate \\r\\nnec neque gravida rhoncus. Donec sit amet blandit mauris, sed bibendum \\r\\nrisus. Cras ut urna semper, facilisis augue sed, imperdiet nulla. Duis \\r\\ntristique tellus tortor, dapibus gravida sem sodales id. Nullam quis \\r\\nconvallis libero, vitae pulvinar nisi.<\\/p><p><span style=\\"font-weight: bold;\\">Nam eget est facilisis, porta mi \\r\\nac, ultricies enim. Proin nisi diam, eleifend ac eleifend in, dapibus in\\r\\n orci. Vestibulum elementum lectus non nisl venenatis, tempus molestie \\r\\nnisi tempus. Pellentesque facilisis nibh nec purus blandit, id aliquam \\r\\nlorem fermentum.\\r\\n<\\/span><\\/p>\\r\\n<p>\\r\\n<span style=\\"font-style: italic;\\">Ut erat lacus, sagittis ac leo eu, molestie mattis libero. Nam sit amet \\r\\nmassa et magna porttitor eleifend a aliquam nunc. Pellentesque a est a \\r\\naugue dignissim tristique eu nec augue. Integer pretium sollicitudin \\r\\ntellus, quis hendrerit nunc accumsan et. Fusce bibendum a neque vel \\r\\nfringilla. Vivamus viverra enim at purus gravida, in elementum neque \\r\\neleifend. Curabitur sodales dapibus urna, at mattis lacus eleifend non. \\r\\nDonec ultricies porta orci eu congue. Nulla sodales arcu a libero \\r\\naliquet, nec aliquam ante sagittis.<\\/span><\\/p>","field_38":"action","field_6":"house","field_56":"5","field_1":"0","field_4":"Sale","field_2":"House","field_5":"Zagreb","field_7":"Zagreb","field_40":"","field_3":"More than 100m2","field_57":"200","field_39":"-","field_19":"2","field_20":"2","field_58":"20","field_36":"","field_55":"","field_37":"","field_54":"Owner","field_53":"3","field_59":"80","field_60":"30","field_64":"","field_66":"0","field_67":"","field_68":"","field_69":"","field_70":"","field_71":"","field_72":"","field_73":"","field_21":"0","field_22":"true","field_23":"true","field_24":"true","field_25":"0","field_28":"0","field_29":"0","field_31":"true","field_52":"0","field_11":"true","field_30":"true","field_27":"0","field_33":"true","field_32":"true","field_43":"0","field_44":"500","field_45":"500","field_46":"500","field_47":"500","field_48":"500","field_49":"500","field_50":"500","field_51":"600","field_9":"0","field_12":"","field_42":"0"}', NULL, NULL, NULL, 2, 2, 20, 200, 'Sale', 'House', 'Zagreb', 'Zagreb'),
(9, 15, 1, '{"field_10":"Round towers","field_8":"Lorem ipsum dolor sit amet, consectetur adipiscing elit. Sed vulputate \\r\\nnec neque gravida rhoncus. Donec sit amet blandit mauris, sed bibendum \\r\\nrisus. Cras ut urna semper, facilisis augue sed, imperdiet nulla. Duis \\r\\ntristique tellus tortor, dapibus gravida sem sodales id. Nullam quis \\r\\nconvallis libero, vitae pulvinar nisi 9.","field_17":"<p>\\r\\nLorem ipsum dolor sit amet, consectetur adipiscing elit. Sed vulputate \\r\\nnec neque gravida rhoncus. Donec sit amet blandit mauris, sed bibendum \\r\\nrisus. Cras ut urna semper, facilisis augue sed, imperdiet nulla. Duis \\r\\ntristique tellus tortor, dapibus gravida sem sodales id. Nullam quis \\r\\nconvallis libero, vitae pulvinar nisi.<\\/p><p><span style=\\"font-weight: bold;\\">Nam eget est facilisis, porta mi \\r\\nac, ultricies enim. Proin nisi diam, eleifend ac eleifend in, dapibus in\\r\\n orci. Vestibulum elementum lectus non nisl venenatis, tempus molestie \\r\\nnisi tempus. Pellentesque facilisis nibh nec purus blandit, id aliquam \\r\\nlorem fermentum.\\r\\n<\\/span><\\/p>\\r\\n<p>\\r\\n<span style=\\"font-style: italic;\\">Ut erat lacus, sagittis ac leo eu, molestie mattis libero. Nam sit amet \\r\\nmassa et magna porttitor eleifend a aliquam nunc. Pellentesque a est a \\r\\naugue dignissim tristique eu nec augue. Integer pretium sollicitudin \\r\\ntellus, quis hendrerit nunc accumsan et. Fusce bibendum a neque vel \\r\\nfringilla. Vivamus viverra enim at purus gravida, in elementum neque \\r\\neleifend. Curabitur sodales dapibus urna, at mattis lacus eleifend non. \\r\\nDonec ultricies porta orci eu congue. Nulla sodales arcu a libero \\r\\naliquet, nec aliquam ante sagittis.<\\/span><\\/p>","field_38":"empty","field_6":"house","field_56":"","field_1":"0","field_4":"Sale","field_2":"House","field_5":"Zagreba\\u010dka","field_7":"Vrbovec","field_40":"","field_3":"Less than 50m2","field_57":"49","field_39":"-","field_19":"2","field_20":"2","field_58":"5","field_36":"","field_55":"","field_37":"","field_54":"Agent","field_53":"","field_59":"30","field_60":"10","field_64":"","field_66":"0","field_67":"","field_68":"","field_69":"","field_70":"","field_71":"","field_72":"","field_73":"","field_21":"0","field_22":"true","field_23":"true","field_24":"true","field_25":"0","field_28":"0","field_29":"0","field_31":"0","field_52":"0","field_11":"true","field_30":"0","field_27":"0","field_33":"true","field_32":"true","field_43":"0","field_44":"200","field_45":"200","field_46":"200","field_47":"","field_48":"","field_49":"","field_50":"","field_51":"","field_9":"0","field_12":"","field_42":"0"}', NULL, NULL, NULL, 2, 2, 5, 49, 'Sale', 'House', 'Zagrebačka', 'Vrbovec'),
(10, 16, 1, '{"field_10":"Fear wood","field_8":"Lorem ipsum dolor sit amet, consectetur adipiscing elit. Sed vulputate \\r\\nnec neque gravida rhoncus. Donec sit amet blandit mauris, sed bibendum \\r\\nrisus. Cras ut urna semper, facilisis augue sed, imperdiet nulla. Duis \\r\\ntristique tellus tortor, dapibus gravida sem sodales id. Nullam quis \\r\\nconvallis libero, vitae pulvinar nisi.","field_17":"<p>\\r\\nLorem ipsum dolor sit amet, consectetur adipiscing elit. Sed vulputate \\r\\nnec neque gravida rhoncus. Donec sit amet blandit mauris, sed bibendum \\r\\nrisus. Cras ut urna semper, facilisis augue sed, imperdiet nulla. Duis \\r\\ntristique tellus tortor, dapibus gravida sem sodales id. Nullam quis \\r\\nconvallis libero, vitae pulvinar nisi.<\\/p><p><span style=\\"font-weight: bold;\\">Nam eget est facilisis, porta mi \\r\\nac, ultricies enim. Proin nisi diam, eleifend ac eleifend in, dapibus in\\r\\n orci. Vestibulum elementum lectus non nisl venenatis, tempus molestie \\r\\nnisi tempus. Pellentesque facilisis nibh nec purus blandit, id aliquam \\r\\nlorem fermentum.\\r\\n<\\/span><\\/p>\\r\\n<p>\\r\\n<span style=\\"font-style: italic;\\">Ut erat lacus, sagittis ac leo eu, molestie mattis libero. Nam sit amet \\r\\nmassa et magna porttitor eleifend a aliquam nunc. Pellentesque a est a \\r\\naugue dignissim tristique eu nec augue. Integer pretium sollicitudin \\r\\ntellus, quis hendrerit nunc accumsan et. Fusce bibendum a neque vel \\r\\nfringilla. Vivamus viverra enim at purus gravida, in elementum neque \\r\\neleifend. Curabitur sodales dapibus urna, at mattis lacus eleifend non. \\r\\nDonec ultricies porta orci eu congue. Nulla sodales arcu a libero \\r\\naliquet, nec aliquam ante sagittis.<\\/span><\\/p>","field_38":"empty","field_6":"land","field_56":"","field_1":"0","field_4":"Sale","field_2":"Land","field_5":"Zagorje","field_7":"Zlatar Bistrica","field_40":"","field_3":"50-100m2","field_57":"80","field_39":"-","field_19":"1","field_20":"1","field_58":"8","field_36":"","field_55":"","field_37":"","field_54":"Agent","field_53":"","field_59":"80","field_60":"30","field_64":"","field_66":"0","field_67":"","field_68":"","field_69":"","field_70":"","field_71":"","field_72":"","field_73":"","field_21":"0","field_22":"true","field_23":"true","field_24":"0","field_25":"true","field_28":"0","field_29":"0","field_31":"0","field_52":"0","field_11":"true","field_30":"0","field_27":"0","field_33":"0","field_32":"0","field_43":"0","field_44":"","field_45":"","field_46":"","field_47":"100","field_48":"","field_49":"","field_50":"","field_51":"","field_9":"0","field_12":"","field_42":"0"}', NULL, NULL, NULL, 1, 1, 8, 80, 'Sale', 'Land', 'Zagorje', 'Zlatar Bistrica'),
(11, 17, 1, '{"field_10":"Classic American","field_8":"Lorem ipsum dolor sit amet, consectetur adipiscing elit. Sed vulputate \\r\\nnec neque gravida rhoncus. Donec sit amet blandit mauris, sed bibendum \\r\\nrisus.","field_17":"<p>\\r\\nLorem ipsum dolor sit amet, consectetur adipiscing elit. Sed vulputate \\r\\nnec neque gravida rhoncus. Donec sit amet blandit mauris, sed bibendum \\r\\nrisus. Cras ut urna semper, facilisis augue sed, imperdiet nulla. Duis \\r\\ntristique tellus tortor, dapibus gravida sem sodales id. Nullam quis \\r\\nconvallis libero, vitae pulvinar nisi.<\\/p><p><span style=\\"font-weight: bold;\\">Nam eget est facilisis, porta mi \\r\\nac, ultricies enim. Proin nisi diam, eleifend ac eleifend in, dapibus in\\r\\n orci. Vestibulum elementum lectus non nisl venenatis, tempus molestie \\r\\nnisi tempus. Pellentesque facilisis nibh nec purus blandit, id aliquam \\r\\nlorem fermentum.\\r\\n<\\/span><\\/p>\\r\\n<p>\\r\\n<span style=\\"font-style: italic;\\">Ut erat lacus, sagittis ac leo eu, molestie mattis libero. Nam sit amet \\r\\nmassa et magna porttitor eleifend a aliquam nunc. Pellentesque a est a \\r\\naugue dignissim tristique eu nec augue. Integer pretium sollicitudin \\r\\ntellus, quis hendrerit nunc accumsan et. Fusce bibendum a neque vel \\r\\nfringilla. Vivamus viverra enim at purus gravida, in elementum neque \\r\\neleifend. Curabitur sodales dapibus urna, at mattis lacus eleifend non. \\r\\nDonec ultricies porta orci eu congue. Nulla sodales arcu a libero \\r\\naliquet, nec aliquam ante sagittis.<\\/span><\\/p>","field_38":"empty","field_6":"house","field_56":"","field_1":"0","field_4":"Sale","field_2":"House","field_5":"Zagreba\\u010dka","field_7":"Ivani\\u0107 Grad","field_40":"","field_3":"Less than 50m2","field_57":"50","field_39":"-","field_19":"1","field_20":"1","field_58":"5","field_36":"","field_55":"","field_37":"","field_54":"Agent","field_53":"","field_59":"80","field_60":"30","field_64":"","field_66":"0","field_67":"","field_68":"","field_69":"","field_70":"","field_71":"","field_72":"","field_73":"","field_21":"0","field_22":"0","field_23":"0","field_24":"0","field_25":"true","field_28":"0","field_29":"0","field_31":"0","field_52":"0","field_11":"0","field_30":"0","field_27":"0","field_33":"0","field_32":"0","field_43":"0","field_44":"400","field_45":"","field_46":"","field_47":"","field_48":"","field_49":"","field_50":"","field_51":"","field_9":"0","field_12":"","field_42":"0"}', NULL, NULL, NULL, 1, 1, 5, 50, 'Sale', 'House', 'Zagrebačka', 'Ivanić Grad'),
(12, 18, 1, '{"field_10":"Small beauty","field_8":"Lorem ipsum dolor sit amet, consectetur adipiscing elit. Sed vulputate \\r\\nnec neque gravida rhoncus. Donec sit amet blandit mauris, sed bibendum \\r\\nrisus.","field_17":"<p>\\r\\nLorem ipsum dolor sit amet, consectetur adipiscing elit. Sed vulputate \\r\\nnec neque gravida rhoncus. Donec sit amet blandit mauris, sed bibendum \\r\\nrisus. Cras ut urna semper, facilisis augue sed, imperdiet nulla. Duis \\r\\ntristique tellus tortor, dapibus gravida sem sodales id. Nullam quis \\r\\nconvallis libero, vitae pulvinar nisi.<\\/p><p><span style=\\"font-weight: bold;\\">Nam eget est facilisis, porta mi \\r\\nac, ultricies enim. Proin nisi diam, eleifend ac eleifend in, dapibus in\\r\\n orci. Vestibulum elementum lectus non nisl venenatis, tempus molestie \\r\\nnisi tempus. Pellentesque facilisis nibh nec purus blandit, id aliquam \\r\\nlorem fermentum.\\r\\n<\\/span><\\/p>\\r\\n<p>\\r\\n<span style=\\"font-style: italic;\\">Ut erat lacus, sagittis ac leo eu, molestie mattis libero. Nam sit amet \\r\\nmassa et magna porttitor eleifend a aliquam nunc. Pellentesque a est a \\r\\naugue dignissim tristique eu nec augue. Integer pretium sollicitudin \\r\\ntellus, quis hendrerit nunc accumsan et. Fusce bibendum a neque vel \\r\\nfringilla. Vivamus viverra enim at purus gravida, in elementum neque \\r\\neleifend. Curabitur sodales dapibus urna, at mattis lacus eleifend non. \\r\\nDonec ultricies porta orci eu congue. Nulla sodales arcu a libero \\r\\naliquet, nec aliquam ante sagittis.<\\/span><\\/p>","field_38":"empty","field_6":"house","field_56":"","field_1":"0","field_4":"Sale","field_2":"House","field_5":"Vara\\u017edinska","field_7":"Novi Marof","field_40":"","field_3":"50-100m2","field_57":"90","field_39":"-","field_19":"1","field_20":"1","field_58":"5","field_36":"","field_55":"","field_37":"","field_54":"Agent","field_53":"","field_59":"90","field_60":"40","field_64":"","field_66":"0","field_67":"","field_68":"","field_69":"","field_70":"","field_71":"","field_72":"","field_73":"","field_21":"0","field_22":"0","field_23":"0","field_24":"0","field_25":"0","field_28":"true","field_29":"0","field_31":"0","field_52":"0","field_11":"0","field_30":"0","field_27":"true","field_33":"0","field_32":"true","field_43":"0","field_44":"","field_45":"","field_46":"50","field_47":"","field_48":"","field_49":"","field_50":"","field_51":"","field_9":"0","field_12":"","field_42":"0"}', NULL, NULL, NULL, 1, 1, 5, 90, 'Sale', 'House', 'Varaždinska', 'Novi Marof'),
(13, 19, 1, '{"field_10":"Retro old","field_8":"Lorem ipsum dolor sit amet, consectetur adipiscing elit. Sed vulputate \\r\\nnec neque gravida rhoncus. Donec sit amet blandit mauris, sed bibendum \\r\\nrisus.","field_17":"<p>\\r\\nLorem ipsum dolor sit amet, consectetur adipiscing elit. Sed vulputate \\r\\nnec neque gravida rhoncus. Donec sit amet blandit mauris, sed bibendum \\r\\nrisus. Cras ut urna semper, facilisis augue sed, imperdiet nulla. Duis \\r\\ntristique tellus tortor, dapibus gravida sem sodales id. Nullam quis \\r\\nconvallis libero, vitae pulvinar nisi.<\\/p><p><span style=\\"font-weight: bold;\\">Nam eget est facilisis, porta mi \\r\\nac, ultricies enim. Proin nisi diam, eleifend ac eleifend in, dapibus in\\r\\n orci. Vestibulum elementum lectus non nisl venenatis, tempus molestie \\r\\nnisi tempus. Pellentesque facilisis nibh nec purus blandit, id aliquam \\r\\nlorem fermentum.\\r\\n<\\/span><\\/p>\\r\\n<p>\\r\\n<span style=\\"font-style: italic;\\">Ut erat lacus, sagittis ac leo eu, molestie mattis libero. Nam sit amet \\r\\nmassa et magna porttitor eleifend a aliquam nunc. Pellentesque a est a \\r\\naugue dignissim tristique eu nec augue. Integer pretium sollicitudin \\r\\ntellus, quis hendrerit nunc accumsan et. Fusce bibendum a neque vel \\r\\nfringilla. Vivamus viverra enim at purus gravida, in elementum neque \\r\\neleifend. Curabitur sodales dapibus urna, at mattis lacus eleifend non. \\r\\nDonec ultricies porta orci eu congue. Nulla sodales arcu a libero \\r\\naliquet, nec aliquam ante sagittis.<\\/span><\\/p>","field_38":"empty","field_6":"house","field_56":"","field_1":"0","field_4":"Sale","field_2":"House","field_5":"Zagorje","field_7":"Sveti Ivan Zelika","field_40":"11000","field_3":"Less than 50m2","field_57":"35","field_39":"-","field_19":"1","field_20":"1","field_58":"3","field_36":"","field_55":"","field_37":"","field_54":"Agent","field_53":"","field_59":"80","field_60":"20","field_65":"267","field_64":"","field_66":"0","field_67":"","field_74":"270","field_68":"","field_69":"","field_70":"","field_71":"","field_72":"","field_73":"","field_21":"0","field_22":"0","field_23":"0","field_24":"0","field_25":"0","field_28":"0","field_29":"0","field_31":"true","field_52":"0","field_11":"true","field_30":"0","field_27":"0","field_33":"true","field_32":"true","field_43":"0","field_44":"","field_45":"","field_46":"","field_47":"","field_48":"","field_49":"800","field_50":"800","field_51":"","field_9":"0","field_12":"","field_42":"0"}', NULL, NULL, NULL, 1, 1, 3, 35, 'Sale', 'House', 'Zagorje', 'Sveti Ivan Zelika'),
(14, 29, 1, '{"field_10":"My property","field_8":"Lorem ipsum dolor sit amet, consectetur adipiscing elit. Sed vulputate \\r\\nnec neque gravida rhoncus. Donec sit amet blandit mauris, sed bibendum \\r\\nrisus.","field_17":"<p>\\r\\nLorem ipsum dolor sit amet, consectetur adipiscing elit. Sed vulputate \\r\\nnec neque gravida rhoncus. Donec sit amet blandit mauris, sed bibendum \\r\\nrisus. Cras ut urna semper, facilisis augue sed, imperdiet nulla. Duis \\r\\ntristique tellus tortor, dapibus gravida sem sodales id. Nullam quis \\r\\nconvallis libero, vitae pulvinar nisi.<\\/p><p><span style=\\"font-weight: bold;\\">Nam eget est facilisis, porta mi \\r\\nac, ultricies enim. Proin nisi diam, eleifend ac eleifend in, dapibus in\\r\\n orci. Vestibulum elementum lectus non nisl venenatis, tempus molestie \\r\\nnisi tempus. Pellentesque facilisis nibh nec purus blandit, id aliquam \\r\\nlorem fermentum.\\r\\n<\\/span><\\/p>\\r\\n<p>\\r\\n<span style=\\"font-style: italic;\\">Ut erat lacus, sagittis ac leo eu, molestie mattis libero. Nam sit amet \\r\\nmassa et magna porttitor eleifend a aliquam nunc. Pellentesque a est a \\r\\naugue dignissim tristique eu nec augue. Integer pretium sollicitudin \\r\\ntellus, quis hendrerit nunc accumsan et. Fusce bibendum a neque vel \\r\\nfringilla. Vivamus viverra enim at purus gravida, in elementum neque \\r\\neleifend. Curabitur sodales dapibus urna, at mattis lacus eleifend non. \\r\\nDonec ultricies porta orci eu congue. Nulla sodales arcu a libero \\r\\naliquet, nec aliquam ante sagittis.<\\/span><\\/p>","field_38":"new","field_6":"house","field_56":"","field_1":"0","field_4":"Sale","field_2":"House","field_5":"Vara\\u017edinska","field_7":"Cestica","field_40":"","field_3":"50-100m2","field_57":"60","field_39":"D","field_19":"2","field_20":"2","field_58":"5","field_36":"","field_55":"","field_37":"","field_54":"Agent","field_53":"","field_59":"50","field_60":"20","field_64":"","field_66":"0","field_67":"","field_68":"","field_69":"","field_70":"","field_71":"","field_72":"","field_73":"","field_21":"0","field_22":"true","field_23":"true","field_24":"0","field_25":"0","field_28":"0","field_29":"0","field_31":"0","field_52":"0","field_11":"true","field_30":"0","field_27":"0","field_33":"0","field_32":"0","field_43":"0","field_44":"","field_45":"","field_46":"","field_47":"","field_48":"","field_49":"","field_50":"700","field_51":"700","field_9":"0","field_12":"","field_42":"0"}', NULL, NULL, NULL, 2, 2, 5, 60, 'Sale', 'House', 'Varaždinska', 'Cestica'),
(16, 7, 2, '{"field_10":"Toplice Bliznec","field_8":"Lorem ipsum dolor sit amet, consectetur adipiscing elit. Sed vulputate \\r\\nnec neque gravida rhoncus. Donec sit amet blandit mauris, sed bibendum \\r\\nrisus. Cras ut urna semper, facilisis augue sed, imperdiet nulla. Duis \\r\\ntristique tellus tortor, dapibus gravida sem sodales id. Nullam quis \\r\\nconvallis libero, vitae pulvinar nisi.","field_17":"<p>\\r\\nLorem ipsum dolor sit amet, consectetur adipiscing elit. Sed vulputate \\r\\nnec neque gravida rhoncus. Donec sit amet blandit mauris, sed bibendum \\r\\nrisus. Cras ut urna semper, facilisis augue sed, imperdiet nulla. Duis \\r\\ntristique tellus tortor, dapibus gravida sem sodales id. Nullam quis \\r\\nconvallis libero, vitae pulvinar nisi.<\\/p><p><span style=\\"font-weight: bold;\\">Nam eget est facilisis, porta mi \\r\\nac, ultricies enim. Proin nisi diam, eleifend ac eleifend in, dapibus in\\r\\n orci. Vestibulum elementum lectus non nisl venenatis, tempus molestie \\r\\nnisi tempus. Pellentesque facilisis nibh nec purus blandit, id aliquam \\r\\nlorem fermentum.\\r\\n<\\/span><\\/p>\\r\\n<p>\\r\\n<span style=\\"font-style: italic;\\">Ut erat lacus, sagittis ac leo eu, molestie mattis libero. Nam sit amet \\r\\nmassa et magna porttitor eleifend a aliquam nunc. Pellentesque a est a \\r\\naugue dignissim tristique eu nec augue. Integer pretium sollicitudin \\r\\ntellus, quis hendrerit nunc accumsan et. Fusce bibendum a neque vel \\r\\nfringilla. Vivamus viverra enim at purus gravida, in elementum neque \\r\\neleifend. Curabitur sodales dapibus urna, at mattis lacus eleifend non. \\r\\nDonec ultricies porta orci eu congue. Nulla sodales arcu a libero \\r\\naliquet, nec aliquam ante sagittis.<\\/span><\\/p>","field_38":"novo","field_6":"commercial","field_56":"","field_1":"0","field_4":"Prodaja i najam","field_2":"Poslovni prostor","field_5":"Zagreb","field_7":"Zagreb","field_40":"","field_3":"Vi\\u0161e od 100m2","field_57":"33","field_39":"B","field_19":"5","field_20":"5","field_58":"12","field_36":"40000","field_55":"","field_37":"400","field_54":"Agent","field_53":"","field_59":"","field_60":"","field_64":"","field_66":"0","field_67":"","field_68":"","field_69":"","field_70":"","field_71":"","field_72":"","field_73":"","field_21":"0","field_22":"true","field_23":"0","field_24":"0","field_25":"0","field_28":"true","field_29":"true","field_31":"0","field_52":"0","field_11":"true","field_30":"true","field_27":"true","field_33":"true","field_32":"true","field_43":"0","field_44":"1500","field_45":"1500","field_46":"","field_47":"","field_48":"","field_49":"","field_50":"","field_51":"","field_9":"0","field_12":"","field_42":"0"}', 40000, 400, NULL, 5, 5, 12, 33, 'Prodaja i najam', 'Poslovni prostor', 'Zagreb', 'Zagreb'),
(17, 8, 2, '{"field_10":"Ozalj apartman","field_8":"Lorem ipsum dolor sit amet, consectetur adipiscing elit. Sed vulputate \\r\\nnec neque gravida rhoncus. Donec sit amet blandit mauris, sed bibendum \\r\\nrisus. Cras ut urna semper, facilisis augue sed, imperdiet nulla. Duis \\r\\ntristique tellus tortor, dapibus gravida sem sodales id. Nullam quis \\r\\nconvallis libero, vitae pulvinar nisi.","field_17":"<p>\\r\\nLorem ipsum dolor sit amet, consectetur adipiscing elit. Sed vulputate \\r\\nnec neque gravida rhoncus. Donec sit amet blandit mauris, sed bibendum \\r\\nrisus. Cras ut urna semper, facilisis augue sed, imperdiet nulla. Duis \\r\\ntristique tellus tortor, dapibus gravida sem sodales id. Nullam quis \\r\\nconvallis libero, vitae pulvinar nisi.<\\/p><p><span style=\\"font-weight: bold;\\">Nam eget est facilisis, porta mi \\r\\nac, ultricies enim. Proin nisi diam, eleifend ac eleifend in, dapibus in\\r\\n orci. Vestibulum elementum lectus non nisl venenatis, tempus molestie \\r\\nnisi tempus. Pellentesque facilisis nibh nec purus blandit, id aliquam \\r\\nlorem fermentum.\\r\\n<\\/span><\\/p>\\r\\n<p>\\r\\n<span style=\\"font-style: italic;\\">Ut erat lacus, sagittis ac leo eu, molestie mattis libero. Nam sit amet \\r\\nmassa et magna porttitor eleifend a aliquam nunc. Pellentesque a est a \\r\\naugue dignissim tristique eu nec augue. Integer pretium sollicitudin \\r\\ntellus, quis hendrerit nunc accumsan et. Fusce bibendum a neque vel \\r\\nfringilla. Vivamus viverra enim at purus gravida, in elementum neque \\r\\neleifend. Curabitur sodales dapibus urna, at mattis lacus eleifend non. \\r\\nDonec ultricies porta orci eu congue. Nulla sodales arcu a libero \\r\\naliquet, nec aliquam ante sagittis.<\\/span><\\/p>","field_38":"prodano","field_6":"apartment","field_56":"","field_1":"0","field_4":"Najam","field_2":"Stan","field_5":"Gorski Kotar","field_7":"Ozalj","field_40":"","field_3":"Manje od 50m2","field_57":"48","field_39":"-","field_19":"1","field_20":"1","field_58":"4","field_36":"","field_55":"","field_37":"","field_54":"Agent","field_53":"","field_59":"","field_60":"","field_64":"","field_66":"0","field_67":"","field_68":"","field_69":"","field_70":"","field_71":"","field_72":"","field_73":"","field_21":"0","field_22":"true","field_23":"0","field_24":"true","field_25":"0","field_28":"true","field_29":"true","field_31":"true","field_52":"0","field_11":"true","field_30":"0","field_27":"0","field_33":"0","field_32":"true","field_43":"0","field_44":"","field_45":"","field_46":"","field_47":"","field_48":"","field_49":"1200","field_50":"1500","field_51":"1500","field_9":"0","field_12":"<iframe width=\\"560\\" height=\\"315\\" src=\\"\\/\\/www.youtube.com\\/embed\\/FvMCKrwo8Hc\\" frameborder=\\"0\\" allowfullscreen><\\/iframe>","field_42":"0"}', NULL, NULL, NULL, 1, 1, 4, 48, 'Najam', 'Stan', 'Gorski Kotar', 'Ozalj'),
(18, 9, 2, '{"field_10":"Restoran jezero","field_8":"Lorem ipsum dolor sit amet, consectetur adipiscing elit. Sed vulputate \\r\\nnec neque gravida rhoncus. Donec sit amet blandit mauris, sed bibendum \\r\\nrisus. Cras ut urna semper, facilisis augue sed, imperdiet nulla. Duis \\r\\ntristique tellus tortor, dapibus gravida sem sodales id. Nullam quis \\r\\nconvallis libero, vitae pulvinar nisi.","field_17":"<p>\\r\\nLorem ipsum dolor sit amet, consectetur adipiscing elit. Sed vulputate \\r\\nnec neque gravida rhoncus. Donec sit amet blandit mauris, sed bibendum \\r\\nrisus. Cras ut urna semper, facilisis augue sed, imperdiet nulla. Duis \\r\\ntristique tellus tortor, dapibus gravida sem sodales id. Nullam quis \\r\\nconvallis libero, vitae pulvinar nisi.<\\/p><p><span style=\\"font-weight: bold;\\">Nam eget est facilisis, porta mi \\r\\nac, ultricies enim. Proin nisi diam, eleifend ac eleifend in, dapibus in\\r\\n orci. Vestibulum elementum lectus non nisl venenatis, tempus molestie \\r\\nnisi tempus. Pellentesque facilisis nibh nec purus blandit, id aliquam \\r\\nlorem fermentum.\\r\\n<\\/span><\\/p>\\r\\n<p>\\r\\n<span style=\\"font-style: italic;\\">Ut erat lacus, sagittis ac leo eu, molestie mattis libero. Nam sit amet \\r\\nmassa et magna porttitor eleifend a aliquam nunc. Pellentesque a est a \\r\\naugue dignissim tristique eu nec augue. Integer pretium sollicitudin \\r\\ntellus, quis hendrerit nunc accumsan et. Fusce bibendum a neque vel \\r\\nfringilla. Vivamus viverra enim at purus gravida, in elementum neque \\r\\neleifend. Curabitur sodales dapibus urna, at mattis lacus eleifend non. \\r\\nDonec ultricies porta orci eu congue. Nulla sodales arcu a libero \\r\\naliquet, nec aliquam ante sagittis.<\\/span><\\/p>","field_38":"prodano","field_6":"commercial","field_56":"","field_1":"0","field_4":"Prodaja","field_2":"Poslovni prostor","field_5":"Karlovac","field_7":"Pisarovina","field_40":"","field_3":"50-100m2","field_57":"77","field_39":"-","field_19":"1","field_20":"0","field_58":"7","field_36":"","field_55":"","field_37":"","field_54":"Agent","field_53":"","field_59":"","field_60":"","field_64":"","field_66":"0","field_67":"","field_68":"","field_69":"","field_70":"","field_71":"","field_72":"","field_73":"","field_21":"0","field_22":"true","field_23":"0","field_24":"true","field_25":"true","field_28":"true","field_29":"true","field_31":"true","field_52":"0","field_11":"true","field_30":"0","field_27":"true","field_33":"true","field_32":"true","field_43":"0","field_44":"","field_45":"","field_46":"","field_47":"1500","field_48":"1500","field_49":"1500","field_50":"","field_51":"","field_9":"0","field_12":"","field_42":"0"}', NULL, NULL, NULL, 1, NULL, 7, 77, 'Prodaja', 'Poslovni prostor', 'Karlovac', 'Pisarovina'),
(19, 10, 2, '{"field_10":"Lux apartman","field_8":"Lorem ipsum dolor sit amet, consectetur adipiscing elit. Sed vulputate \\r\\nnec neque gravida rhoncus. Donec sit amet blandit mauris, sed bibendum \\r\\nrisus. Cras ut urna semper, facilisis augue sed, imperdiet nulla. Duis \\r\\ntristique tellus tortor, dapibus gravida sem sodales id. Nullam quis \\r\\nconvallis libero, vitae pulvinar nisi.","field_17":"<p>\\r\\nLorem ipsum dolor sit amet, consectetur adipiscing elit. Sed vulputate \\r\\nnec neque gravida rhoncus. Donec sit amet blandit mauris, sed bibendum \\r\\nrisus. Cras ut urna semper, facilisis augue sed, imperdiet nulla. Duis \\r\\ntristique tellus tortor, dapibus gravida sem sodales id. Nullam quis \\r\\nconvallis libero, vitae pulvinar nisi.<\\/p><p><span style=\\"font-weight: bold;\\">Nam eget est facilisis, porta mi \\r\\nac, ultricies enim. Proin nisi diam, eleifend ac eleifend in, dapibus in\\r\\n orci. Vestibulum elementum lectus non nisl venenatis, tempus molestie \\r\\nnisi tempus. Pellentesque facilisis nibh nec purus blandit, id aliquam \\r\\nlorem fermentum.\\r\\n<\\/span><\\/p>\\r\\n<p>\\r\\n<span style=\\"font-style: italic;\\">Ut erat lacus, sagittis ac leo eu, molestie mattis libero. Nam sit amet \\r\\nmassa et magna porttitor eleifend a aliquam nunc. Pellentesque a est a \\r\\naugue dignissim tristique eu nec augue. Integer pretium sollicitudin \\r\\ntellus, quis hendrerit nunc accumsan et. Fusce bibendum a neque vel \\r\\nfringilla. Vivamus viverra enim at purus gravida, in elementum neque \\r\\neleifend. Curabitur sodales dapibus urna, at mattis lacus eleifend non. \\r\\nDonec ultricies porta orci eu congue. Nulla sodales arcu a libero \\r\\naliquet, nec aliquam ante sagittis.<\\/span><\\/p>","field_38":"akcija","field_6":"apartment","field_56":"","field_1":"0","field_4":"Prodaja","field_2":"Stan","field_5":"Kri\\u017eevci","field_7":"Cubinec","field_40":"","field_3":"Manje od 50m2","field_57":"44","field_39":"-","field_19":"1","field_20":"1","field_58":"4","field_36":"","field_55":"","field_37":"","field_54":"Agent","field_53":"","field_59":"","field_60":"","field_64":"","field_66":"0","field_67":"","field_68":"","field_69":"","field_70":"","field_71":"","field_72":"","field_73":"","field_21":"0","field_22":"true","field_23":"true","field_24":"true","field_25":"true","field_28":"true","field_29":"true","field_31":"true","field_52":"0","field_11":"0","field_30":"true","field_27":"0","field_33":"0","field_32":"true","field_43":"0","field_44":"","field_45":"1200","field_46":"","field_47":"","field_48":"","field_49":"","field_50":"","field_51":"","field_9":"0","field_12":"","field_42":"0"}', NULL, NULL, NULL, 1, 1, 4, 44, 'Prodaja', 'Stan', 'Križevci', 'Cubinec');
INSERT INTO `property_lang` (`l_id`, `property_id`, `language_id`, `json_object`, `field_36_int`, `field_37_int`, `field_55_int`, `field_19_int`, `field_20_int`, `field_58_int`, `field_57_int`, `field_4`, `field_2`, `field_5`, `field_7`) VALUES
(20, 11, 2, '{"field_10":"Sky apartman","field_8":"Lorem ipsum dolor sit amet, consectetur adipiscing elit. Sed vulputate \\r\\nnec neque gravida rhoncus. Donec sit amet blandit mauris, sed bibendum \\r\\nrisus. Cras ut urna semper, facilisis augue sed, imperdiet nulla. Duis \\r\\ntristique tellus tortor, dapibus gravida sem sodales id. Nullam quis \\r\\nconvallis libero, vitae pulvinar nisi.","field_17":"<p>\\r\\nLorem ipsum dolor sit amet, consectetur adipiscing elit. Sed vulputate \\r\\nnec neque gravida rhoncus. Donec sit amet blandit mauris, sed bibendum \\r\\nrisus. Cras ut urna semper, facilisis augue sed, imperdiet nulla. Duis \\r\\ntristique tellus tortor, dapibus gravida sem sodales id. Nullam quis \\r\\nconvallis libero, vitae pulvinar nisi.<\\/p><p><span style=\\"font-weight: bold;\\">Nam eget est facilisis, porta mi \\r\\nac, ultricies enim. Proin nisi diam, eleifend ac eleifend in, dapibus in\\r\\n orci. Vestibulum elementum lectus non nisl venenatis, tempus molestie \\r\\nnisi tempus. Pellentesque facilisis nibh nec purus blandit, id aliquam \\r\\nlorem fermentum.\\r\\n<\\/span><\\/p>\\r\\n<p>\\r\\n<span style=\\"font-style: italic;\\">Ut erat lacus, sagittis ac leo eu, molestie mattis libero. Nam sit amet \\r\\nmassa et magna porttitor eleifend a aliquam nunc. Pellentesque a est a \\r\\naugue dignissim tristique eu nec augue. Integer pretium sollicitudin \\r\\ntellus, quis hendrerit nunc accumsan et. Fusce bibendum a neque vel \\r\\nfringilla. Vivamus viverra enim at purus gravida, in elementum neque \\r\\neleifend. Curabitur sodales dapibus urna, at mattis lacus eleifend non. \\r\\nDonec ultricies porta orci eu congue. Nulla sodales arcu a libero \\r\\naliquet, nec aliquam ante sagittis.<\\/span><\\/p>","field_38":"empty","field_6":"apartment","field_56":"","field_1":"0","field_4":"Prodaja","field_2":"Stan","field_5":"Vara\\u017edinska","field_7":"Ivanec","field_40":"","field_3":"50-100m2","field_57":"70","field_39":"-","field_19":"1","field_20":"2","field_58":"7","field_36":"","field_55":"","field_37":"","field_54":"Agent","field_53":"","field_59":"","field_60":"","field_64":"","field_66":"0","field_67":"","field_68":"","field_69":"","field_70":"","field_71":"","field_72":"","field_73":"","field_21":"0","field_22":"0","field_23":"0","field_24":"0","field_25":"0","field_28":"true","field_29":"0","field_31":"0","field_52":"0","field_11":"true","field_30":"0","field_27":"true","field_33":"true","field_32":"0","field_43":"0","field_44":"","field_45":"","field_46":"1200","field_47":"1200","field_48":"","field_49":"","field_50":"","field_51":"","field_9":"0","field_12":"","field_42":"0"}', NULL, NULL, NULL, 1, 2, 7, 70, 'Prodaja', 'Stan', 'Varaždinska', 'Ivanec'),
(21, 12, 2, '{"field_10":"Retro ku\\u0107a","field_8":"Lorem ipsum dolor sit amet, consectetur adipiscing elit. Sed vulputate \\r\\nnec neque gravida rhoncus. Donec sit amet blandit mauris, sed bibendum \\r\\nrisus. Cras ut urna semper, facilisis augue sed, imperdiet nulla. Duis \\r\\ntristique tellus tortor, dapibus gravida sem sodales id. Nullam quis \\r\\nconvallis libero, vitae pulvinar nisi.","field_17":"<p>\\r\\nLorem ipsum dolor sit amet, consectetur adipiscing elit. Sed vulputate \\r\\nnec neque gravida rhoncus. Donec sit amet blandit mauris, sed bibendum \\r\\nrisus. Cras ut urna semper, facilisis augue sed, imperdiet nulla. Duis \\r\\ntristique tellus tortor, dapibus gravida sem sodales id. Nullam quis \\r\\nconvallis libero, vitae pulvinar nisi.<\\/p><p><span style=\\"font-weight: bold;\\">Nam eget est facilisis, porta mi \\r\\nac, ultricies enim. Proin nisi diam, eleifend ac eleifend in, dapibus in\\r\\n orci. Vestibulum elementum lectus non nisl venenatis, tempus molestie \\r\\nnisi tempus. Pellentesque facilisis nibh nec purus blandit, id aliquam \\r\\nlorem fermentum.\\r\\n<\\/span><\\/p>\\r\\n<p>\\r\\n<span style=\\"font-style: italic;\\">Ut erat lacus, sagittis ac leo eu, molestie mattis libero. Nam sit amet \\r\\nmassa et magna porttitor eleifend a aliquam nunc. Pellentesque a est a \\r\\naugue dignissim tristique eu nec augue. Integer pretium sollicitudin \\r\\ntellus, quis hendrerit nunc accumsan et. Fusce bibendum a neque vel \\r\\nfringilla. Vivamus viverra enim at purus gravida, in elementum neque \\r\\neleifend. Curabitur sodales dapibus urna, at mattis lacus eleifend non. \\r\\nDonec ultricies porta orci eu congue. Nulla sodales arcu a libero \\r\\naliquet, nec aliquam ante sagittis.<\\/span><\\/p>","field_38":"empty","field_6":"house","field_56":"","field_1":"0","field_4":"Prodaja","field_2":"Ku\\u0107a","field_5":"Vara\\u017edinska","field_7":"Trnovec Bartolove\\u010dki","field_40":"","field_3":"Manje od 50m2","field_57":"60","field_39":"-","field_19":"1","field_20":"1","field_58":"6","field_36":"50000","field_55":"","field_37":"","field_54":"Agent","field_53":"","field_59":"","field_60":"","field_64":"","field_66":"0","field_67":"","field_68":"","field_69":"","field_70":"","field_71":"","field_72":"","field_73":"","field_21":"0","field_22":"true","field_23":"true","field_24":"true","field_25":"true","field_28":"0","field_29":"0","field_31":"0","field_52":"0","field_11":"true","field_30":"0","field_27":"true","field_33":"0","field_32":"0","field_43":"0","field_44":"","field_45":"","field_46":"","field_47":"","field_48":"","field_49":"1200","field_50":"1200","field_51":"1200","field_9":"0","field_12":"","field_42":"0"}', 50000, NULL, NULL, 1, 1, 6, 60, 'Prodaja', 'Kuća', 'Varaždinska', 'Trnovec Bartolovečki'),
(22, 13, 2, '{"field_10":"\\u017duto drvo","field_8":"Lorem ipsum dolor sit amet, consectetur adipiscing elit. Sed vulputate \\r\\nnec neque gravida rhoncus. Donec sit amet blandit mauris, sed bibendum \\r\\nrisus. Cras ut urna semper, facilisis augue sed, imperdiet nulla. Duis \\r\\ntristique tellus tortor, dapibus gravida sem sodales id. Nullam quis \\r\\nconvallis libero, vitae pulvinar nisi.","field_17":"<p>\\r\\nLorem ipsum dolor sit amet, consectetur adipiscing elit. Sed vulputate \\r\\nnec neque gravida rhoncus. Donec sit amet blandit mauris, sed bibendum \\r\\nrisus. Cras ut urna semper, facilisis augue sed, imperdiet nulla. Duis \\r\\ntristique tellus tortor, dapibus gravida sem sodales id. Nullam quis \\r\\nconvallis libero, vitae pulvinar nisi.<\\/p><p><span style=\\"font-weight: bold;\\">Nam eget est facilisis, porta mi \\r\\nac, ultricies enim. Proin nisi diam, eleifend ac eleifend in, dapibus in\\r\\n orci. Vestibulum elementum lectus non nisl venenatis, tempus molestie \\r\\nnisi tempus. Pellentesque facilisis nibh nec purus blandit, id aliquam \\r\\nlorem fermentum.\\r\\n<\\/span><\\/p>\\r\\n<p>\\r\\n<span style=\\"font-style: italic;\\">Ut erat lacus, sagittis ac leo eu, molestie mattis libero. Nam sit amet \\r\\nmassa et magna porttitor eleifend a aliquam nunc. Pellentesque a est a \\r\\naugue dignissim tristique eu nec augue. Integer pretium sollicitudin \\r\\ntellus, quis hendrerit nunc accumsan et. Fusce bibendum a neque vel \\r\\nfringilla. Vivamus viverra enim at purus gravida, in elementum neque \\r\\neleifend. Curabitur sodales dapibus urna, at mattis lacus eleifend non. \\r\\nDonec ultricies porta orci eu congue. Nulla sodales arcu a libero \\r\\naliquet, nec aliquam ante sagittis.<\\/span><\\/p>","field_38":"empty","field_6":"house","field_56":"","field_1":"0","field_4":"Prodaja","field_2":"Ku\\u0107a","field_5":"Zagreba\\u010dka","field_7":"Sesvete","field_40":"","field_3":"50-100m2","field_57":"90","field_39":"-","field_19":"1","field_20":"1","field_58":"9","field_36":"","field_55":"","field_37":"","field_54":"Agent","field_53":"","field_59":"200","field_60":"50","field_64":"","field_66":"0","field_67":"","field_68":"","field_69":"","field_70":"","field_71":"","field_72":"","field_73":"","field_21":"0","field_22":"true","field_23":"true","field_24":"true","field_25":"true","field_28":"0","field_29":"0","field_31":"0","field_52":"0","field_11":"true","field_30":"0","field_27":"0","field_33":"0","field_32":"0","field_43":"0","field_44":"","field_45":"","field_46":"","field_47":"","field_48":"","field_49":"300","field_50":"300","field_51":"300","field_9":"0","field_12":"","field_42":"0"}', NULL, NULL, NULL, 1, 1, 9, 90, 'Prodaja', 'Kuća', 'Zagrebačka', 'Sesvete'),
(23, 14, 2, '{"field_10":"Ku\\u0107a crno staklo","field_8":"Lorem ipsum dolor sit amet, consectetur adipiscing elit. Sed vulputate \\r\\nnec neque gravida rhoncus. Donec sit amet blandit mauris, sed bibendum \\r\\nrisus.","field_17":"<p>\\r\\nLorem ipsum dolor sit amet, consectetur adipiscing elit. Sed vulputate \\r\\nnec neque gravida rhoncus. Donec sit amet blandit mauris, sed bibendum \\r\\nrisus. Cras ut urna semper, facilisis augue sed, imperdiet nulla. Duis \\r\\ntristique tellus tortor, dapibus gravida sem sodales id. Nullam quis \\r\\nconvallis libero, vitae pulvinar nisi.<\\/p><p><span style=\\"font-weight: bold;\\">Nam eget est facilisis, porta mi \\r\\nac, ultricies enim. Proin nisi diam, eleifend ac eleifend in, dapibus in\\r\\n orci. Vestibulum elementum lectus non nisl venenatis, tempus molestie \\r\\nnisi tempus. Pellentesque facilisis nibh nec purus blandit, id aliquam \\r\\nlorem fermentum.\\r\\n<\\/span><\\/p>\\r\\n<p>\\r\\n<span style=\\"font-style: italic;\\">Ut erat lacus, sagittis ac leo eu, molestie mattis libero. Nam sit amet \\r\\nmassa et magna porttitor eleifend a aliquam nunc. Pellentesque a est a \\r\\naugue dignissim tristique eu nec augue. Integer pretium sollicitudin \\r\\ntellus, quis hendrerit nunc accumsan et. Fusce bibendum a neque vel \\r\\nfringilla. Vivamus viverra enim at purus gravida, in elementum neque \\r\\neleifend. Curabitur sodales dapibus urna, at mattis lacus eleifend non. \\r\\nDonec ultricies porta orci eu congue. Nulla sodales arcu a libero \\r\\naliquet, nec aliquam ante sagittis.<\\/span><\\/p>","field_38":"empty","field_6":"house","field_56":"5","field_1":"0","field_4":"Prodaja","field_2":"Ku\\u0107a","field_5":"Zagreb","field_7":"Zagreb","field_40":"","field_3":"Vi\\u0161e od 100m2","field_57":"200","field_39":"-","field_19":"2","field_20":"2","field_58":"20","field_36":"","field_55":"","field_37":"","field_54":"Vlasnik","field_53":"3","field_59":"80","field_60":"30","field_64":"","field_66":"0","field_67":"","field_68":"","field_69":"","field_70":"","field_71":"","field_72":"","field_73":"","field_21":"0","field_22":"true","field_23":"true","field_24":"true","field_25":"0","field_28":"0","field_29":"0","field_31":"true","field_52":"0","field_11":"true","field_30":"true","field_27":"0","field_33":"true","field_32":"true","field_43":"0","field_44":"500","field_45":"500","field_46":"500","field_47":"500","field_48":"500","field_49":"500","field_50":"500","field_51":"600","field_9":"0","field_12":"","field_42":"0"}', NULL, NULL, NULL, 2, 2, 20, 200, 'Prodaja', 'Kuća', 'Zagreb', 'Zagreb'),
(24, 15, 2, '{"field_10":"Okrugle kule","field_8":"Lorem ipsum dolor sit amet, consectetur adipiscing elit. Sed vulputate \\r\\nnec neque gravida rhoncus. Donec sit amet blandit mauris, sed bibendum \\r\\nrisus. Cras ut urna semper, facilisis augue sed, imperdiet nulla. Duis \\r\\ntristique tellus tortor, dapibus gravida sem sodales id. Nullam quis \\r\\nconvallis libero, vitae pulvinar nisi.","field_17":"<p>\\r\\nLorem ipsum dolor sit amet, consectetur adipiscing elit. Sed vulputate \\r\\nnec neque gravida rhoncus. Donec sit amet blandit mauris, sed bibendum \\r\\nrisus. Cras ut urna semper, facilisis augue sed, imperdiet nulla. Duis \\r\\ntristique tellus tortor, dapibus gravida sem sodales id. Nullam quis \\r\\nconvallis libero, vitae pulvinar nisi.<\\/p><p><span style=\\"font-weight: bold;\\">Nam eget est facilisis, porta mi \\r\\nac, ultricies enim. Proin nisi diam, eleifend ac eleifend in, dapibus in\\r\\n orci. Vestibulum elementum lectus non nisl venenatis, tempus molestie \\r\\nnisi tempus. Pellentesque facilisis nibh nec purus blandit, id aliquam \\r\\nlorem fermentum.\\r\\n<\\/span><\\/p>\\r\\n<p>\\r\\n<span style=\\"font-style: italic;\\">Ut erat lacus, sagittis ac leo eu, molestie mattis libero. Nam sit amet \\r\\nmassa et magna porttitor eleifend a aliquam nunc. Pellentesque a est a \\r\\naugue dignissim tristique eu nec augue. Integer pretium sollicitudin \\r\\ntellus, quis hendrerit nunc accumsan et. Fusce bibendum a neque vel \\r\\nfringilla. Vivamus viverra enim at purus gravida, in elementum neque \\r\\neleifend. Curabitur sodales dapibus urna, at mattis lacus eleifend non. \\r\\nDonec ultricies porta orci eu congue. Nulla sodales arcu a libero \\r\\naliquet, nec aliquam ante sagittis.<\\/span><\\/p>","field_38":"empty","field_6":"house","field_56":"","field_1":"0","field_4":"Prodaja","field_2":"Stan","field_5":"Zagreba\\u010dka","field_7":"Vrbovec","field_40":"","field_3":"Vi\\u0161e od 100m2","field_57":"49","field_39":"-","field_19":"2","field_20":"2","field_58":"5","field_36":"","field_55":"","field_37":"","field_54":"Agent","field_53":"","field_59":"","field_60":"","field_64":"","field_66":"0","field_67":"","field_68":"","field_69":"","field_70":"","field_71":"","field_72":"","field_73":"","field_21":"0","field_22":"true","field_23":"true","field_24":"true","field_25":"0","field_28":"0","field_29":"0","field_31":"0","field_52":"0","field_11":"true","field_30":"0","field_27":"0","field_33":"true","field_32":"true","field_43":"0","field_44":"200","field_45":"200","field_46":"200","field_47":"","field_48":"","field_49":"","field_50":"","field_51":"","field_9":"0","field_12":"","field_42":"0"}', NULL, NULL, NULL, 2, 2, 5, 49, 'Prodaja', 'Stan', 'Zagrebačka', 'Vrbovec'),
(25, 16, 2, '{"field_10":"Drvo straha","field_8":"Lorem ipsum dolor sit amet, consectetur adipiscing elit. Sed vulputate \\r\\nnec neque gravida rhoncus. Donec sit amet blandit mauris, sed bibendum \\r\\nrisus. Cras ut urna semper, facilisis augue sed, imperdiet nulla. Duis \\r\\ntristique tellus tortor, dapibus gravida sem sodales id. Nullam quis \\r\\nconvallis libero, vitae pulvinar nisi.","field_17":"<p>\\r\\nLorem ipsum dolor sit amet, consectetur adipiscing elit. Sed vulputate \\r\\nnec neque gravida rhoncus. Donec sit amet blandit mauris, sed bibendum \\r\\nrisus. Cras ut urna semper, facilisis augue sed, imperdiet nulla. Duis \\r\\ntristique tellus tortor, dapibus gravida sem sodales id. Nullam quis \\r\\nconvallis libero, vitae pulvinar nisi.<\\/p><p><span style=\\"font-weight: bold;\\">Nam eget est facilisis, porta mi \\r\\nac, ultricies enim. Proin nisi diam, eleifend ac eleifend in, dapibus in\\r\\n orci. Vestibulum elementum lectus non nisl venenatis, tempus molestie \\r\\nnisi tempus. Pellentesque facilisis nibh nec purus blandit, id aliquam \\r\\nlorem fermentum.\\r\\n<\\/span><\\/p>\\r\\n<p>\\r\\n<span style=\\"font-style: italic;\\">Ut erat lacus, sagittis ac leo eu, molestie mattis libero. Nam sit amet \\r\\nmassa et magna porttitor eleifend a aliquam nunc. Pellentesque a est a \\r\\naugue dignissim tristique eu nec augue. Integer pretium sollicitudin \\r\\ntellus, quis hendrerit nunc accumsan et. Fusce bibendum a neque vel \\r\\nfringilla. Vivamus viverra enim at purus gravida, in elementum neque \\r\\neleifend. Curabitur sodales dapibus urna, at mattis lacus eleifend non. \\r\\nDonec ultricies porta orci eu congue. Nulla sodales arcu a libero \\r\\naliquet, nec aliquam ante sagittis.<\\/span><\\/p>","field_38":"empty","field_6":"land","field_56":"","field_1":"0","field_4":"Prodaja","field_2":"Zemlji\\u0161te","field_5":"Zagorje","field_7":"Zlatar Bistrica","field_40":"","field_3":"50-100m2","field_57":"80","field_39":"-","field_19":"1","field_20":"1","field_58":"8","field_36":"","field_55":"","field_37":"","field_54":"Agent","field_53":"","field_59":"","field_60":"","field_64":"","field_66":"0","field_67":"","field_68":"","field_69":"","field_70":"","field_71":"","field_72":"","field_73":"","field_21":"0","field_22":"true","field_23":"true","field_24":"0","field_25":"true","field_28":"0","field_29":"0","field_31":"0","field_52":"0","field_11":"true","field_30":"0","field_27":"0","field_33":"0","field_32":"0","field_43":"0","field_44":"","field_45":"","field_46":"","field_47":"100","field_48":"","field_49":"","field_50":"","field_51":"","field_9":"0","field_12":"","field_42":"0"}', NULL, NULL, NULL, 1, 1, 8, 80, 'Prodaja', 'Zemljište', 'Zagorje', 'Zlatar Bistrica'),
(26, 17, 2, '{"field_10":"Ameri\\u010dka ku\\u0107a","field_8":"Lorem ipsum dolor sit amet, consectetur adipiscing elit. Sed vulputate \\r\\nnec neque gravida rhoncus. Donec sit amet blandit mauris, sed bibendum \\r\\nrisus.","field_17":"<p>\\r\\nLorem ipsum dolor sit amet, consectetur adipiscing elit. Sed vulputate \\r\\nnec neque gravida rhoncus. Donec sit amet blandit mauris, sed bibendum \\r\\nrisus. Cras ut urna semper, facilisis augue sed, imperdiet nulla. Duis \\r\\ntristique tellus tortor, dapibus gravida sem sodales id. Nullam quis \\r\\nconvallis libero, vitae pulvinar nisi.<\\/p><p><span style=\\"font-weight: bold;\\">Nam eget est facilisis, porta mi \\r\\nac, ultricies enim. Proin nisi diam, eleifend ac eleifend in, dapibus in\\r\\n orci. Vestibulum elementum lectus non nisl venenatis, tempus molestie \\r\\nnisi tempus. Pellentesque facilisis nibh nec purus blandit, id aliquam \\r\\nlorem fermentum.\\r\\n<\\/span><\\/p>\\r\\n<p>\\r\\n<span style=\\"font-style: italic;\\">Ut erat lacus, sagittis ac leo eu, molestie mattis libero. Nam sit amet \\r\\nmassa et magna porttitor eleifend a aliquam nunc. Pellentesque a est a \\r\\naugue dignissim tristique eu nec augue. Integer pretium sollicitudin \\r\\ntellus, quis hendrerit nunc accumsan et. Fusce bibendum a neque vel \\r\\nfringilla. Vivamus viverra enim at purus gravida, in elementum neque \\r\\neleifend. Curabitur sodales dapibus urna, at mattis lacus eleifend non. \\r\\nDonec ultricies porta orci eu congue. Nulla sodales arcu a libero \\r\\naliquet, nec aliquam ante sagittis.<\\/span><\\/p>","field_38":"empty","field_6":"house","field_56":"","field_1":"0","field_4":"Prodaja","field_2":"Stan","field_5":"zagreba\\u010dka","field_7":"Ivani\\u0107 Grad","field_40":"","field_3":"Manje od 50m2","field_57":"50","field_39":"-","field_19":"1","field_20":"1","field_58":"5","field_36":"","field_55":"","field_37":"","field_54":"Agent","field_53":"","field_59":"","field_60":"","field_64":"","field_66":"0","field_67":"","field_68":"","field_69":"","field_70":"","field_71":"","field_72":"","field_73":"","field_21":"0","field_22":"0","field_23":"0","field_24":"0","field_25":"true","field_28":"0","field_29":"0","field_31":"0","field_52":"0","field_11":"0","field_30":"0","field_27":"0","field_33":"0","field_32":"0","field_43":"0","field_44":"400","field_45":"","field_46":"","field_47":"","field_48":"","field_49":"","field_50":"","field_51":"","field_9":"0","field_12":"","field_42":"0"}', NULL, NULL, NULL, 1, 1, 5, 50, 'Prodaja', 'Stan', 'zagrebačka', 'Ivanić Grad'),
(27, 18, 2, '{"field_10":"Malena ljepotica","field_8":"Lorem ipsum dolor sit amet, consectetur adipiscing elit. Sed vulputate \\r\\nnec neque gravida rhoncus. Donec sit amet blandit mauris, sed bibendum \\r\\nrisus.","field_17":"<p>\\r\\nLorem ipsum dolor sit amet, consectetur adipiscing elit. Sed vulputate \\r\\nnec neque gravida rhoncus. Donec sit amet blandit mauris, sed bibendum \\r\\nrisus. Cras ut urna semper, facilisis augue sed, imperdiet nulla. Duis \\r\\ntristique tellus tortor, dapibus gravida sem sodales id. Nullam quis \\r\\nconvallis libero, vitae pulvinar nisi.<\\/p><p><span style=\\"font-weight: bold;\\">Nam eget est facilisis, porta mi \\r\\nac, ultricies enim. Proin nisi diam, eleifend ac eleifend in, dapibus in\\r\\n orci. Vestibulum elementum lectus non nisl venenatis, tempus molestie \\r\\nnisi tempus. Pellentesque facilisis nibh nec purus blandit, id aliquam \\r\\nlorem fermentum.\\r\\n<\\/span><\\/p>\\r\\n<p>\\r\\n<span style=\\"font-style: italic;\\">Ut erat lacus, sagittis ac leo eu, molestie mattis libero. Nam sit amet \\r\\nmassa et magna porttitor eleifend a aliquam nunc. Pellentesque a est a \\r\\naugue dignissim tristique eu nec augue. Integer pretium sollicitudin \\r\\ntellus, quis hendrerit nunc accumsan et. Fusce bibendum a neque vel \\r\\nfringilla. Vivamus viverra enim at purus gravida, in elementum neque \\r\\neleifend. Curabitur sodales dapibus urna, at mattis lacus eleifend non. \\r\\nDonec ultricies porta orci eu congue. Nulla sodales arcu a libero \\r\\naliquet, nec aliquam ante sagittis.<\\/span><\\/p>","field_38":"empty","field_6":"house","field_56":"","field_1":"0","field_4":"Prodaja","field_2":"Ku\\u0107a","field_5":"Vara\\u017edinska","field_7":"Novi Marof","field_40":"","field_3":"50-100m2","field_57":"90","field_39":"-","field_19":"1","field_20":"1","field_58":"5","field_36":"","field_55":"","field_37":"","field_54":"Agent","field_53":"","field_59":"","field_60":"","field_64":"","field_66":"0","field_67":"","field_68":"","field_69":"","field_70":"","field_71":"","field_72":"","field_73":"","field_21":"0","field_22":"0","field_23":"0","field_24":"0","field_25":"0","field_28":"true","field_29":"true","field_31":"0","field_52":"0","field_11":"0","field_30":"0","field_27":"true","field_33":"0","field_32":"0","field_43":"0","field_44":"","field_45":"","field_46":"50","field_47":"","field_48":"","field_49":"","field_50":"","field_51":"","field_9":"0","field_12":"","field_42":"0"}', NULL, NULL, NULL, 1, 1, 5, 90, 'Prodaja', 'Kuća', 'Varaždinska', 'Novi Marof'),
(28, 19, 2, '{"field_10":"Stari retro","field_8":"Lorem ipsum dolor sit amet, consectetur adipiscing elit. Sed vulputate \\r\\nnec neque gravida rhoncus. Donec sit amet blandit mauris, sed bibendum \\r\\nrisus.","field_17":"<p>\\r\\nLorem ipsum dolor sit amet, consectetur adipiscing elit. Sed vulputate \\r\\nnec neque gravida rhoncus. Donec sit amet blandit mauris, sed bibendum \\r\\nrisus. Cras ut urna semper, facilisis augue sed, imperdiet nulla. Duis \\r\\ntristique tellus tortor, dapibus gravida sem sodales id. Nullam quis \\r\\nconvallis libero, vitae pulvinar nisi.<\\/p><p><span style=\\"font-weight: bold;\\">Nam eget est facilisis, porta mi \\r\\nac, ultricies enim. Proin nisi diam, eleifend ac eleifend in, dapibus in\\r\\n orci. Vestibulum elementum lectus non nisl venenatis, tempus molestie \\r\\nnisi tempus. Pellentesque facilisis nibh nec purus blandit, id aliquam \\r\\nlorem fermentum.\\r\\n<\\/span><\\/p>\\r\\n<p>\\r\\n<span style=\\"font-style: italic;\\">Ut erat lacus, sagittis ac leo eu, molestie mattis libero. Nam sit amet \\r\\nmassa et magna porttitor eleifend a aliquam nunc. Pellentesque a est a \\r\\naugue dignissim tristique eu nec augue. Integer pretium sollicitudin \\r\\ntellus, quis hendrerit nunc accumsan et. Fusce bibendum a neque vel \\r\\nfringilla. Vivamus viverra enim at purus gravida, in elementum neque \\r\\neleifend. Curabitur sodales dapibus urna, at mattis lacus eleifend non. \\r\\nDonec ultricies porta orci eu congue. Nulla sodales arcu a libero \\r\\naliquet, nec aliquam ante sagittis.<\\/span><\\/p>","field_38":"empty","field_6":"house","field_56":"","field_1":"0","field_4":"Prodaja","field_2":"Ku\\u0107a","field_5":"Zagorje","field_7":"Sveti Ivan Zelika","field_40":"11000","field_3":"Manje od 50m2","field_57":"35","field_39":"-","field_19":"1","field_20":"1","field_58":"3","field_36":"","field_55":"","field_37":"","field_54":"Agent","field_53":"","field_59":"","field_60":"","field_64":"","field_66":"0","field_67":"","field_68":"","field_69":"","field_70":"","field_71":"","field_72":"","field_73":"","field_21":"0","field_22":"0","field_23":"0","field_24":"0","field_25":"0","field_28":"0","field_29":"0","field_31":"true","field_52":"0","field_11":"true","field_30":"0","field_27":"0","field_33":"true","field_32":"true","field_43":"0","field_44":"","field_45":"","field_46":"","field_47":"","field_48":"","field_49":"800","field_50":"800","field_51":"","field_9":"0","field_12":"","field_42":"0"}', NULL, NULL, NULL, 1, 1, 3, 35, 'Prodaja', 'Kuća', 'Zagorje', 'Sveti Ivan Zelika'),
(29, 29, 2, '{"field_10":"Moja nekretnina","field_8":"Lorem ipsum dolor sit amet, consectetur adipiscing elit. Sed vulputate \\r\\nnec neque gravida rhoncus. Donec sit amet blandit mauris, sed bibendum \\r\\nrisus.","field_17":"<p>\\r\\nLorem ipsum dolor sit amet, consectetur adipiscing elit. Sed vulputate \\r\\nnec neque gravida rhoncus. Donec sit amet blandit mauris, sed bibendum \\r\\nrisus. Cras ut urna semper, facilisis augue sed, imperdiet nulla. Duis \\r\\ntristique tellus tortor, dapibus gravida sem sodales id. Nullam quis \\r\\nconvallis libero, vitae pulvinar nisi.<\\/p><p><span style=\\"font-weight: bold;\\">Nam eget est facilisis, porta mi \\r\\nac, ultricies enim. Proin nisi diam, eleifend ac eleifend in, dapibus in\\r\\n orci. Vestibulum elementum lectus non nisl venenatis, tempus molestie \\r\\nnisi tempus. Pellentesque facilisis nibh nec purus blandit, id aliquam \\r\\nlorem fermentum.\\r\\n<\\/span><\\/p>\\r\\n<p>\\r\\n<span style=\\"font-style: italic;\\">Ut erat lacus, sagittis ac leo eu, molestie mattis libero. Nam sit amet \\r\\nmassa et magna porttitor eleifend a aliquam nunc. Pellentesque a est a \\r\\naugue dignissim tristique eu nec augue. Integer pretium sollicitudin \\r\\ntellus, quis hendrerit nunc accumsan et. Fusce bibendum a neque vel \\r\\nfringilla. Vivamus viverra enim at purus gravida, in elementum neque \\r\\neleifend. Curabitur sodales dapibus urna, at mattis lacus eleifend non. \\r\\nDonec ultricies porta orci eu congue. Nulla sodales arcu a libero \\r\\naliquet, nec aliquam ante sagittis.<\\/span><\\/p>","field_38":"novo","field_6":"house","field_56":"","field_1":"0","field_4":"Prodaja","field_2":"Ku\\u0107a","field_5":"Vara\\u017edinska","field_7":"Cestica","field_40":"","field_3":"50-100m2","field_57":"60","field_39":"D","field_19":"2","field_20":"2","field_58":"5","field_36":"","field_55":"","field_37":"","field_54":"Agent","field_53":"","field_59":"","field_60":"","field_64":"","field_66":"0","field_67":"","field_68":"","field_69":"","field_70":"","field_71":"","field_72":"","field_73":"","field_21":"0","field_22":"true","field_23":"true","field_24":"0","field_25":"0","field_28":"0","field_29":"0","field_31":"0","field_52":"0","field_11":"true","field_30":"0","field_27":"0","field_33":"0","field_32":"0","field_43":"0","field_44":"","field_45":"","field_46":"","field_47":"","field_48":"","field_49":"","field_50":"700","field_51":"700","field_9":"0","field_12":"","field_42":"0"}', NULL, NULL, NULL, 2, 2, 5, 60, 'Prodaja', 'Kuća', 'Varaždinska', 'Cestica'),
(41, 30, 1, '{"field_10":"Bjelovar estate","field_8":"Lorem ipsum dolor sit amet, consectetur adipiscing elit. Sed vulputate \\r\\nnec neque gravida rhoncus. Donec sit amet blandit mauris, sed bibendum \\r\\nrisus.","field_17":"<p>\\r\\nLorem ipsum dolor sit amet, consectetur adipiscing elit. Sed vulputate \\r\\nnec neque gravida rhoncus. Donec sit amet blandit mauris, sed bibendum \\r\\nrisus. Cras ut urna semper, facilisis augue sed, imperdiet nulla. Duis \\r\\ntristique tellus tortor, dapibus gravida sem sodales id. Nullam quis \\r\\nconvallis libero, vitae pulvinar nisi.<\\/p><p><span style=\\"font-weight: bold;\\">Nam eget est facilisis, porta mi \\r\\nac, ultricies enim. Proin nisi diam, eleifend ac eleifend in, dapibus in\\r\\n orci. Vestibulum elementum lectus non nisl venenatis, tempus molestie \\r\\nnisi tempus. Pellentesque facilisis nibh nec purus blandit, id aliquam \\r\\nlorem fermentum.\\r\\n<\\/span><\\/p>\\r\\n<p>\\r\\n<span style=\\"font-style: italic;\\">Ut erat lacus, sagittis ac leo eu, molestie mattis libero. Nam sit amet \\r\\nmassa et magna porttitor eleifend a aliquam nunc. Pellentesque a est a \\r\\naugue dignissim tristique eu nec augue. Integer pretium sollicitudin \\r\\ntellus, quis hendrerit nunc accumsan et. Fusce bibendum a neque vel \\r\\nfringilla. Vivamus viverra enim at purus gravida, in elementum neque \\r\\neleifend. Curabitur sodales dapibus urna, at mattis lacus eleifend non. \\r\\nDonec ultricies porta orci eu congue. Nulla sodales arcu a libero \\r\\naliquet, nec aliquam ante sagittis.<\\/span><\\/p>","field_38":"empty","field_6":"apartment","field_56":"","field_1":false,"field_4":"Rent","field_2":"Apartment","field_5":"Bjelovarska","field_7":"Bjelovar","field_40":"","field_3":"Less than 50m2","field_57":"40","field_39":"-","field_19":"3","field_20":"3","field_58":"7","field_36":"90,000.00","field_55":"","field_37":"","field_54":"Agent","field_53":"-","field_59":"70","field_60":"20","field_65":"262","field_64":"Manitoba - Winnipeg -","field_66":false,"field_67":"FieldGate properties","field_74":"264","field_68":"1234567890","field_69":"http:\\/\\/www.google.com","field_70":"http:\\/\\/www.facebook.com","field_71":"http:\\/\\/www.twitter.com","field_72":"345 Dixon Road\\r\\nToronto Ontario M9R 15G\\r\\n(Dixon &amp; Kipling)","field_73":"0-24","field_21":false,"field_22":"true","field_23":false,"field_24":"true","field_25":false,"field_28":"true","field_29":"true","field_31":"true","field_52":false,"field_11":"true","field_30":false,"field_27":"true","field_33":"true","field_32":"true","field_43":false,"field_44":"600","field_45":"600","field_46":"600","field_47":"600","field_48":"","field_49":"","field_50":"","field_51":"","field_9":false,"field_12":"","field_42":false}', 90000, NULL, NULL, 3, 3, 7, 40, 'Rent', 'Apartment', 'Bjelovarska', 'Bjelovar'),
(42, 30, 2, '{"field_10":"Bjelovar nekretnina","field_8":"Lorem ipsum dolor sit amet, consectetur adipiscing elit. Sed vulputate \\r\\nnec neque gravida rhoncus. Donec sit amet blandit mauris, sed bibendum \\r\\nrisus.","field_17":"<p>\\r\\nLorem ipsum dolor sit amet, consectetur adipiscing elit. Sed vulputate \\r\\nnec neque gravida rhoncus. Donec sit amet blandit mauris, sed bibendum \\r\\nrisus. Cras ut urna semper, facilisis augue sed, imperdiet nulla. Duis \\r\\ntristique tellus tortor, dapibus gravida sem sodales id. Nullam quis \\r\\nconvallis libero, vitae pulvinar nisi.<\\/p><p><span style=\\"font-weight: bold;\\">Nam eget est facilisis, porta mi \\r\\nac, ultricies enim. Proin nisi diam, eleifend ac eleifend in, dapibus in\\r\\n orci. Vestibulum elementum lectus non nisl venenatis, tempus molestie \\r\\nnisi tempus. Pellentesque facilisis nibh nec purus blandit, id aliquam \\r\\nlorem fermentum.\\r\\n<\\/span><\\/p>\\r\\n<p>\\r\\n<span style=\\"font-style: italic;\\">Ut erat lacus, sagittis ac leo eu, molestie mattis libero. Nam sit amet \\r\\nmassa et magna porttitor eleifend a aliquam nunc. Pellentesque a est a \\r\\naugue dignissim tristique eu nec augue. Integer pretium sollicitudin \\r\\ntellus, quis hendrerit nunc accumsan et. Fusce bibendum a neque vel \\r\\nfringilla. Vivamus viverra enim at purus gravida, in elementum neque \\r\\neleifend. Curabitur sodales dapibus urna, at mattis lacus eleifend non. \\r\\nDonec ultricies porta orci eu congue. Nulla sodales arcu a libero \\r\\naliquet, nec aliquam ante sagittis.<\\/span><\\/p>","field_38":"empty","field_6":"apartment","field_56":"","field_1":false,"field_4":"Najam","field_2":"Stan","field_5":"Bjelovarska","field_7":"Bjelovar","field_40":"","field_3":"Manje od 50m2","field_57":"40","field_39":"-","field_19":"3","field_20":"3","field_58":"7","field_36":"90,000.00","field_55":"","field_37":"","field_54":"Agent","field_53":"-","field_59":"70","field_60":"20","field_65":"263","field_64":"Manitoba - Winnipeg -","field_66":false,"field_67":"FieldGate properties 2","field_74":"265","field_68":"1234567890","field_69":"http:\\/\\/www.google.com","field_70":"http:\\/\\/www.facebook.com","field_71":"http:\\/\\/www.twitter.com","field_72":"My company description<br>","field_73":"0-24","field_21":false,"field_22":"true","field_23":false,"field_24":"true","field_25":false,"field_28":"true","field_29":"true","field_31":"true","field_52":false,"field_11":"true","field_30":false,"field_27":"true","field_33":"true","field_32":"true","field_43":false,"field_44":"600","field_45":"600","field_46":"600","field_47":"600","field_48":"","field_49":"","field_50":"","field_51":"","field_9":false,"field_12":"","field_42":false}', 90000, NULL, NULL, 3, 3, 7, 40, 'Najam', 'Stan', 'Bjelovarska', 'Bjelovar');

DROP TABLE IF EXISTS `property_user`;
CREATE TABLE IF NOT EXISTS `property_user` (
`id` int(11) NOT NULL,
  `property_id` int(11) NOT NULL,
  `user_id` int(11) NOT NULL
) ENGINE=InnoDB  DEFAULT CHARSET=utf8 COLLATE=utf8_unicode_ci AUTO_INCREMENT=282 ;

INSERT INTO `property_user` (`id`, `property_id`, `user_id`) VALUES
(113, 29, 18),
(255, 18, 9),
(256, 17, 9),
(257, 16, 9),
(259, 12, 11),
(260, 11, 11),
(261, 10, 11),
(262, 9, 9),
(263, 8, 9),
(264, 7, 9),
(265, 13, 10),
(266, 14, 10),
(268, 30, 18),
(272, 19, 11),
(281, 15, 10);

DROP TABLE IF EXISTS `property_value`;
CREATE TABLE IF NOT EXISTS `property_value` (
`id` int(11) NOT NULL,
  `language_id` int(11) NOT NULL,
  `property_id` int(11) NOT NULL,
  `option_id` int(11) NOT NULL,
  `value` text COLLATE utf8_unicode_ci,
  `value_num` int(11) DEFAULT NULL
) ENGINE=InnoDB  DEFAULT CHARSET=utf8 COLLATE=utf8_unicode_ci AUTO_INCREMENT=31856 ;

INSERT INTO `property_value` (`id`, `language_id`, `property_id`, `option_id`, `value`, `value_num`) VALUES
(21304, 1, 29, 10, 'My property', NULL),
(21305, 1, 29, 8, 'Lorem ipsum dolor sit amet, consectetur adipiscing elit. Sed vulputate \r\nnec neque gravida rhoncus. Donec sit amet blandit mauris, sed bibendum \r\nrisus.', NULL),
(21306, 1, 29, 17, '<p>\r\nLorem ipsum dolor sit amet, consectetur adipiscing elit. Sed vulputate \r\nnec neque gravida rhoncus. Donec sit amet blandit mauris, sed bibendum \r\nrisus. Cras ut urna semper, facilisis augue sed, imperdiet nulla. Duis \r\ntristique tellus tortor, dapibus gravida sem sodales id. Nullam quis \r\nconvallis libero, vitae pulvinar nisi.</p><p><span style="font-weight: bold;">Nam eget est facilisis, porta mi \r\nac, ultricies enim. Proin nisi diam, eleifend ac eleifend in, dapibus in\r\n orci. Vestibulum elementum lectus non nisl venenatis, tempus molestie \r\nnisi tempus. Pellentesque facilisis nibh nec purus blandit, id aliquam \r\nlorem fermentum.\r\n</span></p>\r\n<p>\r\n<span style="font-style: italic;">Ut erat lacus, sagittis ac leo eu, molestie mattis libero. Nam sit amet \r\nmassa et magna porttitor eleifend a aliquam nunc. Pellentesque a est a \r\naugue dignissim tristique eu nec augue. Integer pretium sollicitudin \r\ntellus, quis hendrerit nunc accumsan et. Fusce bibendum a neque vel \r\nfringilla. Vivamus viverra enim at purus gravida, in elementum neque \r\neleifend. Curabitur sodales dapibus urna, at mattis lacus eleifend non. \r\nDonec ultricies porta orci eu congue. Nulla sodales arcu a libero \r\naliquet, nec aliquam ante sagittis.</span></p>', NULL),
(21307, 1, 29, 38, 'new', NULL),
(21308, 1, 29, 6, 'house', NULL),
(21309, 1, 29, 56, '', NULL),
(21310, 1, 29, 1, '0', NULL),
(21311, 1, 29, 4, 'Sale', NULL),
(21312, 1, 29, 2, 'House', NULL),
(21313, 1, 29, 5, 'Varaždinska', NULL),
(21314, 1, 29, 7, 'Cestica', NULL),
(21315, 1, 29, 40, '', NULL),
(21316, 1, 29, 64, '', NULL),
(21317, 1, 29, 3, '50-100m2', NULL),
(21318, 1, 29, 57, '60', 60),
(21319, 1, 29, 39, 'D', NULL),
(21320, 1, 29, 19, '2', 2),
(21321, 1, 29, 20, '2', 2),
(21322, 1, 29, 58, '5', 5),
(21323, 1, 29, 36, '', NULL),
(21324, 1, 29, 55, '', NULL),
(21325, 1, 29, 37, '', NULL),
(21326, 1, 29, 54, 'Agent', NULL),
(21327, 1, 29, 53, '', NULL),
(21328, 1, 29, 59, '50', 50),
(21329, 1, 29, 60, '20', 20),
(21330, 1, 29, 66, '0', NULL),
(21331, 1, 29, 67, '', NULL),
(21332, 1, 29, 68, '', NULL),
(21333, 1, 29, 69, '', NULL),
(21334, 1, 29, 70, '', NULL),
(21335, 1, 29, 71, '', NULL),
(21336, 1, 29, 72, '', NULL),
(21337, 1, 29, 73, '', NULL),
(21338, 1, 29, 21, '0', NULL),
(21339, 1, 29, 22, 'true', NULL),
(21340, 1, 29, 23, 'true', NULL),
(21341, 1, 29, 24, '0', NULL),
(21342, 1, 29, 25, '0', NULL),
(21343, 1, 29, 28, '0', NULL),
(21344, 1, 29, 29, '0', NULL),
(21345, 1, 29, 31, '0', NULL),
(21346, 1, 29, 52, '0', NULL),
(21347, 1, 29, 11, 'true', NULL),
(21348, 1, 29, 30, '0', NULL),
(21349, 1, 29, 27, '0', NULL),
(21350, 1, 29, 33, '0', NULL),
(21351, 1, 29, 32, '0', NULL),
(21352, 1, 29, 43, '0', NULL),
(21353, 1, 29, 44, '', NULL),
(21354, 1, 29, 45, '', NULL),
(21355, 1, 29, 46, '', NULL),
(21356, 1, 29, 47, '', NULL),
(21357, 1, 29, 48, '', NULL),
(21358, 1, 29, 49, '', NULL),
(21359, 1, 29, 50, '700', 700),
(21360, 1, 29, 51, '700', 700),
(21361, 1, 29, 9, '0', NULL),
(21362, 1, 29, 12, '', NULL),
(21363, 1, 29, 42, '0', NULL),
(21364, 2, 29, 10, 'Moja nekretnina', NULL),
(21365, 2, 29, 8, 'Lorem ipsum dolor sit amet, consectetur adipiscing elit. Sed vulputate \r\nnec neque gravida rhoncus. Donec sit amet blandit mauris, sed bibendum \r\nrisus.', NULL),
(21366, 2, 29, 17, '<p>\r\nLorem ipsum dolor sit amet, consectetur adipiscing elit. Sed vulputate \r\nnec neque gravida rhoncus. Donec sit amet blandit mauris, sed bibendum \r\nrisus. Cras ut urna semper, facilisis augue sed, imperdiet nulla. Duis \r\ntristique tellus tortor, dapibus gravida sem sodales id. Nullam quis \r\nconvallis libero, vitae pulvinar nisi.</p><p><span style="font-weight: bold;">Nam eget est facilisis, porta mi \r\nac, ultricies enim. Proin nisi diam, eleifend ac eleifend in, dapibus in\r\n orci. Vestibulum elementum lectus non nisl venenatis, tempus molestie \r\nnisi tempus. Pellentesque facilisis nibh nec purus blandit, id aliquam \r\nlorem fermentum.\r\n</span></p>\r\n<p>\r\n<span style="font-style: italic;">Ut erat lacus, sagittis ac leo eu, molestie mattis libero. Nam sit amet \r\nmassa et magna porttitor eleifend a aliquam nunc. Pellentesque a est a \r\naugue dignissim tristique eu nec augue. Integer pretium sollicitudin \r\ntellus, quis hendrerit nunc accumsan et. Fusce bibendum a neque vel \r\nfringilla. Vivamus viverra enim at purus gravida, in elementum neque \r\neleifend. Curabitur sodales dapibus urna, at mattis lacus eleifend non. \r\nDonec ultricies porta orci eu congue. Nulla sodales arcu a libero \r\naliquet, nec aliquam ante sagittis.</span></p>', NULL),
(21367, 2, 29, 38, 'novo', NULL),
(21368, 2, 29, 6, 'house', NULL),
(21369, 2, 29, 56, '', NULL),
(21370, 2, 29, 1, '0', NULL),
(21371, 2, 29, 4, 'Prodaja', NULL),
(21372, 2, 29, 2, 'Kuća', NULL),
(21373, 2, 29, 5, 'Varaždinska', NULL),
(21374, 2, 29, 7, 'Cestica', NULL),
(21375, 2, 29, 40, '', NULL),
(21376, 2, 29, 64, '', NULL),
(21377, 2, 29, 3, '50-100m2', NULL),
(21378, 2, 29, 57, '60', 60),
(21379, 2, 29, 39, 'D', NULL),
(21380, 2, 29, 19, '2', 2),
(21381, 2, 29, 20, '2', 2),
(21382, 2, 29, 58, '5', 5),
(21383, 2, 29, 36, '', NULL),
(21384, 2, 29, 55, '', NULL),
(21385, 2, 29, 37, '', NULL),
(21386, 2, 29, 54, 'Agent', NULL),
(21387, 2, 29, 53, '', NULL),
(21388, 2, 29, 59, '', NULL),
(21389, 2, 29, 60, '', NULL),
(21390, 2, 29, 66, '0', NULL),
(21391, 2, 29, 67, '', NULL),
(21392, 2, 29, 68, '', NULL),
(21393, 2, 29, 69, '', NULL),
(21394, 2, 29, 70, '', NULL),
(21395, 2, 29, 71, '', NULL),
(21396, 2, 29, 72, '', NULL),
(21397, 2, 29, 73, '', NULL),
(21398, 2, 29, 21, '0', NULL),
(21399, 2, 29, 22, 'true', NULL),
(21400, 2, 29, 23, 'true', NULL),
(21401, 2, 29, 24, '0', NULL),
(21402, 2, 29, 25, '0', NULL),
(21403, 2, 29, 28, '0', NULL),
(21404, 2, 29, 29, '0', NULL),
(21405, 2, 29, 31, '0', NULL),
(21406, 2, 29, 52, '0', NULL),
(21407, 2, 29, 11, 'true', NULL),
(21408, 2, 29, 30, '0', NULL),
(21409, 2, 29, 27, '0', NULL),
(21410, 2, 29, 33, '0', NULL),
(21411, 2, 29, 32, '0', NULL),
(21412, 2, 29, 43, '0', NULL),
(21413, 2, 29, 44, '', NULL),
(21414, 2, 29, 45, '', NULL),
(21415, 2, 29, 46, '', NULL),
(21416, 2, 29, 47, '', NULL),
(21417, 2, 29, 48, '', NULL),
(21418, 2, 29, 49, '', NULL),
(21419, 2, 29, 50, '700', 700),
(21420, 2, 29, 51, '700', 700),
(21421, 2, 29, 9, '0', NULL),
(21422, 2, 29, 12, '', NULL),
(21423, 2, 29, 42, '0', NULL),
(21546, 1, 18, 10, 'Small beauty', NULL),
(21547, 1, 18, 8, 'Lorem ipsum dolor sit amet, consectetur adipiscing elit. Sed vulputate \r\nnec neque gravida rhoncus. Donec sit amet blandit mauris, sed bibendum \r\nrisus.', NULL),
(21548, 1, 18, 17, '<p>\r\nLorem ipsum dolor sit amet, consectetur adipiscing elit. Sed vulputate \r\nnec neque gravida rhoncus. Donec sit amet blandit mauris, sed bibendum \r\nrisus. Cras ut urna semper, facilisis augue sed, imperdiet nulla. Duis \r\ntristique tellus tortor, dapibus gravida sem sodales id. Nullam quis \r\nconvallis libero, vitae pulvinar nisi.</p><p><span style="font-weight: bold;">Nam eget est facilisis, porta mi \r\nac, ultricies enim. Proin nisi diam, eleifend ac eleifend in, dapibus in\r\n orci. Vestibulum elementum lectus non nisl venenatis, tempus molestie \r\nnisi tempus. Pellentesque facilisis nibh nec purus blandit, id aliquam \r\nlorem fermentum.\r\n</span></p>\r\n<p>\r\n<span style="font-style: italic;">Ut erat lacus, sagittis ac leo eu, molestie mattis libero. Nam sit amet \r\nmassa et magna porttitor eleifend a aliquam nunc. Pellentesque a est a \r\naugue dignissim tristique eu nec augue. Integer pretium sollicitudin \r\ntellus, quis hendrerit nunc accumsan et. Fusce bibendum a neque vel \r\nfringilla. Vivamus viverra enim at purus gravida, in elementum neque \r\neleifend. Curabitur sodales dapibus urna, at mattis lacus eleifend non. \r\nDonec ultricies porta orci eu congue. Nulla sodales arcu a libero \r\naliquet, nec aliquam ante sagittis.</span></p>', NULL),
(21549, 1, 18, 38, 'empty', NULL),
(21550, 1, 18, 6, 'house', NULL),
(21551, 1, 18, 56, '', NULL),
(21552, 1, 18, 1, '0', NULL),
(21553, 1, 18, 4, 'Sale', NULL),
(21554, 1, 18, 2, 'House', NULL),
(21555, 1, 18, 5, 'Varaždinska', NULL),
(21556, 1, 18, 7, 'Novi Marof', NULL),
(21557, 1, 18, 40, '', NULL),
(21558, 1, 18, 64, '', NULL),
(21559, 1, 18, 3, '50-100m2', NULL),
(21560, 1, 18, 57, '90', 90),
(21561, 1, 18, 39, '-', NULL),
(21562, 1, 18, 19, '1', 1),
(21563, 1, 18, 20, '1', 1),
(21564, 1, 18, 58, '5', 5),
(21565, 1, 18, 36, '', NULL),
(21566, 1, 18, 55, '', NULL),
(21567, 1, 18, 37, '', NULL),
(21568, 1, 18, 54, 'Agent', NULL),
(21569, 1, 18, 53, '', NULL),
(21570, 1, 18, 59, '90', 90),
(21571, 1, 18, 60, '40', 40),
(21572, 1, 18, 66, '0', NULL),
(21573, 1, 18, 67, '', NULL),
(21574, 1, 18, 68, '', NULL),
(21575, 1, 18, 69, '', NULL),
(21576, 1, 18, 70, '', NULL),
(21577, 1, 18, 71, '', NULL),
(21578, 1, 18, 72, '', NULL),
(21579, 1, 18, 73, '', NULL),
(21580, 1, 18, 21, '0', NULL),
(21581, 1, 18, 22, '0', NULL),
(21582, 1, 18, 23, '0', NULL),
(21583, 1, 18, 24, '0', NULL),
(21584, 1, 18, 25, '0', NULL),
(21585, 1, 18, 28, 'true', NULL),
(21586, 1, 18, 29, '0', NULL),
(21587, 1, 18, 31, '0', NULL),
(21588, 1, 18, 52, '0', NULL),
(21589, 1, 18, 11, '0', NULL),
(21590, 1, 18, 30, '0', NULL),
(21591, 1, 18, 27, 'true', NULL),
(21592, 1, 18, 33, '0', NULL),
(21593, 1, 18, 32, 'true', NULL),
(21594, 1, 18, 43, '0', NULL),
(21595, 1, 18, 44, '', NULL),
(21596, 1, 18, 45, '', NULL),
(21597, 1, 18, 46, '50', 50),
(21598, 1, 18, 47, '', NULL),
(21599, 1, 18, 48, '', NULL),
(21600, 1, 18, 49, '', NULL),
(21601, 1, 18, 50, '', NULL),
(21602, 1, 18, 51, '', NULL),
(21603, 1, 18, 9, '0', NULL),
(21604, 1, 18, 12, '', NULL),
(21605, 1, 18, 42, '0', NULL),
(21606, 2, 18, 10, 'Malena ljepotica', NULL),
(21607, 2, 18, 8, 'Lorem ipsum dolor sit amet, consectetur adipiscing elit. Sed vulputate \r\nnec neque gravida rhoncus. Donec sit amet blandit mauris, sed bibendum \r\nrisus.', NULL),
(21608, 2, 18, 17, '<p>\r\nLorem ipsum dolor sit amet, consectetur adipiscing elit. Sed vulputate \r\nnec neque gravida rhoncus. Donec sit amet blandit mauris, sed bibendum \r\nrisus. Cras ut urna semper, facilisis augue sed, imperdiet nulla. Duis \r\ntristique tellus tortor, dapibus gravida sem sodales id. Nullam quis \r\nconvallis libero, vitae pulvinar nisi.</p><p><span style="font-weight: bold;">Nam eget est facilisis, porta mi \r\nac, ultricies enim. Proin nisi diam, eleifend ac eleifend in, dapibus in\r\n orci. Vestibulum elementum lectus non nisl venenatis, tempus molestie \r\nnisi tempus. Pellentesque facilisis nibh nec purus blandit, id aliquam \r\nlorem fermentum.\r\n</span></p>\r\n<p>\r\n<span style="font-style: italic;">Ut erat lacus, sagittis ac leo eu, molestie mattis libero. Nam sit amet \r\nmassa et magna porttitor eleifend a aliquam nunc. Pellentesque a est a \r\naugue dignissim tristique eu nec augue. Integer pretium sollicitudin \r\ntellus, quis hendrerit nunc accumsan et. Fusce bibendum a neque vel \r\nfringilla. Vivamus viverra enim at purus gravida, in elementum neque \r\neleifend. Curabitur sodales dapibus urna, at mattis lacus eleifend non. \r\nDonec ultricies porta orci eu congue. Nulla sodales arcu a libero \r\naliquet, nec aliquam ante sagittis.</span></p>', NULL),
(21609, 2, 18, 38, 'empty', NULL),
(21610, 2, 18, 6, 'house', NULL),
(21611, 2, 18, 56, '', NULL),
(21612, 2, 18, 1, '0', NULL),
(21613, 2, 18, 4, 'Prodaja', NULL),
(21614, 2, 18, 2, 'Kuća', NULL),
(21615, 2, 18, 5, 'Varaždinska', NULL),
(21616, 2, 18, 7, 'Novi Marof', NULL),
(21617, 2, 18, 40, '', NULL),
(21618, 2, 18, 64, '', NULL),
(21619, 2, 18, 3, '50-100m2', NULL),
(21620, 2, 18, 57, '90', 90),
(21621, 2, 18, 39, '-', NULL),
(21622, 2, 18, 19, '1', 1),
(21623, 2, 18, 20, '1', 1),
(21624, 2, 18, 58, '5', 5),
(21625, 2, 18, 36, '', NULL),
(21626, 2, 18, 55, '', NULL),
(21627, 2, 18, 37, '', NULL),
(21628, 2, 18, 54, 'Agent', NULL),
(21629, 2, 18, 53, '', NULL),
(21630, 2, 18, 59, '', NULL),
(21631, 2, 18, 60, '', NULL),
(21632, 2, 18, 66, '0', NULL),
(21633, 2, 18, 67, '', NULL),
(21634, 2, 18, 68, '', NULL),
(21635, 2, 18, 69, '', NULL),
(21636, 2, 18, 70, '', NULL),
(21637, 2, 18, 71, '', NULL),
(21638, 2, 18, 72, '', NULL),
(21639, 2, 18, 73, '', NULL),
(21640, 2, 18, 21, '0', NULL),
(21641, 2, 18, 22, '0', NULL),
(21642, 2, 18, 23, '0', NULL),
(21643, 2, 18, 24, '0', NULL),
(21644, 2, 18, 25, '0', NULL),
(21645, 2, 18, 28, 'true', NULL),
(21646, 2, 18, 29, 'true', NULL),
(21647, 2, 18, 31, '0', NULL),
(21648, 2, 18, 52, '0', NULL),
(21649, 2, 18, 11, '0', NULL),
(21650, 2, 18, 30, '0', NULL),
(21651, 2, 18, 27, 'true', NULL),
(21652, 2, 18, 33, '0', NULL),
(21653, 2, 18, 32, '0', NULL),
(21654, 2, 18, 43, '0', NULL),
(21655, 2, 18, 44, '', NULL),
(21656, 2, 18, 45, '', NULL),
(21657, 2, 18, 46, '50', 50),
(21658, 2, 18, 47, '', NULL),
(21659, 2, 18, 48, '', NULL),
(21660, 2, 18, 49, '', NULL),
(21661, 2, 18, 50, '', NULL),
(21662, 2, 18, 51, '', NULL),
(21663, 2, 18, 9, '0', NULL),
(21664, 2, 18, 12, '', NULL),
(21665, 2, 18, 42, '0', NULL),
(21666, 1, 17, 10, 'Classic American', NULL),
(21667, 1, 17, 8, 'Lorem ipsum dolor sit amet, consectetur adipiscing elit. Sed vulputate \r\nnec neque gravida rhoncus. Donec sit amet blandit mauris, sed bibendum \r\nrisus.', NULL),
(21668, 1, 17, 17, '<p>\r\nLorem ipsum dolor sit amet, consectetur adipiscing elit. Sed vulputate \r\nnec neque gravida rhoncus. Donec sit amet blandit mauris, sed bibendum \r\nrisus. Cras ut urna semper, facilisis augue sed, imperdiet nulla. Duis \r\ntristique tellus tortor, dapibus gravida sem sodales id. Nullam quis \r\nconvallis libero, vitae pulvinar nisi.</p><p><span style="font-weight: bold;">Nam eget est facilisis, porta mi \r\nac, ultricies enim. Proin nisi diam, eleifend ac eleifend in, dapibus in\r\n orci. Vestibulum elementum lectus non nisl venenatis, tempus molestie \r\nnisi tempus. Pellentesque facilisis nibh nec purus blandit, id aliquam \r\nlorem fermentum.\r\n</span></p>\r\n<p>\r\n<span style="font-style: italic;">Ut erat lacus, sagittis ac leo eu, molestie mattis libero. Nam sit amet \r\nmassa et magna porttitor eleifend a aliquam nunc. Pellentesque a est a \r\naugue dignissim tristique eu nec augue. Integer pretium sollicitudin \r\ntellus, quis hendrerit nunc accumsan et. Fusce bibendum a neque vel \r\nfringilla. Vivamus viverra enim at purus gravida, in elementum neque \r\neleifend. Curabitur sodales dapibus urna, at mattis lacus eleifend non. \r\nDonec ultricies porta orci eu congue. Nulla sodales arcu a libero \r\naliquet, nec aliquam ante sagittis.</span></p>', NULL),
(21669, 1, 17, 38, 'empty', NULL),
(21670, 1, 17, 6, 'house', NULL),
(21671, 1, 17, 56, '', NULL),
(21672, 1, 17, 1, '0', NULL),
(21673, 1, 17, 4, 'Sale', NULL),
(21674, 1, 17, 2, 'House', NULL),
(21675, 1, 17, 5, 'Zagrebačka', NULL),
(21676, 1, 17, 7, 'Ivanić Grad', NULL),
(21677, 1, 17, 40, '', NULL),
(21678, 1, 17, 64, '', NULL),
(21679, 1, 17, 3, 'Less than 50m2', NULL),
(21680, 1, 17, 57, '50', 50),
(21681, 1, 17, 39, '-', NULL),
(21682, 1, 17, 19, '1', 1),
(21683, 1, 17, 20, '1', 1),
(21684, 1, 17, 58, '5', 5),
(21685, 1, 17, 36, '', NULL),
(21686, 1, 17, 55, '', NULL),
(21687, 1, 17, 37, '', NULL),
(21688, 1, 17, 54, 'Agent', NULL),
(21689, 1, 17, 53, '', NULL),
(21690, 1, 17, 59, '80', 80),
(21691, 1, 17, 60, '30', 30),
(21692, 1, 17, 66, '0', NULL),
(21693, 1, 17, 67, '', NULL),
(21694, 1, 17, 68, '', NULL),
(21695, 1, 17, 69, '', NULL),
(21696, 1, 17, 70, '', NULL),
(21697, 1, 17, 71, '', NULL),
(21698, 1, 17, 72, '', NULL),
(21699, 1, 17, 73, '', NULL),
(21700, 1, 17, 21, '0', NULL),
(21701, 1, 17, 22, '0', NULL),
(21702, 1, 17, 23, '0', NULL),
(21703, 1, 17, 24, '0', NULL),
(21704, 1, 17, 25, 'true', NULL),
(21705, 1, 17, 28, '0', NULL),
(21706, 1, 17, 29, '0', NULL),
(21707, 1, 17, 31, '0', NULL),
(21708, 1, 17, 52, '0', NULL),
(21709, 1, 17, 11, '0', NULL),
(21710, 1, 17, 30, '0', NULL),
(21711, 1, 17, 27, '0', NULL),
(21712, 1, 17, 33, '0', NULL),
(21713, 1, 17, 32, '0', NULL),
(21714, 1, 17, 43, '0', NULL),
(21715, 1, 17, 44, '400', 400),
(21716, 1, 17, 45, '', NULL),
(21717, 1, 17, 46, '', NULL),
(21718, 1, 17, 47, '', NULL),
(21719, 1, 17, 48, '', NULL),
(21720, 1, 17, 49, '', NULL),
(21721, 1, 17, 50, '', NULL),
(21722, 1, 17, 51, '', NULL),
(21723, 1, 17, 9, '0', NULL),
(21724, 1, 17, 12, '', NULL),
(21725, 1, 17, 42, '0', NULL),
(21726, 2, 17, 10, 'Američka kuća', NULL),
(21727, 2, 17, 8, 'Lorem ipsum dolor sit amet, consectetur adipiscing elit. Sed vulputate \r\nnec neque gravida rhoncus. Donec sit amet blandit mauris, sed bibendum \r\nrisus.', NULL),
(21728, 2, 17, 17, '<p>\r\nLorem ipsum dolor sit amet, consectetur adipiscing elit. Sed vulputate \r\nnec neque gravida rhoncus. Donec sit amet blandit mauris, sed bibendum \r\nrisus. Cras ut urna semper, facilisis augue sed, imperdiet nulla. Duis \r\ntristique tellus tortor, dapibus gravida sem sodales id. Nullam quis \r\nconvallis libero, vitae pulvinar nisi.</p><p><span style="font-weight: bold;">Nam eget est facilisis, porta mi \r\nac, ultricies enim. Proin nisi diam, eleifend ac eleifend in, dapibus in\r\n orci. Vestibulum elementum lectus non nisl venenatis, tempus molestie \r\nnisi tempus. Pellentesque facilisis nibh nec purus blandit, id aliquam \r\nlorem fermentum.\r\n</span></p>\r\n<p>\r\n<span style="font-style: italic;">Ut erat lacus, sagittis ac leo eu, molestie mattis libero. Nam sit amet \r\nmassa et magna porttitor eleifend a aliquam nunc. Pellentesque a est a \r\naugue dignissim tristique eu nec augue. Integer pretium sollicitudin \r\ntellus, quis hendrerit nunc accumsan et. Fusce bibendum a neque vel \r\nfringilla. Vivamus viverra enim at purus gravida, in elementum neque \r\neleifend. Curabitur sodales dapibus urna, at mattis lacus eleifend non. \r\nDonec ultricies porta orci eu congue. Nulla sodales arcu a libero \r\naliquet, nec aliquam ante sagittis.</span></p>', NULL),
(21729, 2, 17, 38, 'empty', NULL),
(21730, 2, 17, 6, 'house', NULL),
(21731, 2, 17, 56, '', NULL),
(21732, 2, 17, 1, '0', NULL),
(21733, 2, 17, 4, 'Prodaja', NULL),
(21734, 2, 17, 2, 'Stan', NULL),
(21735, 2, 17, 5, 'zagrebačka', NULL),
(21736, 2, 17, 7, 'Ivanić Grad', NULL),
(21737, 2, 17, 40, '', NULL),
(21738, 2, 17, 64, '', NULL),
(21739, 2, 17, 3, 'Manje od 50m2', NULL),
(21740, 2, 17, 57, '50', 50),
(21741, 2, 17, 39, '-', NULL),
(21742, 2, 17, 19, '1', 1),
(21743, 2, 17, 20, '1', 1),
(21744, 2, 17, 58, '5', 5),
(21745, 2, 17, 36, '', NULL),
(21746, 2, 17, 55, '', NULL),
(21747, 2, 17, 37, '', NULL),
(21748, 2, 17, 54, 'Agent', NULL),
(21749, 2, 17, 53, '', NULL),
(21750, 2, 17, 59, '', NULL),
(21751, 2, 17, 60, '', NULL),
(21752, 2, 17, 66, '0', NULL),
(21753, 2, 17, 67, '', NULL),
(21754, 2, 17, 68, '', NULL),
(21755, 2, 17, 69, '', NULL),
(21756, 2, 17, 70, '', NULL),
(21757, 2, 17, 71, '', NULL),
(21758, 2, 17, 72, '', NULL),
(21759, 2, 17, 73, '', NULL),
(21760, 2, 17, 21, '0', NULL),
(21761, 2, 17, 22, '0', NULL),
(21762, 2, 17, 23, '0', NULL),
(21763, 2, 17, 24, '0', NULL),
(21764, 2, 17, 25, 'true', NULL),
(21765, 2, 17, 28, '0', NULL),
(21766, 2, 17, 29, '0', NULL),
(21767, 2, 17, 31, '0', NULL),
(21768, 2, 17, 52, '0', NULL),
(21769, 2, 17, 11, '0', NULL),
(21770, 2, 17, 30, '0', NULL),
(21771, 2, 17, 27, '0', NULL),
(21772, 2, 17, 33, '0', NULL),
(21773, 2, 17, 32, '0', NULL),
(21774, 2, 17, 43, '0', NULL),
(21775, 2, 17, 44, '400', 400),
(21776, 2, 17, 45, '', NULL),
(21777, 2, 17, 46, '', NULL),
(21778, 2, 17, 47, '', NULL),
(21779, 2, 17, 48, '', NULL),
(21780, 2, 17, 49, '', NULL),
(21781, 2, 17, 50, '', NULL),
(21782, 2, 17, 51, '', NULL),
(21783, 2, 17, 9, '0', NULL),
(21784, 2, 17, 12, '', NULL),
(21785, 2, 17, 42, '0', NULL),
(21786, 1, 16, 10, 'Fear wood', NULL),
(21787, 1, 16, 8, 'Lorem ipsum dolor sit amet, consectetur adipiscing elit. Sed vulputate \r\nnec neque gravida rhoncus. Donec sit amet blandit mauris, sed bibendum \r\nrisus. Cras ut urna semper, facilisis augue sed, imperdiet nulla. Duis \r\ntristique tellus tortor, dapibus gravida sem sodales id. Nullam quis \r\nconvallis libero, vitae pulvinar nisi.', NULL),
(21788, 1, 16, 17, '<p>\r\nLorem ipsum dolor sit amet, consectetur adipiscing elit. Sed vulputate \r\nnec neque gravida rhoncus. Donec sit amet blandit mauris, sed bibendum \r\nrisus. Cras ut urna semper, facilisis augue sed, imperdiet nulla. Duis \r\ntristique tellus tortor, dapibus gravida sem sodales id. Nullam quis \r\nconvallis libero, vitae pulvinar nisi.</p><p><span style="font-weight: bold;">Nam eget est facilisis, porta mi \r\nac, ultricies enim. Proin nisi diam, eleifend ac eleifend in, dapibus in\r\n orci. Vestibulum elementum lectus non nisl venenatis, tempus molestie \r\nnisi tempus. Pellentesque facilisis nibh nec purus blandit, id aliquam \r\nlorem fermentum.\r\n</span></p>\r\n<p>\r\n<span style="font-style: italic;">Ut erat lacus, sagittis ac leo eu, molestie mattis libero. Nam sit amet \r\nmassa et magna porttitor eleifend a aliquam nunc. Pellentesque a est a \r\naugue dignissim tristique eu nec augue. Integer pretium sollicitudin \r\ntellus, quis hendrerit nunc accumsan et. Fusce bibendum a neque vel \r\nfringilla. Vivamus viverra enim at purus gravida, in elementum neque \r\neleifend. Curabitur sodales dapibus urna, at mattis lacus eleifend non. \r\nDonec ultricies porta orci eu congue. Nulla sodales arcu a libero \r\naliquet, nec aliquam ante sagittis.</span></p>', NULL),
(21789, 1, 16, 38, 'empty', NULL),
(21790, 1, 16, 6, 'land', NULL),
(21791, 1, 16, 56, '', NULL),
(21792, 1, 16, 1, '0', NULL),
(21793, 1, 16, 4, 'Sale', NULL),
(21794, 1, 16, 2, 'Land', NULL),
(21795, 1, 16, 5, 'Zagorje', NULL),
(21796, 1, 16, 7, 'Zlatar Bistrica', NULL),
(21797, 1, 16, 40, '', NULL),
(21798, 1, 16, 64, '', NULL),
(21799, 1, 16, 3, '50-100m2', NULL),
(21800, 1, 16, 57, '80', 80),
(21801, 1, 16, 39, '-', NULL),
(21802, 1, 16, 19, '1', 1),
(21803, 1, 16, 20, '1', 1),
(21804, 1, 16, 58, '8', 8),
(21805, 1, 16, 36, '', NULL),
(21806, 1, 16, 55, '', NULL),
(21807, 1, 16, 37, '', NULL),
(21808, 1, 16, 54, 'Agent', NULL),
(21809, 1, 16, 53, '', NULL),
(21810, 1, 16, 59, '80', 80),
(21811, 1, 16, 60, '30', 30),
(21812, 1, 16, 66, '0', NULL),
(21813, 1, 16, 67, '', NULL),
(21814, 1, 16, 68, '', NULL),
(21815, 1, 16, 69, '', NULL),
(21816, 1, 16, 70, '', NULL),
(21817, 1, 16, 71, '', NULL),
(21818, 1, 16, 72, '', NULL),
(21819, 1, 16, 73, '', NULL),
(21820, 1, 16, 21, '0', NULL),
(21821, 1, 16, 22, 'true', NULL),
(21822, 1, 16, 23, 'true', NULL),
(21823, 1, 16, 24, '0', NULL),
(21824, 1, 16, 25, 'true', NULL),
(21825, 1, 16, 28, '0', NULL),
(21826, 1, 16, 29, '0', NULL),
(21827, 1, 16, 31, '0', NULL),
(21828, 1, 16, 52, '0', NULL),
(21829, 1, 16, 11, 'true', NULL),
(21830, 1, 16, 30, '0', NULL),
(21831, 1, 16, 27, '0', NULL),
(21832, 1, 16, 33, '0', NULL),
(21833, 1, 16, 32, '0', NULL),
(21834, 1, 16, 43, '0', NULL),
(21835, 1, 16, 44, '', NULL),
(21836, 1, 16, 45, '', NULL),
(21837, 1, 16, 46, '', NULL),
(21838, 1, 16, 47, '100', 100),
(21839, 1, 16, 48, '', NULL),
(21840, 1, 16, 49, '', NULL),
(21841, 1, 16, 50, '', NULL),
(21842, 1, 16, 51, '', NULL),
(21843, 1, 16, 9, '0', NULL),
(21844, 1, 16, 12, '', NULL),
(21845, 1, 16, 42, '0', NULL),
(21846, 2, 16, 10, 'Drvo straha', NULL),
(21847, 2, 16, 8, 'Lorem ipsum dolor sit amet, consectetur adipiscing elit. Sed vulputate \r\nnec neque gravida rhoncus. Donec sit amet blandit mauris, sed bibendum \r\nrisus. Cras ut urna semper, facilisis augue sed, imperdiet nulla. Duis \r\ntristique tellus tortor, dapibus gravida sem sodales id. Nullam quis \r\nconvallis libero, vitae pulvinar nisi.', NULL),
(21848, 2, 16, 17, '<p>\r\nLorem ipsum dolor sit amet, consectetur adipiscing elit. Sed vulputate \r\nnec neque gravida rhoncus. Donec sit amet blandit mauris, sed bibendum \r\nrisus. Cras ut urna semper, facilisis augue sed, imperdiet nulla. Duis \r\ntristique tellus tortor, dapibus gravida sem sodales id. Nullam quis \r\nconvallis libero, vitae pulvinar nisi.</p><p><span style="font-weight: bold;">Nam eget est facilisis, porta mi \r\nac, ultricies enim. Proin nisi diam, eleifend ac eleifend in, dapibus in\r\n orci. Vestibulum elementum lectus non nisl venenatis, tempus molestie \r\nnisi tempus. Pellentesque facilisis nibh nec purus blandit, id aliquam \r\nlorem fermentum.\r\n</span></p>\r\n<p>\r\n<span style="font-style: italic;">Ut erat lacus, sagittis ac leo eu, molestie mattis libero. Nam sit amet \r\nmassa et magna porttitor eleifend a aliquam nunc. Pellentesque a est a \r\naugue dignissim tristique eu nec augue. Integer pretium sollicitudin \r\ntellus, quis hendrerit nunc accumsan et. Fusce bibendum a neque vel \r\nfringilla. Vivamus viverra enim at purus gravida, in elementum neque \r\neleifend. Curabitur sodales dapibus urna, at mattis lacus eleifend non. \r\nDonec ultricies porta orci eu congue. Nulla sodales arcu a libero \r\naliquet, nec aliquam ante sagittis.</span></p>', NULL),
(21849, 2, 16, 38, 'empty', NULL),
(21850, 2, 16, 6, 'land', NULL),
(21851, 2, 16, 56, '', NULL),
(21852, 2, 16, 1, '0', NULL),
(21853, 2, 16, 4, 'Prodaja', NULL),
(21854, 2, 16, 2, 'Zemljište', NULL),
(21855, 2, 16, 5, 'Zagorje', NULL),
(21856, 2, 16, 7, 'Zlatar Bistrica', NULL),
(21857, 2, 16, 40, '', NULL),
(21858, 2, 16, 64, '', NULL),
(21859, 2, 16, 3, '50-100m2', NULL),
(21860, 2, 16, 57, '80', 80),
(21861, 2, 16, 39, '-', NULL),
(21862, 2, 16, 19, '1', 1),
(21863, 2, 16, 20, '1', 1),
(21864, 2, 16, 58, '8', 8),
(21865, 2, 16, 36, '', NULL),
(21866, 2, 16, 55, '', NULL),
(21867, 2, 16, 37, '', NULL),
(21868, 2, 16, 54, 'Agent', NULL),
(21869, 2, 16, 53, '', NULL),
(21870, 2, 16, 59, '', NULL),
(21871, 2, 16, 60, '', NULL),
(21872, 2, 16, 66, '0', NULL),
(21873, 2, 16, 67, '', NULL),
(21874, 2, 16, 68, '', NULL),
(21875, 2, 16, 69, '', NULL),
(21876, 2, 16, 70, '', NULL),
(21877, 2, 16, 71, '', NULL),
(21878, 2, 16, 72, '', NULL),
(21879, 2, 16, 73, '', NULL),
(21880, 2, 16, 21, '0', NULL),
(21881, 2, 16, 22, 'true', NULL),
(21882, 2, 16, 23, 'true', NULL),
(21883, 2, 16, 24, '0', NULL),
(21884, 2, 16, 25, 'true', NULL),
(21885, 2, 16, 28, '0', NULL),
(21886, 2, 16, 29, '0', NULL),
(21887, 2, 16, 31, '0', NULL),
(21888, 2, 16, 52, '0', NULL),
(21889, 2, 16, 11, 'true', NULL),
(21890, 2, 16, 30, '0', NULL),
(21891, 2, 16, 27, '0', NULL),
(21892, 2, 16, 33, '0', NULL),
(21893, 2, 16, 32, '0', NULL),
(21894, 2, 16, 43, '0', NULL),
(21895, 2, 16, 44, '', NULL),
(21896, 2, 16, 45, '', NULL),
(21897, 2, 16, 46, '', NULL),
(21898, 2, 16, 47, '100', 100),
(21899, 2, 16, 48, '', NULL),
(21900, 2, 16, 49, '', NULL),
(21901, 2, 16, 50, '', NULL),
(21902, 2, 16, 51, '', NULL),
(21903, 2, 16, 9, '0', NULL),
(21904, 2, 16, 12, '', NULL),
(21905, 2, 16, 42, '0', NULL),
(22026, 1, 12, 10, 'Retro House', NULL),
(22027, 1, 12, 8, 'Lorem ipsum dolor sit amet, consectetur adipiscing elit. Sed vulputate \r\nnec neque gravida rhoncus. Donec sit amet blandit mauris, sed bibendum \r\nrisus. Cras ut urna semper, facilisis augue sed, imperdiet nulla. Duis \r\ntristique tellus tortor, dapibus gravida sem sodales id. Nullam quis \r\nconvallis libero, vitae pulvinar nisi.', NULL),
(22028, 1, 12, 17, '<p>\r\nLorem ipsum dolor sit amet, consectetur adipiscing elit. Sed vulputate \r\nnec neque gravida rhoncus. Donec sit amet blandit mauris, sed bibendum \r\nrisus. Cras ut urna semper, facilisis augue sed, imperdiet nulla. Duis \r\ntristique tellus tortor, dapibus gravida sem sodales id. Nullam quis \r\nconvallis libero, vitae pulvinar nisi.</p><p><span style="font-weight: bold;">Nam eget est facilisis, porta mi \r\nac, ultricies enim. Proin nisi diam, eleifend ac eleifend in, dapibus in\r\n orci. Vestibulum elementum lectus non nisl venenatis, tempus molestie \r\nnisi tempus. Pellentesque facilisis nibh nec purus blandit, id aliquam \r\nlorem fermentum.\r\n</span></p>\r\n<p>\r\n<span style="font-style: italic;">Ut erat lacus, sagittis ac leo eu, molestie mattis libero. Nam sit amet \r\nmassa et magna porttitor eleifend a aliquam nunc. Pellentesque a est a \r\naugue dignissim tristique eu nec augue. Integer pretium sollicitudin \r\ntellus, quis hendrerit nunc accumsan et. Fusce bibendum a neque vel \r\nfringilla. Vivamus viverra enim at purus gravida, in elementum neque \r\neleifend. Curabitur sodales dapibus urna, at mattis lacus eleifend non. \r\nDonec ultricies porta orci eu congue. Nulla sodales arcu a libero \r\naliquet, nec aliquam ante sagittis.</span></p>', NULL),
(22029, 1, 12, 38, 'new', NULL),
(22030, 1, 12, 6, 'house', NULL),
(22031, 1, 12, 56, '', NULL),
(22032, 1, 12, 1, '0', NULL),
(22033, 1, 12, 4, 'Sale', NULL),
(22034, 1, 12, 2, 'House', NULL),
(22035, 1, 12, 5, 'Varaždinska', NULL),
(22036, 1, 12, 7, 'Trnovec Bartolovečki', NULL),
(22037, 1, 12, 40, '', NULL),
(22038, 1, 12, 64, '', NULL),
(22039, 1, 12, 3, '50-100m2', NULL),
(22040, 1, 12, 57, '60', 60),
(22041, 1, 12, 39, '-', NULL),
(22042, 1, 12, 19, '1', 1),
(22043, 1, 12, 20, '1', 1),
(22044, 1, 12, 58, '6', 6),
(22045, 1, 12, 36, '60000', 60000),
(22046, 1, 12, 55, '', NULL),
(22047, 1, 12, 37, '', NULL),
(22048, 1, 12, 54, 'Agent', NULL),
(22049, 1, 12, 53, '', NULL),
(22050, 1, 12, 59, '300', 300),
(22051, 1, 12, 60, '100', 100),
(22052, 1, 12, 66, '0', NULL),
(22053, 1, 12, 67, '', NULL),
(22054, 1, 12, 68, '', NULL),
(22055, 1, 12, 69, '', NULL),
(22056, 1, 12, 70, '', NULL),
(22057, 1, 12, 71, '', NULL),
(22058, 1, 12, 72, '', NULL),
(22059, 1, 12, 73, '', NULL),
(22060, 1, 12, 21, '0', NULL),
(22061, 1, 12, 22, 'true', NULL),
(22062, 1, 12, 23, 'true', NULL),
(22063, 1, 12, 24, 'true', NULL),
(22064, 1, 12, 25, 'true', NULL),
(22065, 1, 12, 28, '0', NULL),
(22066, 1, 12, 29, '0', NULL),
(22067, 1, 12, 31, '0', NULL),
(22068, 1, 12, 52, '0', NULL),
(22069, 1, 12, 11, 'true', NULL),
(22070, 1, 12, 30, '0', NULL),
(22071, 1, 12, 27, 'true', NULL),
(22072, 1, 12, 33, '0', NULL),
(22073, 1, 12, 32, '0', NULL),
(22074, 1, 12, 43, '0', NULL),
(22075, 1, 12, 44, '', NULL),
(22076, 1, 12, 45, '', NULL),
(22077, 1, 12, 46, '', NULL),
(22078, 1, 12, 47, '', NULL),
(22079, 1, 12, 48, '', NULL),
(22080, 1, 12, 49, '1200', 1200),
(22081, 1, 12, 50, '1200', 1200),
(22082, 1, 12, 51, '1200', 1200),
(22083, 1, 12, 9, '0', NULL),
(22084, 1, 12, 12, '', NULL),
(22085, 1, 12, 42, '0', NULL),
(22086, 2, 12, 10, 'Retro kuća', NULL),
(22087, 2, 12, 8, 'Lorem ipsum dolor sit amet, consectetur adipiscing elit. Sed vulputate \r\nnec neque gravida rhoncus. Donec sit amet blandit mauris, sed bibendum \r\nrisus. Cras ut urna semper, facilisis augue sed, imperdiet nulla. Duis \r\ntristique tellus tortor, dapibus gravida sem sodales id. Nullam quis \r\nconvallis libero, vitae pulvinar nisi.', NULL),
(22088, 2, 12, 17, '<p>\r\nLorem ipsum dolor sit amet, consectetur adipiscing elit. Sed vulputate \r\nnec neque gravida rhoncus. Donec sit amet blandit mauris, sed bibendum \r\nrisus. Cras ut urna semper, facilisis augue sed, imperdiet nulla. Duis \r\ntristique tellus tortor, dapibus gravida sem sodales id. Nullam quis \r\nconvallis libero, vitae pulvinar nisi.</p><p><span style="font-weight: bold;">Nam eget est facilisis, porta mi \r\nac, ultricies enim. Proin nisi diam, eleifend ac eleifend in, dapibus in\r\n orci. Vestibulum elementum lectus non nisl venenatis, tempus molestie \r\nnisi tempus. Pellentesque facilisis nibh nec purus blandit, id aliquam \r\nlorem fermentum.\r\n</span></p>\r\n<p>\r\n<span style="font-style: italic;">Ut erat lacus, sagittis ac leo eu, molestie mattis libero. Nam sit amet \r\nmassa et magna porttitor eleifend a aliquam nunc. Pellentesque a est a \r\naugue dignissim tristique eu nec augue. Integer pretium sollicitudin \r\ntellus, quis hendrerit nunc accumsan et. Fusce bibendum a neque vel \r\nfringilla. Vivamus viverra enim at purus gravida, in elementum neque \r\neleifend. Curabitur sodales dapibus urna, at mattis lacus eleifend non. \r\nDonec ultricies porta orci eu congue. Nulla sodales arcu a libero \r\naliquet, nec aliquam ante sagittis.</span></p>', NULL),
(22089, 2, 12, 38, 'empty', NULL),
(22090, 2, 12, 6, 'house', NULL),
(22091, 2, 12, 56, '', NULL),
(22092, 2, 12, 1, '0', NULL),
(22093, 2, 12, 4, 'Prodaja', NULL),
(22094, 2, 12, 2, 'Kuća', NULL),
(22095, 2, 12, 5, 'Varaždinska', NULL),
(22096, 2, 12, 7, 'Trnovec Bartolovečki', NULL),
(22097, 2, 12, 40, '', NULL),
(22098, 2, 12, 64, '', NULL),
(22099, 2, 12, 3, 'Manje od 50m2', NULL),
(22100, 2, 12, 57, '60', 60),
(22101, 2, 12, 39, '-', NULL),
(22102, 2, 12, 19, '1', 1),
(22103, 2, 12, 20, '1', 1),
(22104, 2, 12, 58, '6', 6),
(22105, 2, 12, 36, '50000', 50000),
(22106, 2, 12, 55, '', NULL),
(22107, 2, 12, 37, '', NULL),
(22108, 2, 12, 54, 'Agent', NULL),
(22109, 2, 12, 53, '', NULL),
(22110, 2, 12, 59, '', NULL),
(22111, 2, 12, 60, '', NULL),
(22112, 2, 12, 66, '0', NULL),
(22113, 2, 12, 67, '', NULL),
(22114, 2, 12, 68, '', NULL),
(22115, 2, 12, 69, '', NULL),
(22116, 2, 12, 70, '', NULL),
(22117, 2, 12, 71, '', NULL),
(22118, 2, 12, 72, '', NULL),
(22119, 2, 12, 73, '', NULL),
(22120, 2, 12, 21, '0', NULL),
(22121, 2, 12, 22, 'true', NULL),
(22122, 2, 12, 23, 'true', NULL),
(22123, 2, 12, 24, 'true', NULL),
(22124, 2, 12, 25, 'true', NULL),
(22125, 2, 12, 28, '0', NULL),
(22126, 2, 12, 29, '0', NULL),
(22127, 2, 12, 31, '0', NULL),
(22128, 2, 12, 52, '0', NULL),
(22129, 2, 12, 11, 'true', NULL),
(22130, 2, 12, 30, '0', NULL),
(22131, 2, 12, 27, 'true', NULL),
(22132, 2, 12, 33, '0', NULL),
(22133, 2, 12, 32, '0', NULL),
(22134, 2, 12, 43, '0', NULL),
(22135, 2, 12, 44, '', NULL),
(22136, 2, 12, 45, '', NULL),
(22137, 2, 12, 46, '', NULL),
(22138, 2, 12, 47, '', NULL),
(22139, 2, 12, 48, '', NULL),
(22140, 2, 12, 49, '1200', 1200),
(22141, 2, 12, 50, '1200', 1200),
(22142, 2, 12, 51, '1200', 1200),
(22143, 2, 12, 9, '0', NULL),
(22144, 2, 12, 12, '', NULL),
(22145, 2, 12, 42, '0', NULL),
(22146, 1, 11, 10, 'Sky apartment', NULL),
(22147, 1, 11, 8, 'Lorem ipsum dolor sit amet, consectetur adipiscing elit. Sed vulputate \r\nnec neque gravida rhoncus. Donec sit amet blandit mauris, sed bibendum \r\nrisus. Cras ut urna semper, facilisis augue sed, imperdiet nulla. Duis \r\ntristique tellus tortor, dapibus gravida sem sodales id. Nullam quis \r\nconvallis libero, vitae pulvinar nisi.', NULL),
(22148, 1, 11, 17, '<p>\r\nLorem ipsum dolor sit amet, consectetur adipiscing elit. Sed vulputate \r\nnec neque gravida rhoncus. Donec sit amet blandit mauris, sed bibendum \r\nrisus. Cras ut urna semper, facilisis augue sed, imperdiet nulla. Duis \r\ntristique tellus tortor, dapibus gravida sem sodales id. Nullam quis \r\nconvallis libero, vitae pulvinar nisi.</p><p><span style="font-weight: bold;">Nam eget est facilisis, porta mi \r\nac, ultricies enim. Proin nisi diam, eleifend ac eleifend in, dapibus in\r\n orci. Vestibulum elementum lectus non nisl venenatis, tempus molestie \r\nnisi tempus. Pellentesque facilisis nibh nec purus blandit, id aliquam \r\nlorem fermentum.\r\n</span></p>\r\n<p>\r\n<span style="font-style: italic;">Ut erat lacus, sagittis ac leo eu, molestie mattis libero. Nam sit amet \r\nmassa et magna porttitor eleifend a aliquam nunc. Pellentesque a est a \r\naugue dignissim tristique eu nec augue. Integer pretium sollicitudin \r\ntellus, quis hendrerit nunc accumsan et. Fusce bibendum a neque vel \r\nfringilla. Vivamus viverra enim at purus gravida, in elementum neque \r\neleifend. Curabitur sodales dapibus urna, at mattis lacus eleifend non. \r\nDonec ultricies porta orci eu congue. Nulla sodales arcu a libero \r\naliquet, nec aliquam ante sagittis.</span></p>', NULL),
(22149, 1, 11, 38, 'empty', NULL),
(22150, 1, 11, 6, 'apartment', NULL),
(22151, 1, 11, 56, '', NULL),
(22152, 1, 11, 1, '0', NULL),
(22153, 1, 11, 4, 'Sale', NULL),
(22154, 1, 11, 2, 'Apartment', NULL),
(22155, 1, 11, 5, 'Varaždinska', NULL),
(22156, 1, 11, 7, 'Ivanec', NULL),
(22157, 1, 11, 40, '', NULL),
(22158, 1, 11, 64, '', NULL),
(22159, 1, 11, 3, '50-100m2', NULL),
(22160, 1, 11, 57, '70', 70),
(22161, 1, 11, 39, '-', NULL),
(22162, 1, 11, 19, '1', 1),
(22163, 1, 11, 20, '2', 2),
(22164, 1, 11, 58, '7', 7),
(22165, 1, 11, 36, '', NULL),
(22166, 1, 11, 55, '', NULL),
(22167, 1, 11, 37, '', NULL),
(22168, 1, 11, 54, 'Agent', NULL),
(22169, 1, 11, 53, '', NULL),
(22170, 1, 11, 59, '200', 200),
(22171, 1, 11, 60, '30', 30),
(22172, 1, 11, 66, '0', NULL),
(22173, 1, 11, 67, '', NULL),
(22174, 1, 11, 68, '', NULL),
(22175, 1, 11, 69, '', NULL),
(22176, 1, 11, 70, '', NULL),
(22177, 1, 11, 71, '', NULL),
(22178, 1, 11, 72, '', NULL),
(22179, 1, 11, 73, '', NULL),
(22180, 1, 11, 21, '0', NULL),
(22181, 1, 11, 22, '0', NULL),
(22182, 1, 11, 23, '0', NULL),
(22183, 1, 11, 24, '0', NULL),
(22184, 1, 11, 25, '0', NULL),
(22185, 1, 11, 28, 'true', NULL),
(22186, 1, 11, 29, '0', NULL),
(22187, 1, 11, 31, '0', NULL),
(22188, 1, 11, 52, '0', NULL),
(22189, 1, 11, 11, 'true', NULL),
(22190, 1, 11, 30, '0', NULL),
(22191, 1, 11, 27, 'true', NULL),
(22192, 1, 11, 33, 'true', NULL),
(22193, 1, 11, 32, '0', NULL),
(22194, 1, 11, 43, '0', NULL),
(22195, 1, 11, 44, '', NULL),
(22196, 1, 11, 45, '', NULL),
(22197, 1, 11, 46, '1200', 1200),
(22198, 1, 11, 47, '1200', 1200),
(22199, 1, 11, 48, '', NULL),
(22200, 1, 11, 49, '', NULL),
(22201, 1, 11, 50, '', NULL),
(22202, 1, 11, 51, '', NULL),
(22203, 1, 11, 9, '0', NULL),
(22204, 1, 11, 12, '', NULL),
(22205, 1, 11, 42, '0', NULL),
(22206, 2, 11, 10, 'Sky apartman', NULL),
(22207, 2, 11, 8, 'Lorem ipsum dolor sit amet, consectetur adipiscing elit. Sed vulputate \r\nnec neque gravida rhoncus. Donec sit amet blandit mauris, sed bibendum \r\nrisus. Cras ut urna semper, facilisis augue sed, imperdiet nulla. Duis \r\ntristique tellus tortor, dapibus gravida sem sodales id. Nullam quis \r\nconvallis libero, vitae pulvinar nisi.', NULL),
(22208, 2, 11, 17, '<p>\r\nLorem ipsum dolor sit amet, consectetur adipiscing elit. Sed vulputate \r\nnec neque gravida rhoncus. Donec sit amet blandit mauris, sed bibendum \r\nrisus. Cras ut urna semper, facilisis augue sed, imperdiet nulla. Duis \r\ntristique tellus tortor, dapibus gravida sem sodales id. Nullam quis \r\nconvallis libero, vitae pulvinar nisi.</p><p><span style="font-weight: bold;">Nam eget est facilisis, porta mi \r\nac, ultricies enim. Proin nisi diam, eleifend ac eleifend in, dapibus in\r\n orci. Vestibulum elementum lectus non nisl venenatis, tempus molestie \r\nnisi tempus. Pellentesque facilisis nibh nec purus blandit, id aliquam \r\nlorem fermentum.\r\n</span></p>\r\n<p>\r\n<span style="font-style: italic;">Ut erat lacus, sagittis ac leo eu, molestie mattis libero. Nam sit amet \r\nmassa et magna porttitor eleifend a aliquam nunc. Pellentesque a est a \r\naugue dignissim tristique eu nec augue. Integer pretium sollicitudin \r\ntellus, quis hendrerit nunc accumsan et. Fusce bibendum a neque vel \r\nfringilla. Vivamus viverra enim at purus gravida, in elementum neque \r\neleifend. Curabitur sodales dapibus urna, at mattis lacus eleifend non. \r\nDonec ultricies porta orci eu congue. Nulla sodales arcu a libero \r\naliquet, nec aliquam ante sagittis.</span></p>', NULL),
(22209, 2, 11, 38, 'empty', NULL),
(22210, 2, 11, 6, 'apartment', NULL),
(22211, 2, 11, 56, '', NULL),
(22212, 2, 11, 1, '0', NULL),
(22213, 2, 11, 4, 'Prodaja', NULL),
(22214, 2, 11, 2, 'Stan', NULL),
(22215, 2, 11, 5, 'Varaždinska', NULL),
(22216, 2, 11, 7, 'Ivanec', NULL),
(22217, 2, 11, 40, '', NULL),
(22218, 2, 11, 64, '', NULL),
(22219, 2, 11, 3, '50-100m2', NULL),
(22220, 2, 11, 57, '70', 70),
(22221, 2, 11, 39, '-', NULL),
(22222, 2, 11, 19, '1', 1),
(22223, 2, 11, 20, '2', 2),
(22224, 2, 11, 58, '7', 7),
(22225, 2, 11, 36, '', NULL),
(22226, 2, 11, 55, '', NULL),
(22227, 2, 11, 37, '', NULL),
(22228, 2, 11, 54, 'Agent', NULL),
(22229, 2, 11, 53, '', NULL),
(22230, 2, 11, 59, '', NULL),
(22231, 2, 11, 60, '', NULL),
(22232, 2, 11, 66, '0', NULL),
(22233, 2, 11, 67, '', NULL),
(22234, 2, 11, 68, '', NULL),
(22235, 2, 11, 69, '', NULL),
(22236, 2, 11, 70, '', NULL),
(22237, 2, 11, 71, '', NULL),
(22238, 2, 11, 72, '', NULL),
(22239, 2, 11, 73, '', NULL),
(22240, 2, 11, 21, '0', NULL),
(22241, 2, 11, 22, '0', NULL),
(22242, 2, 11, 23, '0', NULL),
(22243, 2, 11, 24, '0', NULL),
(22244, 2, 11, 25, '0', NULL),
(22245, 2, 11, 28, 'true', NULL),
(22246, 2, 11, 29, '0', NULL),
(22247, 2, 11, 31, '0', NULL),
(22248, 2, 11, 52, '0', NULL),
(22249, 2, 11, 11, 'true', NULL),
(22250, 2, 11, 30, '0', NULL),
(22251, 2, 11, 27, 'true', NULL),
(22252, 2, 11, 33, 'true', NULL),
(22253, 2, 11, 32, '0', NULL),
(22254, 2, 11, 43, '0', NULL),
(22255, 2, 11, 44, '', NULL),
(22256, 2, 11, 45, '', NULL),
(22257, 2, 11, 46, '1200', 1200),
(22258, 2, 11, 47, '1200', 1200),
(22259, 2, 11, 48, '', NULL),
(22260, 2, 11, 49, '', NULL),
(22261, 2, 11, 50, '', NULL),
(22262, 2, 11, 51, '', NULL),
(22263, 2, 11, 9, '0', NULL),
(22264, 2, 11, 12, '', NULL),
(22265, 2, 11, 42, '0', NULL),
(22266, 1, 10, 10, 'Lux apartment', NULL),
(22267, 1, 10, 8, 'Lorem ipsum dolor sit amet, consectetur adipiscing elit. Sed vulputate \r\nnec neque gravida rhoncus. Donec sit amet blandit mauris, sed bibendum \r\nrisus. Cras ut urna semper, facilisis augue sed, imperdiet nulla. Duis \r\ntristique tellus tortor, dapibus gravida sem sodales id. Nullam quis \r\nconvallis libero, vitae pulvinar nisi.', NULL),
(22268, 1, 10, 17, '<p>\r\nLorem ipsum dolor sit amet, consectetur adipiscing elit. Sed vulputate \r\nnec neque gravida rhoncus. Donec sit amet blandit mauris, sed bibendum \r\nrisus. Cras ut urna semper, facilisis augue sed, imperdiet nulla. Duis \r\ntristique tellus tortor, dapibus gravida sem sodales id. Nullam quis \r\nconvallis libero, vitae pulvinar nisi.</p><p><span style="font-weight: bold;">Nam eget est facilisis, porta mi \r\nac, ultricies enim. Proin nisi diam, eleifend ac eleifend in, dapibus in\r\n orci. Vestibulum elementum lectus non nisl venenatis, tempus molestie \r\nnisi tempus. Pellentesque facilisis nibh nec purus blandit, id aliquam \r\nlorem fermentum.\r\n</span></p>\r\n<p>\r\n<span style="font-style: italic;">Ut erat lacus, sagittis ac leo eu, molestie mattis libero. Nam sit amet \r\nmassa et magna porttitor eleifend a aliquam nunc. Pellentesque a est a \r\naugue dignissim tristique eu nec augue. Integer pretium sollicitudin \r\ntellus, quis hendrerit nunc accumsan et. Fusce bibendum a neque vel \r\nfringilla. Vivamus viverra enim at purus gravida, in elementum neque \r\neleifend. Curabitur sodales dapibus urna, at mattis lacus eleifend non. \r\nDonec ultricies porta orci eu congue. Nulla sodales arcu a libero \r\naliquet, nec aliquam ante sagittis.</span></p>', NULL),
(22269, 1, 10, 38, 'action', NULL),
(22270, 1, 10, 6, 'apartment', NULL),
(22271, 1, 10, 56, '', NULL),
(22272, 1, 10, 1, '0', NULL),
(22273, 1, 10, 4, 'Sale', NULL),
(22274, 1, 10, 2, 'Apartment', NULL),
(22275, 1, 10, 5, 'Križevci', NULL),
(22276, 1, 10, 7, 'Cubinec', NULL),
(22277, 1, 10, 40, '', NULL),
(22278, 1, 10, 64, '', NULL),
(22279, 1, 10, 3, 'Less than 50m2', NULL),
(22280, 1, 10, 57, '44', 44),
(22281, 1, 10, 39, '-', NULL),
(22282, 1, 10, 19, '1', 1),
(22283, 1, 10, 20, '1', 1),
(22284, 1, 10, 58, '4', 4),
(22285, 1, 10, 36, '', NULL),
(22286, 1, 10, 55, '', NULL),
(22287, 1, 10, 37, '', NULL),
(22288, 1, 10, 54, 'Agent', NULL),
(22289, 1, 10, 53, '', NULL),
(22290, 1, 10, 59, '500', 500),
(22291, 1, 10, 60, '200', 200),
(22292, 1, 10, 66, '0', NULL),
(22293, 1, 10, 67, '', NULL),
(22294, 1, 10, 68, '', NULL),
(22295, 1, 10, 69, '', NULL),
(22296, 1, 10, 70, '', NULL),
(22297, 1, 10, 71, '', NULL),
(22298, 1, 10, 72, '', NULL),
(22299, 1, 10, 73, '', NULL),
(22300, 1, 10, 21, '0', NULL),
(22301, 1, 10, 22, 'true', NULL),
(22302, 1, 10, 23, 'true', NULL),
(22303, 1, 10, 24, 'true', NULL),
(22304, 1, 10, 25, 'true', NULL),
(22305, 1, 10, 28, 'true', NULL),
(22306, 1, 10, 29, 'true', NULL),
(22307, 1, 10, 31, 'true', NULL),
(22308, 1, 10, 52, '0', NULL),
(22309, 1, 10, 11, '0', NULL),
(22310, 1, 10, 30, 'true', NULL),
(22311, 1, 10, 27, '0', NULL),
(22312, 1, 10, 33, '0', NULL),
(22313, 1, 10, 32, 'true', NULL),
(22314, 1, 10, 43, '0', NULL),
(22315, 1, 10, 44, '', NULL),
(22316, 1, 10, 45, '1200', 1200),
(22317, 1, 10, 46, '', NULL),
(22318, 1, 10, 47, '', NULL),
(22319, 1, 10, 48, '', NULL),
(22320, 1, 10, 49, '', NULL),
(22321, 1, 10, 50, '', NULL),
(22322, 1, 10, 51, '', NULL),
(22323, 1, 10, 9, '0', NULL),
(22324, 1, 10, 12, '', NULL),
(22325, 1, 10, 42, '0', NULL),
(22326, 2, 10, 10, 'Lux apartman', NULL),
(22327, 2, 10, 8, 'Lorem ipsum dolor sit amet, consectetur adipiscing elit. Sed vulputate \r\nnec neque gravida rhoncus. Donec sit amet blandit mauris, sed bibendum \r\nrisus. Cras ut urna semper, facilisis augue sed, imperdiet nulla. Duis \r\ntristique tellus tortor, dapibus gravida sem sodales id. Nullam quis \r\nconvallis libero, vitae pulvinar nisi.', NULL),
(22328, 2, 10, 17, '<p>\r\nLorem ipsum dolor sit amet, consectetur adipiscing elit. Sed vulputate \r\nnec neque gravida rhoncus. Donec sit amet blandit mauris, sed bibendum \r\nrisus. Cras ut urna semper, facilisis augue sed, imperdiet nulla. Duis \r\ntristique tellus tortor, dapibus gravida sem sodales id. Nullam quis \r\nconvallis libero, vitae pulvinar nisi.</p><p><span style="font-weight: bold;">Nam eget est facilisis, porta mi \r\nac, ultricies enim. Proin nisi diam, eleifend ac eleifend in, dapibus in\r\n orci. Vestibulum elementum lectus non nisl venenatis, tempus molestie \r\nnisi tempus. Pellentesque facilisis nibh nec purus blandit, id aliquam \r\nlorem fermentum.\r\n</span></p>\r\n<p>\r\n<span style="font-style: italic;">Ut erat lacus, sagittis ac leo eu, molestie mattis libero. Nam sit amet \r\nmassa et magna porttitor eleifend a aliquam nunc. Pellentesque a est a \r\naugue dignissim tristique eu nec augue. Integer pretium sollicitudin \r\ntellus, quis hendrerit nunc accumsan et. Fusce bibendum a neque vel \r\nfringilla. Vivamus viverra enim at purus gravida, in elementum neque \r\neleifend. Curabitur sodales dapibus urna, at mattis lacus eleifend non. \r\nDonec ultricies porta orci eu congue. Nulla sodales arcu a libero \r\naliquet, nec aliquam ante sagittis.</span></p>', NULL),
(22329, 2, 10, 38, 'akcija', NULL),
(22330, 2, 10, 6, 'apartment', NULL),
(22331, 2, 10, 56, '', NULL),
(22332, 2, 10, 1, '0', NULL),
(22333, 2, 10, 4, 'Prodaja', NULL),
(22334, 2, 10, 2, 'Stan', NULL),
(22335, 2, 10, 5, 'Križevci', NULL),
(22336, 2, 10, 7, 'Cubinec', NULL),
(22337, 2, 10, 40, '', NULL),
(22338, 2, 10, 64, '', NULL),
(22339, 2, 10, 3, 'Manje od 50m2', NULL),
(22340, 2, 10, 57, '44', 44),
(22341, 2, 10, 39, '-', NULL),
(22342, 2, 10, 19, '1', 1),
(22343, 2, 10, 20, '1', 1),
(22344, 2, 10, 58, '4', 4),
(22345, 2, 10, 36, '', NULL),
(22346, 2, 10, 55, '', NULL),
(22347, 2, 10, 37, '', NULL),
(22348, 2, 10, 54, 'Agent', NULL),
(22349, 2, 10, 53, '', NULL),
(22350, 2, 10, 59, '', NULL),
(22351, 2, 10, 60, '', NULL),
(22352, 2, 10, 66, '0', NULL),
(22353, 2, 10, 67, '', NULL),
(22354, 2, 10, 68, '', NULL),
(22355, 2, 10, 69, '', NULL),
(22356, 2, 10, 70, '', NULL),
(22357, 2, 10, 71, '', NULL),
(22358, 2, 10, 72, '', NULL),
(22359, 2, 10, 73, '', NULL),
(22360, 2, 10, 21, '0', NULL),
(22361, 2, 10, 22, 'true', NULL),
(22362, 2, 10, 23, 'true', NULL),
(22363, 2, 10, 24, 'true', NULL),
(22364, 2, 10, 25, 'true', NULL),
(22365, 2, 10, 28, 'true', NULL),
(22366, 2, 10, 29, 'true', NULL),
(22367, 2, 10, 31, 'true', NULL),
(22368, 2, 10, 52, '0', NULL),
(22369, 2, 10, 11, '0', NULL),
(22370, 2, 10, 30, 'true', NULL),
(22371, 2, 10, 27, '0', NULL),
(22372, 2, 10, 33, '0', NULL),
(22373, 2, 10, 32, 'true', NULL),
(22374, 2, 10, 43, '0', NULL),
(22375, 2, 10, 44, '', NULL),
(22376, 2, 10, 45, '1200', 1200),
(22377, 2, 10, 46, '', NULL),
(22378, 2, 10, 47, '', NULL),
(22379, 2, 10, 48, '', NULL),
(22380, 2, 10, 49, '', NULL),
(22381, 2, 10, 50, '', NULL),
(22382, 2, 10, 51, '', NULL),
(22383, 2, 10, 9, '0', NULL),
(22384, 2, 10, 12, '', NULL),
(22385, 2, 10, 42, '0', NULL),
(22386, 1, 9, 10, 'Jezero restourant', NULL),
(22387, 1, 9, 8, 'Lorem ipsum dolor sit amet, consectetur adipiscing elit. Sed vulputate \r\nnec neque gravida rhoncus. Donec sit amet blandit mauris, sed bibendum \r\nrisus. Cras ut urna semper, facilisis augue sed, imperdiet nulla. Duis \r\ntristique tellus tortor, dapibus gravida sem sodales id. Nullam quis \r\nconvallis libero, vitae pulvinar nisi.', NULL),
(22388, 1, 9, 17, '<p>\r\nLorem ipsum dolor sit amet, consectetur adipiscing elit. Sed vulputate \r\nnec neque gravida rhoncus. Donec sit amet blandit mauris, sed bibendum \r\nrisus. Cras ut urna semper, facilisis augue sed, imperdiet nulla. Duis \r\ntristique tellus tortor, dapibus gravida sem sodales id. Nullam quis \r\nconvallis libero, vitae pulvinar nisi.</p><p><span style="font-weight: bold;">Nam eget est facilisis, porta mi \r\nac, ultricies enim. Proin nisi diam, eleifend ac eleifend in, dapibus in\r\n orci. Vestibulum elementum lectus non nisl venenatis, tempus molestie \r\nnisi tempus. Pellentesque facilisis nibh nec purus blandit, id aliquam \r\nlorem fermentum.\r\n</span></p>\r\n<p>\r\n<span style="font-style: italic;">Ut erat lacus, sagittis ac leo eu, molestie mattis libero. Nam sit amet \r\nmassa et magna porttitor eleifend a aliquam nunc. Pellentesque a est a \r\naugue dignissim tristique eu nec augue. Integer pretium sollicitudin \r\ntellus, quis hendrerit nunc accumsan et. Fusce bibendum a neque vel \r\nfringilla. Vivamus viverra enim at purus gravida, in elementum neque \r\neleifend. Curabitur sodales dapibus urna, at mattis lacus eleifend non. \r\nDonec ultricies porta orci eu congue. Nulla sodales arcu a libero \r\naliquet, nec aliquam ante sagittis.</span></p>', NULL),
(22389, 1, 9, 38, 'sold', NULL),
(22390, 1, 9, 6, 'commercial', NULL),
(22391, 1, 9, 56, '', NULL),
(22392, 1, 9, 1, '0', NULL),
(22393, 1, 9, 4, 'Sale', NULL),
(22394, 1, 9, 2, 'Commercial property', NULL),
(22395, 1, 9, 5, 'Karlovac', NULL),
(22396, 1, 9, 7, 'Pisarovina', NULL),
(22397, 1, 9, 40, '', NULL),
(22398, 1, 9, 64, '', NULL),
(22399, 1, 9, 3, '50-100m2', NULL),
(22400, 1, 9, 57, '77', 77),
(22401, 1, 9, 39, '-', NULL),
(22402, 1, 9, 19, '1', 1),
(22403, 1, 9, 20, '0', 0),
(22404, 1, 9, 58, '7', 7),
(22405, 1, 9, 36, '', NULL),
(22406, 1, 9, 55, '', NULL),
(22407, 1, 9, 37, '', NULL),
(22408, 1, 9, 54, 'Agent', NULL),
(22409, 1, 9, 53, '', NULL),
(22410, 1, 9, 59, '200', 200),
(22411, 1, 9, 60, '40', 40),
(22412, 1, 9, 66, '0', NULL),
(22413, 1, 9, 67, '', NULL),
(22414, 1, 9, 68, '', NULL),
(22415, 1, 9, 69, '', NULL),
(22416, 1, 9, 70, '', NULL),
(22417, 1, 9, 71, '', NULL),
(22418, 1, 9, 72, '', NULL),
(22419, 1, 9, 73, '', NULL),
(22420, 1, 9, 21, '0', NULL),
(22421, 1, 9, 22, 'true', NULL),
(22422, 1, 9, 23, '0', NULL),
(22423, 1, 9, 24, 'true', NULL),
(22424, 1, 9, 25, 'true', NULL),
(22425, 1, 9, 28, 'true', NULL),
(22426, 1, 9, 29, 'true', NULL),
(22427, 1, 9, 31, 'true', NULL),
(22428, 1, 9, 52, '0', NULL),
(22429, 1, 9, 11, 'true', NULL),
(22430, 1, 9, 30, '0', NULL),
(22431, 1, 9, 27, 'true', NULL),
(22432, 1, 9, 33, 'true', NULL),
(22433, 1, 9, 32, 'true', NULL),
(22434, 1, 9, 43, '0', NULL),
(22435, 1, 9, 44, '', NULL),
(22436, 1, 9, 45, '', NULL),
(22437, 1, 9, 46, '', NULL),
(22438, 1, 9, 47, '1500', 1500),
(22439, 1, 9, 48, '1500', 1500),
(22440, 1, 9, 49, '1500', 1500),
(22441, 1, 9, 50, '', NULL),
(22442, 1, 9, 51, '', NULL),
(22443, 1, 9, 9, '0', NULL),
(22444, 1, 9, 12, '', NULL),
(22445, 1, 9, 42, '0', NULL),
(22446, 2, 9, 10, 'Restoran jezero', NULL);
INSERT INTO `property_value` (`id`, `language_id`, `property_id`, `option_id`, `value`, `value_num`) VALUES
(22447, 2, 9, 8, 'Lorem ipsum dolor sit amet, consectetur adipiscing elit. Sed vulputate \r\nnec neque gravida rhoncus. Donec sit amet blandit mauris, sed bibendum \r\nrisus. Cras ut urna semper, facilisis augue sed, imperdiet nulla. Duis \r\ntristique tellus tortor, dapibus gravida sem sodales id. Nullam quis \r\nconvallis libero, vitae pulvinar nisi.', NULL),
(22448, 2, 9, 17, '<p>\r\nLorem ipsum dolor sit amet, consectetur adipiscing elit. Sed vulputate \r\nnec neque gravida rhoncus. Donec sit amet blandit mauris, sed bibendum \r\nrisus. Cras ut urna semper, facilisis augue sed, imperdiet nulla. Duis \r\ntristique tellus tortor, dapibus gravida sem sodales id. Nullam quis \r\nconvallis libero, vitae pulvinar nisi.</p><p><span style="font-weight: bold;">Nam eget est facilisis, porta mi \r\nac, ultricies enim. Proin nisi diam, eleifend ac eleifend in, dapibus in\r\n orci. Vestibulum elementum lectus non nisl venenatis, tempus molestie \r\nnisi tempus. Pellentesque facilisis nibh nec purus blandit, id aliquam \r\nlorem fermentum.\r\n</span></p>\r\n<p>\r\n<span style="font-style: italic;">Ut erat lacus, sagittis ac leo eu, molestie mattis libero. Nam sit amet \r\nmassa et magna porttitor eleifend a aliquam nunc. Pellentesque a est a \r\naugue dignissim tristique eu nec augue. Integer pretium sollicitudin \r\ntellus, quis hendrerit nunc accumsan et. Fusce bibendum a neque vel \r\nfringilla. Vivamus viverra enim at purus gravida, in elementum neque \r\neleifend. Curabitur sodales dapibus urna, at mattis lacus eleifend non. \r\nDonec ultricies porta orci eu congue. Nulla sodales arcu a libero \r\naliquet, nec aliquam ante sagittis.</span></p>', NULL),
(22449, 2, 9, 38, 'prodano', NULL),
(22450, 2, 9, 6, 'commercial', NULL),
(22451, 2, 9, 56, '', NULL),
(22452, 2, 9, 1, '0', NULL),
(22453, 2, 9, 4, 'Prodaja', NULL),
(22454, 2, 9, 2, 'Poslovni prostor', NULL),
(22455, 2, 9, 5, 'Karlovac', NULL),
(22456, 2, 9, 7, 'Pisarovina', NULL),
(22457, 2, 9, 40, '', NULL),
(22458, 2, 9, 64, '', NULL),
(22459, 2, 9, 3, '50-100m2', NULL),
(22460, 2, 9, 57, '77', 77),
(22461, 2, 9, 39, '-', NULL),
(22462, 2, 9, 19, '1', 1),
(22463, 2, 9, 20, '0', 0),
(22464, 2, 9, 58, '7', 7),
(22465, 2, 9, 36, '', NULL),
(22466, 2, 9, 55, '', NULL),
(22467, 2, 9, 37, '', NULL),
(22468, 2, 9, 54, 'Agent', NULL),
(22469, 2, 9, 53, '', NULL),
(22470, 2, 9, 59, '', NULL),
(22471, 2, 9, 60, '', NULL),
(22472, 2, 9, 66, '0', NULL),
(22473, 2, 9, 67, '', NULL),
(22474, 2, 9, 68, '', NULL),
(22475, 2, 9, 69, '', NULL),
(22476, 2, 9, 70, '', NULL),
(22477, 2, 9, 71, '', NULL),
(22478, 2, 9, 72, '', NULL),
(22479, 2, 9, 73, '', NULL),
(22480, 2, 9, 21, '0', NULL),
(22481, 2, 9, 22, 'true', NULL),
(22482, 2, 9, 23, '0', NULL),
(22483, 2, 9, 24, 'true', NULL),
(22484, 2, 9, 25, 'true', NULL),
(22485, 2, 9, 28, 'true', NULL),
(22486, 2, 9, 29, 'true', NULL),
(22487, 2, 9, 31, 'true', NULL),
(22488, 2, 9, 52, '0', NULL),
(22489, 2, 9, 11, 'true', NULL),
(22490, 2, 9, 30, '0', NULL),
(22491, 2, 9, 27, 'true', NULL),
(22492, 2, 9, 33, 'true', NULL),
(22493, 2, 9, 32, 'true', NULL),
(22494, 2, 9, 43, '0', NULL),
(22495, 2, 9, 44, '', NULL),
(22496, 2, 9, 45, '', NULL),
(22497, 2, 9, 46, '', NULL),
(22498, 2, 9, 47, '1500', 1500),
(22499, 2, 9, 48, '1500', 1500),
(22500, 2, 9, 49, '1500', 1500),
(22501, 2, 9, 50, '', NULL),
(22502, 2, 9, 51, '', NULL),
(22503, 2, 9, 9, '0', NULL),
(22504, 2, 9, 12, '', NULL),
(22505, 2, 9, 42, '0', NULL),
(22506, 1, 8, 10, 'Ozalj apartment', NULL),
(22507, 1, 8, 8, 'Lorem ipsum dolor sit amet, consectetur adipiscing elit. Sed vulputate \r\nnec neque gravida rhoncus. Donec sit amet blandit mauris, sed bibendum \r\nrisus. Cras ut urna semper, facilisis augue sed, imperdiet nulla. Duis \r\ntristique tellus tortor, dapibus gravida sem sodales id. Nullam quis \r\nconvallis libero, vitae pulvinar nisi.', NULL),
(22508, 1, 8, 17, '<p>\r\nLorem ipsum dolor sit amet, consectetur adipiscing elit. Sed vulputate \r\nnec neque gravida rhoncus. Donec sit amet blandit mauris, sed bibendum \r\nrisus. Cras ut urna semper, facilisis augue sed, imperdiet nulla. Duis \r\ntristique tellus tortor, dapibus gravida sem sodales id. Nullam quis \r\nconvallis libero, vitae pulvinar nisi.</p><p><span style="font-weight: bold;">Nam eget est facilisis, porta mi \r\nac, ultricies enim. Proin nisi diam, eleifend ac eleifend in, dapibus in\r\n orci. Vestibulum elementum lectus non nisl venenatis, tempus molestie \r\nnisi tempus. Pellentesque facilisis nibh nec purus blandit, id aliquam \r\nlorem fermentum.\r\n</span></p>\r\n<p>\r\n<span style="font-style: italic;">Ut erat lacus, sagittis ac leo eu, molestie mattis libero. Nam sit amet \r\nmassa et magna porttitor eleifend a aliquam nunc. Pellentesque a est a \r\naugue dignissim tristique eu nec augue. Integer pretium sollicitudin \r\ntellus, quis hendrerit nunc accumsan et. Fusce bibendum a neque vel \r\nfringilla. Vivamus viverra enim at purus gravida, in elementum neque \r\neleifend. Curabitur sodales dapibus urna, at mattis lacus eleifend non. \r\nDonec ultricies porta orci eu congue. Nulla sodales arcu a libero \r\naliquet, nec aliquam ante sagittis.</span></p>', NULL),
(22509, 1, 8, 38, 'sold', NULL),
(22510, 1, 8, 6, 'apartment', NULL),
(22511, 1, 8, 56, '', NULL),
(22512, 1, 8, 1, '0', NULL),
(22513, 1, 8, 4, 'Rent', NULL),
(22514, 1, 8, 2, 'Apartment', NULL),
(22515, 1, 8, 5, 'Gorski Kotar', NULL),
(22516, 1, 8, 7, 'Ozalj', NULL),
(22517, 1, 8, 40, '', NULL),
(22518, 1, 8, 64, '', NULL),
(22519, 1, 8, 3, 'Less than 50m2', NULL),
(22520, 1, 8, 57, '48', 48),
(22521, 1, 8, 39, '-', NULL),
(22522, 1, 8, 19, '1', 1),
(22523, 1, 8, 20, '1', 1),
(22524, 1, 8, 58, '4', 4),
(22525, 1, 8, 36, '', NULL),
(22526, 1, 8, 55, '', NULL),
(22527, 1, 8, 37, '', NULL),
(22528, 1, 8, 54, 'Agent', NULL),
(22529, 1, 8, 53, '', NULL),
(22530, 1, 8, 59, '300', 300),
(22531, 1, 8, 60, '30', 30),
(22532, 1, 8, 66, '0', NULL),
(22533, 1, 8, 67, '', NULL),
(22534, 1, 8, 68, '', NULL),
(22535, 1, 8, 69, '', NULL),
(22536, 1, 8, 70, '', NULL),
(22537, 1, 8, 71, '', NULL),
(22538, 1, 8, 72, '', NULL),
(22539, 1, 8, 73, '', NULL),
(22540, 1, 8, 21, '0', NULL),
(22541, 1, 8, 22, 'true', NULL),
(22542, 1, 8, 23, '0', NULL),
(22543, 1, 8, 24, 'true', NULL),
(22544, 1, 8, 25, '0', NULL),
(22545, 1, 8, 28, 'true', NULL),
(22546, 1, 8, 29, 'true', NULL),
(22547, 1, 8, 31, 'true', NULL),
(22548, 1, 8, 52, '0', NULL),
(22549, 1, 8, 11, 'true', NULL),
(22550, 1, 8, 30, '0', NULL),
(22551, 1, 8, 27, '0', NULL),
(22552, 1, 8, 33, '0', NULL),
(22553, 1, 8, 32, 'true', NULL),
(22554, 1, 8, 43, '0', NULL),
(22555, 1, 8, 44, '', NULL),
(22556, 1, 8, 45, '', NULL),
(22557, 1, 8, 46, '', NULL),
(22558, 1, 8, 47, '', NULL),
(22559, 1, 8, 48, '', NULL),
(22560, 1, 8, 49, '1200', 1200),
(22561, 1, 8, 50, '1500', 1500),
(22562, 1, 8, 51, '1500', 1500),
(22563, 1, 8, 9, '0', NULL),
(22564, 1, 8, 12, '<iframe width="560" height="315" src="//www.youtube.com/embed/FvMCKrwo8Hc" frameborder="0" allowfullscreen></iframe>', NULL),
(22565, 1, 8, 42, '0', NULL),
(22566, 2, 8, 10, 'Ozalj apartman', NULL),
(22567, 2, 8, 8, 'Lorem ipsum dolor sit amet, consectetur adipiscing elit. Sed vulputate \r\nnec neque gravida rhoncus. Donec sit amet blandit mauris, sed bibendum \r\nrisus. Cras ut urna semper, facilisis augue sed, imperdiet nulla. Duis \r\ntristique tellus tortor, dapibus gravida sem sodales id. Nullam quis \r\nconvallis libero, vitae pulvinar nisi.', NULL),
(22568, 2, 8, 17, '<p>\r\nLorem ipsum dolor sit amet, consectetur adipiscing elit. Sed vulputate \r\nnec neque gravida rhoncus. Donec sit amet blandit mauris, sed bibendum \r\nrisus. Cras ut urna semper, facilisis augue sed, imperdiet nulla. Duis \r\ntristique tellus tortor, dapibus gravida sem sodales id. Nullam quis \r\nconvallis libero, vitae pulvinar nisi.</p><p><span style="font-weight: bold;">Nam eget est facilisis, porta mi \r\nac, ultricies enim. Proin nisi diam, eleifend ac eleifend in, dapibus in\r\n orci. Vestibulum elementum lectus non nisl venenatis, tempus molestie \r\nnisi tempus. Pellentesque facilisis nibh nec purus blandit, id aliquam \r\nlorem fermentum.\r\n</span></p>\r\n<p>\r\n<span style="font-style: italic;">Ut erat lacus, sagittis ac leo eu, molestie mattis libero. Nam sit amet \r\nmassa et magna porttitor eleifend a aliquam nunc. Pellentesque a est a \r\naugue dignissim tristique eu nec augue. Integer pretium sollicitudin \r\ntellus, quis hendrerit nunc accumsan et. Fusce bibendum a neque vel \r\nfringilla. Vivamus viverra enim at purus gravida, in elementum neque \r\neleifend. Curabitur sodales dapibus urna, at mattis lacus eleifend non. \r\nDonec ultricies porta orci eu congue. Nulla sodales arcu a libero \r\naliquet, nec aliquam ante sagittis.</span></p>', NULL),
(22569, 2, 8, 38, 'prodano', NULL),
(22570, 2, 8, 6, 'apartment', NULL),
(22571, 2, 8, 56, '', NULL),
(22572, 2, 8, 1, '0', NULL),
(22573, 2, 8, 4, 'Najam', NULL),
(22574, 2, 8, 2, 'Stan', NULL),
(22575, 2, 8, 5, 'Gorski Kotar', NULL),
(22576, 2, 8, 7, 'Ozalj', NULL),
(22577, 2, 8, 40, '', NULL),
(22578, 2, 8, 64, '', NULL),
(22579, 2, 8, 3, 'Manje od 50m2', NULL),
(22580, 2, 8, 57, '48', 48),
(22581, 2, 8, 39, '-', NULL),
(22582, 2, 8, 19, '1', 1),
(22583, 2, 8, 20, '1', 1),
(22584, 2, 8, 58, '4', 4),
(22585, 2, 8, 36, '', NULL),
(22586, 2, 8, 55, '', NULL),
(22587, 2, 8, 37, '', NULL),
(22588, 2, 8, 54, 'Agent', NULL),
(22589, 2, 8, 53, '', NULL),
(22590, 2, 8, 59, '', NULL),
(22591, 2, 8, 60, '', NULL),
(22592, 2, 8, 66, '0', NULL),
(22593, 2, 8, 67, '', NULL),
(22594, 2, 8, 68, '', NULL),
(22595, 2, 8, 69, '', NULL),
(22596, 2, 8, 70, '', NULL),
(22597, 2, 8, 71, '', NULL),
(22598, 2, 8, 72, '', NULL),
(22599, 2, 8, 73, '', NULL),
(22600, 2, 8, 21, '0', NULL),
(22601, 2, 8, 22, 'true', NULL),
(22602, 2, 8, 23, '0', NULL),
(22603, 2, 8, 24, 'true', NULL),
(22604, 2, 8, 25, '0', NULL),
(22605, 2, 8, 28, 'true', NULL),
(22606, 2, 8, 29, 'true', NULL),
(22607, 2, 8, 31, 'true', NULL),
(22608, 2, 8, 52, '0', NULL),
(22609, 2, 8, 11, 'true', NULL),
(22610, 2, 8, 30, '0', NULL),
(22611, 2, 8, 27, '0', NULL),
(22612, 2, 8, 33, '0', NULL),
(22613, 2, 8, 32, 'true', NULL),
(22614, 2, 8, 43, '0', NULL),
(22615, 2, 8, 44, '', NULL),
(22616, 2, 8, 45, '', NULL),
(22617, 2, 8, 46, '', NULL),
(22618, 2, 8, 47, '', NULL),
(22619, 2, 8, 48, '', NULL),
(22620, 2, 8, 49, '1200', 1200),
(22621, 2, 8, 50, '1500', 1500),
(22622, 2, 8, 51, '1500', 1500),
(22623, 2, 8, 9, '0', NULL),
(22624, 2, 8, 12, '<iframe width="560" height="315" src="//www.youtube.com/embed/FvMCKrwo8Hc" frameborder="0" allowfullscreen></iframe>', NULL),
(22625, 2, 8, 42, '0', NULL),
(22626, 1, 7, 10, 'Spa Bliznec', NULL),
(22627, 1, 7, 8, 'Lorem ipsum dolor sit amet, consectetur adipiscing elit. Sed vulputate \r\nnec neque gravida rhoncus. Donec sit amet blandit mauris, sed bibendum \r\nrisus. Cras ut urna semper, facilisis augue sed, imperdiet nulla. Duis \r\ntristique tellus tortor, dapibus gravida sem sodales id. Nullam quis \r\nconvallis libero, vitae pulvinar nisi.', NULL),
(22628, 1, 7, 17, '<p>\r\nLorem ipsum dolor sit amet, consectetur adipiscing elit. Sed vulputate \r\nnec neque gravida rhoncus. Donec sit amet blandit mauris, sed bibendum \r\nrisus. Cras ut urna semper, facilisis augue sed, imperdiet nulla. Duis \r\ntristique tellus tortor, dapibus gravida sem sodales id. Nullam quis \r\nconvallis libero, vitae pulvinar nisi.</p><p><span style="font-weight: bold;">Nam eget est facilisis, porta mi \r\nac, ultricies enim. Proin nisi diam, eleifend ac eleifend in, dapibus in\r\n orci. Vestibulum elementum lectus non nisl venenatis, tempus molestie \r\nnisi tempus. Pellentesque facilisis nibh nec purus blandit, id aliquam \r\nlorem fermentum.\r\n</span></p>\r\n<p>\r\n<span style="font-style: italic;">Ut erat lacus, sagittis ac leo eu, molestie mattis libero. Nam sit amet \r\nmassa et magna porttitor eleifend a aliquam nunc. Pellentesque a est a \r\naugue dignissim tristique eu nec augue. Integer pretium sollicitudin \r\ntellus, quis hendrerit nunc accumsan et. Fusce bibendum a neque vel \r\nfringilla. Vivamus viverra enim at purus gravida, in elementum neque \r\neleifend. Curabitur sodales dapibus urna, at mattis lacus eleifend non. \r\nDonec ultricies porta orci eu congue. Nulla sodales arcu a libero \r\naliquet, nec aliquam ante sagittis.</span></p>', NULL),
(22629, 1, 7, 38, 'new', NULL),
(22630, 1, 7, 6, 'commercial', NULL),
(22631, 1, 7, 56, '', NULL),
(22632, 1, 7, 1, '0', NULL),
(22633, 1, 7, 4, 'Sale and Rent', NULL),
(22634, 1, 7, 2, 'Commercial property', NULL),
(22635, 1, 7, 5, 'Zagreb', NULL),
(22636, 1, 7, 7, 'Zagreb', NULL),
(22637, 1, 7, 40, '', NULL),
(22638, 1, 7, 64, '', NULL),
(22639, 1, 7, 3, 'Less than 50m2', NULL),
(22640, 1, 7, 57, '33', 33),
(22641, 1, 7, 39, 'B', NULL),
(22642, 1, 7, 19, '5', 5),
(22643, 1, 7, 20, '5', 5),
(22644, 1, 7, 58, '12', 12),
(22645, 1, 7, 36, '50000', 50000),
(22646, 1, 7, 55, '', NULL),
(22647, 1, 7, 37, '500', 500),
(22648, 1, 7, 54, 'Agent', NULL),
(22649, 1, 7, 53, '', NULL),
(22650, 1, 7, 59, '80', 80),
(22651, 1, 7, 60, '30', 30),
(22652, 1, 7, 66, '0', NULL),
(22653, 1, 7, 67, '', NULL),
(22654, 1, 7, 68, '', NULL),
(22655, 1, 7, 69, '', NULL),
(22656, 1, 7, 70, '', NULL),
(22657, 1, 7, 71, '', NULL),
(22658, 1, 7, 72, '', NULL),
(22659, 1, 7, 73, '', NULL),
(22660, 1, 7, 21, '0', NULL),
(22661, 1, 7, 22, 'true', NULL),
(22662, 1, 7, 23, '0', NULL),
(22663, 1, 7, 24, '0', NULL),
(22664, 1, 7, 25, '0', NULL),
(22665, 1, 7, 28, 'true', NULL),
(22666, 1, 7, 29, 'true', NULL),
(22667, 1, 7, 31, '0', NULL),
(22668, 1, 7, 52, '0', NULL),
(22669, 1, 7, 11, 'true', NULL),
(22670, 1, 7, 30, 'true', NULL),
(22671, 1, 7, 27, 'true', NULL),
(22672, 1, 7, 33, 'true', NULL),
(22673, 1, 7, 32, 'true', NULL),
(22674, 1, 7, 43, '0', NULL),
(22675, 1, 7, 44, '1500', 1500),
(22676, 1, 7, 45, '1500', 1500),
(22677, 1, 7, 46, '', NULL),
(22678, 1, 7, 47, '', NULL),
(22679, 1, 7, 48, '', NULL),
(22680, 1, 7, 49, '', NULL),
(22681, 1, 7, 50, '', NULL),
(22682, 1, 7, 51, '', NULL),
(22683, 1, 7, 9, '0', NULL),
(22684, 1, 7, 12, '', NULL),
(22685, 1, 7, 42, '0', NULL),
(22686, 2, 7, 10, 'Toplice Bliznec', NULL),
(22687, 2, 7, 8, 'Lorem ipsum dolor sit amet, consectetur adipiscing elit. Sed vulputate \r\nnec neque gravida rhoncus. Donec sit amet blandit mauris, sed bibendum \r\nrisus. Cras ut urna semper, facilisis augue sed, imperdiet nulla. Duis \r\ntristique tellus tortor, dapibus gravida sem sodales id. Nullam quis \r\nconvallis libero, vitae pulvinar nisi.', NULL),
(22688, 2, 7, 17, '<p>\r\nLorem ipsum dolor sit amet, consectetur adipiscing elit. Sed vulputate \r\nnec neque gravida rhoncus. Donec sit amet blandit mauris, sed bibendum \r\nrisus. Cras ut urna semper, facilisis augue sed, imperdiet nulla. Duis \r\ntristique tellus tortor, dapibus gravida sem sodales id. Nullam quis \r\nconvallis libero, vitae pulvinar nisi.</p><p><span style="font-weight: bold;">Nam eget est facilisis, porta mi \r\nac, ultricies enim. Proin nisi diam, eleifend ac eleifend in, dapibus in\r\n orci. Vestibulum elementum lectus non nisl venenatis, tempus molestie \r\nnisi tempus. Pellentesque facilisis nibh nec purus blandit, id aliquam \r\nlorem fermentum.\r\n</span></p>\r\n<p>\r\n<span style="font-style: italic;">Ut erat lacus, sagittis ac leo eu, molestie mattis libero. Nam sit amet \r\nmassa et magna porttitor eleifend a aliquam nunc. Pellentesque a est a \r\naugue dignissim tristique eu nec augue. Integer pretium sollicitudin \r\ntellus, quis hendrerit nunc accumsan et. Fusce bibendum a neque vel \r\nfringilla. Vivamus viverra enim at purus gravida, in elementum neque \r\neleifend. Curabitur sodales dapibus urna, at mattis lacus eleifend non. \r\nDonec ultricies porta orci eu congue. Nulla sodales arcu a libero \r\naliquet, nec aliquam ante sagittis.</span></p>', NULL),
(22689, 2, 7, 38, 'novo', NULL),
(22690, 2, 7, 6, 'commercial', NULL),
(22691, 2, 7, 56, '', NULL),
(22692, 2, 7, 1, '0', NULL),
(22693, 2, 7, 4, 'Prodaja i najam', NULL),
(22694, 2, 7, 2, 'Poslovni prostor', NULL),
(22695, 2, 7, 5, 'Zagreb', NULL),
(22696, 2, 7, 7, 'Zagreb', NULL),
(22697, 2, 7, 40, '', NULL),
(22698, 2, 7, 64, '', NULL),
(22699, 2, 7, 3, 'Više od 100m2', NULL),
(22700, 2, 7, 57, '33', 33),
(22701, 2, 7, 39, 'B', NULL),
(22702, 2, 7, 19, '5', 5),
(22703, 2, 7, 20, '5', 5),
(22704, 2, 7, 58, '12', 12),
(22705, 2, 7, 36, '40000', 40000),
(22706, 2, 7, 55, '', NULL),
(22707, 2, 7, 37, '400', 400),
(22708, 2, 7, 54, 'Agent', NULL),
(22709, 2, 7, 53, '', NULL),
(22710, 2, 7, 59, '', NULL),
(22711, 2, 7, 60, '', NULL),
(22712, 2, 7, 66, '0', NULL),
(22713, 2, 7, 67, '', NULL),
(22714, 2, 7, 68, '', NULL),
(22715, 2, 7, 69, '', NULL),
(22716, 2, 7, 70, '', NULL),
(22717, 2, 7, 71, '', NULL),
(22718, 2, 7, 72, '', NULL),
(22719, 2, 7, 73, '', NULL),
(22720, 2, 7, 21, '0', NULL),
(22721, 2, 7, 22, 'true', NULL),
(22722, 2, 7, 23, '0', NULL),
(22723, 2, 7, 24, '0', NULL),
(22724, 2, 7, 25, '0', NULL),
(22725, 2, 7, 28, 'true', NULL),
(22726, 2, 7, 29, 'true', NULL),
(22727, 2, 7, 31, '0', NULL),
(22728, 2, 7, 52, '0', NULL),
(22729, 2, 7, 11, 'true', NULL),
(22730, 2, 7, 30, 'true', NULL),
(22731, 2, 7, 27, 'true', NULL),
(22732, 2, 7, 33, 'true', NULL),
(22733, 2, 7, 32, 'true', NULL),
(22734, 2, 7, 43, '0', NULL),
(22735, 2, 7, 44, '1500', 1500),
(22736, 2, 7, 45, '1500', 1500),
(22737, 2, 7, 46, '', NULL),
(22738, 2, 7, 47, '', NULL),
(22739, 2, 7, 48, '', NULL),
(22740, 2, 7, 49, '', NULL),
(22741, 2, 7, 50, '', NULL),
(22742, 2, 7, 51, '', NULL),
(22743, 2, 7, 9, '0', NULL),
(22744, 2, 7, 12, '', NULL),
(22745, 2, 7, 42, '0', NULL),
(22870, 1, 13, 10, 'Yellow wood', NULL),
(22871, 1, 13, 8, 'Lorem ipsum dolor sit amet, consectetur adipiscing elit. Sed vulputate \r\nnec neque gravida rhoncus. Donec sit amet blandit mauris, sed bibendum \r\nrisus. Cras ut urna semper, facilisis augue sed, imperdiet nulla. Duis \r\ntristique tellus tortor, dapibus gravida sem sodales id. Nullam quis \r\nconvallis libero, vitae pulvinar nisi.', NULL),
(22872, 1, 13, 17, '<p>\r\nLorem ipsum dolor sit amet, consectetur adipiscing elit. Sed vulputate \r\nnec neque gravida rhoncus. Donec sit amet blandit mauris, sed bibendum \r\nrisus. Cras ut urna semper, facilisis augue sed, imperdiet nulla. Duis \r\ntristique tellus tortor, dapibus gravida sem sodales id. Nullam quis \r\nconvallis libero, vitae pulvinar nisi.</p><p><span style="font-weight: bold;">Nam eget est facilisis, porta mi \r\nac, ultricies enim. Proin nisi diam, eleifend ac eleifend in, dapibus in\r\n orci. Vestibulum elementum lectus non nisl venenatis, tempus molestie \r\nnisi tempus. Pellentesque facilisis nibh nec purus blandit, id aliquam \r\nlorem fermentum.\r\n</span></p>\r\n<p>\r\n<span style="font-style: italic;">Ut erat lacus, sagittis ac leo eu, molestie mattis libero. Nam sit amet \r\nmassa et magna porttitor eleifend a aliquam nunc. Pellentesque a est a \r\naugue dignissim tristique eu nec augue. Integer pretium sollicitudin \r\ntellus, quis hendrerit nunc accumsan et. Fusce bibendum a neque vel \r\nfringilla. Vivamus viverra enim at purus gravida, in elementum neque \r\neleifend. Curabitur sodales dapibus urna, at mattis lacus eleifend non. \r\nDonec ultricies porta orci eu congue. Nulla sodales arcu a libero \r\naliquet, nec aliquam ante sagittis.</span></p>', NULL),
(22873, 1, 13, 38, 'empty', NULL),
(22874, 1, 13, 6, 'house', NULL),
(22875, 1, 13, 56, '', NULL),
(22876, 1, 13, 1, '0', NULL),
(22877, 1, 13, 4, 'Sale', NULL),
(22878, 1, 13, 2, 'House', NULL),
(22879, 1, 13, 5, 'Zagrebačka', NULL),
(22880, 1, 13, 7, 'Sesvete', NULL),
(22881, 1, 13, 40, '', NULL),
(22882, 1, 13, 64, '', NULL),
(22883, 1, 13, 3, '50-100m2', NULL),
(22884, 1, 13, 57, '90', 90),
(22885, 1, 13, 39, '-', NULL),
(22886, 1, 13, 19, '1', 1),
(22887, 1, 13, 20, '1', 1),
(22888, 1, 13, 58, '9', 9),
(22889, 1, 13, 36, '', NULL),
(22890, 1, 13, 55, '', NULL),
(22891, 1, 13, 37, '', NULL),
(22892, 1, 13, 54, 'Agent', NULL),
(22893, 1, 13, 53, '', NULL),
(22894, 1, 13, 59, '200', 200),
(22895, 1, 13, 60, '50', 50),
(22896, 1, 13, 66, '0', NULL),
(22897, 1, 13, 67, '', NULL),
(22898, 1, 13, 68, '', NULL),
(22899, 1, 13, 69, '', NULL),
(22900, 1, 13, 70, '', NULL),
(22901, 1, 13, 71, '', NULL),
(22902, 1, 13, 72, '', NULL),
(22903, 1, 13, 73, '', NULL),
(22904, 1, 13, 21, '0', NULL),
(22905, 1, 13, 22, 'true', NULL),
(22906, 1, 13, 23, 'true', NULL),
(22907, 1, 13, 24, 'true', NULL),
(22908, 1, 13, 25, 'true', NULL),
(22909, 1, 13, 28, '0', NULL),
(22910, 1, 13, 29, '0', NULL),
(22911, 1, 13, 31, '0', NULL),
(22912, 1, 13, 52, '0', NULL),
(22913, 1, 13, 11, 'true', NULL),
(22914, 1, 13, 30, '0', NULL),
(22915, 1, 13, 27, '0', NULL),
(22916, 1, 13, 33, '0', NULL),
(22917, 1, 13, 32, '0', NULL),
(22918, 1, 13, 43, '0', NULL),
(22919, 1, 13, 44, '', NULL),
(22920, 1, 13, 45, '', NULL),
(22921, 1, 13, 46, '', NULL),
(22922, 1, 13, 47, '', NULL),
(22923, 1, 13, 48, '', NULL),
(22924, 1, 13, 49, '300', 300),
(22925, 1, 13, 50, '300', 300),
(22926, 1, 13, 51, '300', 300),
(22927, 1, 13, 9, '0', NULL),
(22928, 1, 13, 12, '', NULL),
(22929, 1, 13, 42, '0', NULL),
(22930, 2, 13, 10, 'Žuto drvo', NULL),
(22931, 2, 13, 8, 'Lorem ipsum dolor sit amet, consectetur adipiscing elit. Sed vulputate \r\nnec neque gravida rhoncus. Donec sit amet blandit mauris, sed bibendum \r\nrisus. Cras ut urna semper, facilisis augue sed, imperdiet nulla. Duis \r\ntristique tellus tortor, dapibus gravida sem sodales id. Nullam quis \r\nconvallis libero, vitae pulvinar nisi.', NULL),
(22932, 2, 13, 17, '<p>\r\nLorem ipsum dolor sit amet, consectetur adipiscing elit. Sed vulputate \r\nnec neque gravida rhoncus. Donec sit amet blandit mauris, sed bibendum \r\nrisus. Cras ut urna semper, facilisis augue sed, imperdiet nulla. Duis \r\ntristique tellus tortor, dapibus gravida sem sodales id. Nullam quis \r\nconvallis libero, vitae pulvinar nisi.</p><p><span style="font-weight: bold;">Nam eget est facilisis, porta mi \r\nac, ultricies enim. Proin nisi diam, eleifend ac eleifend in, dapibus in\r\n orci. Vestibulum elementum lectus non nisl venenatis, tempus molestie \r\nnisi tempus. Pellentesque facilisis nibh nec purus blandit, id aliquam \r\nlorem fermentum.\r\n</span></p>\r\n<p>\r\n<span style="font-style: italic;">Ut erat lacus, sagittis ac leo eu, molestie mattis libero. Nam sit amet \r\nmassa et magna porttitor eleifend a aliquam nunc. Pellentesque a est a \r\naugue dignissim tristique eu nec augue. Integer pretium sollicitudin \r\ntellus, quis hendrerit nunc accumsan et. Fusce bibendum a neque vel \r\nfringilla. Vivamus viverra enim at purus gravida, in elementum neque \r\neleifend. Curabitur sodales dapibus urna, at mattis lacus eleifend non. \r\nDonec ultricies porta orci eu congue. Nulla sodales arcu a libero \r\naliquet, nec aliquam ante sagittis.</span></p>', NULL),
(22933, 2, 13, 38, 'empty', NULL),
(22934, 2, 13, 6, 'house', NULL),
(22935, 2, 13, 56, '', NULL),
(22936, 2, 13, 1, '0', NULL),
(22937, 2, 13, 4, 'Prodaja', NULL),
(22938, 2, 13, 2, 'Kuća', NULL),
(22939, 2, 13, 5, 'Zagrebačka', NULL),
(22940, 2, 13, 7, 'Sesvete', NULL),
(22941, 2, 13, 40, '', NULL),
(22942, 2, 13, 64, '', NULL),
(22943, 2, 13, 3, '50-100m2', NULL),
(22944, 2, 13, 57, '90', 90),
(22945, 2, 13, 39, '-', NULL),
(22946, 2, 13, 19, '1', 1),
(22947, 2, 13, 20, '1', 1),
(22948, 2, 13, 58, '9', 9),
(22949, 2, 13, 36, '', NULL),
(22950, 2, 13, 55, '', NULL),
(22951, 2, 13, 37, '', NULL),
(22952, 2, 13, 54, 'Agent', NULL),
(22953, 2, 13, 53, '', NULL),
(22954, 2, 13, 59, '200', 200),
(22955, 2, 13, 60, '50', 50),
(22956, 2, 13, 66, '0', NULL),
(22957, 2, 13, 67, '', NULL),
(22958, 2, 13, 68, '', NULL),
(22959, 2, 13, 69, '', NULL),
(22960, 2, 13, 70, '', NULL),
(22961, 2, 13, 71, '', NULL),
(22962, 2, 13, 72, '', NULL),
(22963, 2, 13, 73, '', NULL),
(22964, 2, 13, 21, '0', NULL),
(22965, 2, 13, 22, 'true', NULL),
(22966, 2, 13, 23, 'true', NULL),
(22967, 2, 13, 24, 'true', NULL),
(22968, 2, 13, 25, 'true', NULL),
(22969, 2, 13, 28, '0', NULL),
(22970, 2, 13, 29, '0', NULL),
(22971, 2, 13, 31, '0', NULL),
(22972, 2, 13, 52, '0', NULL),
(22973, 2, 13, 11, 'true', NULL),
(22974, 2, 13, 30, '0', NULL),
(22975, 2, 13, 27, '0', NULL),
(22976, 2, 13, 33, '0', NULL),
(22977, 2, 13, 32, '0', NULL),
(22978, 2, 13, 43, '0', NULL),
(22979, 2, 13, 44, '', NULL),
(22980, 2, 13, 45, '', NULL),
(22981, 2, 13, 46, '', NULL),
(22982, 2, 13, 47, '', NULL),
(22983, 2, 13, 48, '', NULL),
(22984, 2, 13, 49, '300', 300),
(22985, 2, 13, 50, '300', 300),
(22986, 2, 13, 51, '300', 300),
(22987, 2, 13, 9, '0', NULL),
(22988, 2, 13, 12, '', NULL),
(22989, 2, 13, 42, '0', NULL),
(22990, 1, 14, 10, 'Black glass house', NULL),
(22991, 1, 14, 8, 'Lorem ipsum dolor sit amet, consectetur adipiscing elit. Sed vulputate \r\nnec neque gravida rhoncus. Donec sit amet blandit mauris, sed bibendum \r\nrisus.', NULL),
(22992, 1, 14, 17, '<p>\r\nLorem ipsum dolor sit amet, consectetur adipiscing elit. Sed vulputate \r\nnec neque gravida rhoncus. Donec sit amet blandit mauris, sed bibendum \r\nrisus. Cras ut urna semper, facilisis augue sed, imperdiet nulla. Duis \r\ntristique tellus tortor, dapibus gravida sem sodales id. Nullam quis \r\nconvallis libero, vitae pulvinar nisi.</p><p><span style="font-weight: bold;">Nam eget est facilisis, porta mi \r\nac, ultricies enim. Proin nisi diam, eleifend ac eleifend in, dapibus in\r\n orci. Vestibulum elementum lectus non nisl venenatis, tempus molestie \r\nnisi tempus. Pellentesque facilisis nibh nec purus blandit, id aliquam \r\nlorem fermentum.\r\n</span></p>\r\n<p>\r\n<span style="font-style: italic;">Ut erat lacus, sagittis ac leo eu, molestie mattis libero. Nam sit amet \r\nmassa et magna porttitor eleifend a aliquam nunc. Pellentesque a est a \r\naugue dignissim tristique eu nec augue. Integer pretium sollicitudin \r\ntellus, quis hendrerit nunc accumsan et. Fusce bibendum a neque vel \r\nfringilla. Vivamus viverra enim at purus gravida, in elementum neque \r\neleifend. Curabitur sodales dapibus urna, at mattis lacus eleifend non. \r\nDonec ultricies porta orci eu congue. Nulla sodales arcu a libero \r\naliquet, nec aliquam ante sagittis.</span></p>', NULL),
(22993, 1, 14, 38, 'action', NULL),
(22994, 1, 14, 6, 'house', NULL),
(22995, 1, 14, 56, '5', 5),
(22996, 1, 14, 1, '0', NULL),
(22997, 1, 14, 4, 'Sale', NULL),
(22998, 1, 14, 2, 'House', NULL),
(22999, 1, 14, 5, 'Zagreb', NULL),
(23000, 1, 14, 7, 'Zagreb', NULL),
(23001, 1, 14, 40, '', NULL),
(23002, 1, 14, 64, '', NULL),
(23003, 1, 14, 3, 'More than 100m2', NULL),
(23004, 1, 14, 57, '200', 200),
(23005, 1, 14, 39, '-', NULL),
(23006, 1, 14, 19, '2', 2),
(23007, 1, 14, 20, '2', 2),
(23008, 1, 14, 58, '20', 20),
(23009, 1, 14, 36, '', NULL),
(23010, 1, 14, 55, '', NULL),
(23011, 1, 14, 37, '', NULL),
(23012, 1, 14, 54, 'Owner', NULL),
(23013, 1, 14, 53, '3', 3),
(23014, 1, 14, 59, '80', 80),
(23015, 1, 14, 60, '30', 30),
(23016, 1, 14, 66, '0', NULL),
(23017, 1, 14, 67, '', NULL),
(23018, 1, 14, 68, '', NULL),
(23019, 1, 14, 69, '', NULL),
(23020, 1, 14, 70, '', NULL),
(23021, 1, 14, 71, '', NULL),
(23022, 1, 14, 72, '', NULL),
(23023, 1, 14, 73, '', NULL),
(23024, 1, 14, 21, '0', NULL),
(23025, 1, 14, 22, 'true', NULL),
(23026, 1, 14, 23, 'true', NULL),
(23027, 1, 14, 24, 'true', NULL),
(23028, 1, 14, 25, '0', NULL),
(23029, 1, 14, 28, '0', NULL),
(23030, 1, 14, 29, '0', NULL),
(23031, 1, 14, 31, 'true', NULL),
(23032, 1, 14, 52, '0', NULL),
(23033, 1, 14, 11, 'true', NULL),
(23034, 1, 14, 30, 'true', NULL),
(23035, 1, 14, 27, '0', NULL),
(23036, 1, 14, 33, 'true', NULL),
(23037, 1, 14, 32, 'true', NULL),
(23038, 1, 14, 43, '0', NULL),
(23039, 1, 14, 44, '500', 500),
(23040, 1, 14, 45, '500', 500),
(23041, 1, 14, 46, '500', 500),
(23042, 1, 14, 47, '500', 500),
(23043, 1, 14, 48, '500', 500),
(23044, 1, 14, 49, '500', 500),
(23045, 1, 14, 50, '500', 500),
(23046, 1, 14, 51, '600', 600),
(23047, 1, 14, 9, '0', NULL),
(23048, 1, 14, 12, '', NULL),
(23049, 1, 14, 42, '0', NULL),
(23050, 2, 14, 10, 'Kuća crno staklo', NULL),
(23051, 2, 14, 8, 'Lorem ipsum dolor sit amet, consectetur adipiscing elit. Sed vulputate \r\nnec neque gravida rhoncus. Donec sit amet blandit mauris, sed bibendum \r\nrisus.', NULL),
(23052, 2, 14, 17, '<p>\r\nLorem ipsum dolor sit amet, consectetur adipiscing elit. Sed vulputate \r\nnec neque gravida rhoncus. Donec sit amet blandit mauris, sed bibendum \r\nrisus. Cras ut urna semper, facilisis augue sed, imperdiet nulla. Duis \r\ntristique tellus tortor, dapibus gravida sem sodales id. Nullam quis \r\nconvallis libero, vitae pulvinar nisi.</p><p><span style="font-weight: bold;">Nam eget est facilisis, porta mi \r\nac, ultricies enim. Proin nisi diam, eleifend ac eleifend in, dapibus in\r\n orci. Vestibulum elementum lectus non nisl venenatis, tempus molestie \r\nnisi tempus. Pellentesque facilisis nibh nec purus blandit, id aliquam \r\nlorem fermentum.\r\n</span></p>\r\n<p>\r\n<span style="font-style: italic;">Ut erat lacus, sagittis ac leo eu, molestie mattis libero. Nam sit amet \r\nmassa et magna porttitor eleifend a aliquam nunc. Pellentesque a est a \r\naugue dignissim tristique eu nec augue. Integer pretium sollicitudin \r\ntellus, quis hendrerit nunc accumsan et. Fusce bibendum a neque vel \r\nfringilla. Vivamus viverra enim at purus gravida, in elementum neque \r\neleifend. Curabitur sodales dapibus urna, at mattis lacus eleifend non. \r\nDonec ultricies porta orci eu congue. Nulla sodales arcu a libero \r\naliquet, nec aliquam ante sagittis.</span></p>', NULL),
(23053, 2, 14, 38, 'empty', NULL),
(23054, 2, 14, 6, 'house', NULL),
(23055, 2, 14, 56, '5', 5),
(23056, 2, 14, 1, '0', NULL),
(23057, 2, 14, 4, 'Prodaja', NULL),
(23058, 2, 14, 2, 'Kuća', NULL),
(23059, 2, 14, 5, 'Zagreb', NULL),
(23060, 2, 14, 7, 'Zagreb', NULL),
(23061, 2, 14, 40, '', NULL),
(23062, 2, 14, 64, '', NULL),
(23063, 2, 14, 3, 'Više od 100m2', NULL),
(23064, 2, 14, 57, '200', 200),
(23065, 2, 14, 39, '-', NULL),
(23066, 2, 14, 19, '2', 2),
(23067, 2, 14, 20, '2', 2),
(23068, 2, 14, 58, '20', 20),
(23069, 2, 14, 36, '', NULL),
(23070, 2, 14, 55, '', NULL),
(23071, 2, 14, 37, '', NULL),
(23072, 2, 14, 54, 'Vlasnik', NULL),
(23073, 2, 14, 53, '3', 3),
(23074, 2, 14, 59, '80', 80),
(23075, 2, 14, 60, '30', 30),
(23076, 2, 14, 66, '0', NULL),
(23077, 2, 14, 67, '', NULL),
(23078, 2, 14, 68, '', NULL),
(23079, 2, 14, 69, '', NULL),
(23080, 2, 14, 70, '', NULL),
(23081, 2, 14, 71, '', NULL),
(23082, 2, 14, 72, '', NULL),
(23083, 2, 14, 73, '', NULL),
(23084, 2, 14, 21, '0', NULL),
(23085, 2, 14, 22, 'true', NULL),
(23086, 2, 14, 23, 'true', NULL),
(23087, 2, 14, 24, 'true', NULL),
(23088, 2, 14, 25, '0', NULL),
(23089, 2, 14, 28, '0', NULL),
(23090, 2, 14, 29, '0', NULL),
(23091, 2, 14, 31, 'true', NULL),
(23092, 2, 14, 52, '0', NULL),
(23093, 2, 14, 11, 'true', NULL),
(23094, 2, 14, 30, 'true', NULL),
(23095, 2, 14, 27, '0', NULL),
(23096, 2, 14, 33, 'true', NULL),
(23097, 2, 14, 32, 'true', NULL),
(23098, 2, 14, 43, '0', NULL),
(23099, 2, 14, 44, '500', 500),
(23100, 2, 14, 45, '500', 500),
(23101, 2, 14, 46, '500', 500),
(23102, 2, 14, 47, '500', 500),
(23103, 2, 14, 48, '500', 500),
(23104, 2, 14, 49, '500', 500),
(23105, 2, 14, 50, '500', 500),
(23106, 2, 14, 51, '600', 600),
(23107, 2, 14, 9, '0', NULL),
(23108, 2, 14, 12, '', NULL),
(23109, 2, 14, 42, '0', NULL),
(26562, 1, 19, 10, 'Retro old', NULL),
(26563, 1, 19, 8, 'Lorem ipsum dolor sit amet, consectetur adipiscing elit. Sed vulputate \r\nnec neque gravida rhoncus. Donec sit amet blandit mauris, sed bibendum \r\nrisus.', NULL),
(26564, 1, 19, 17, '<p>\r\nLorem ipsum dolor sit amet, consectetur adipiscing elit. Sed vulputate \r\nnec neque gravida rhoncus. Donec sit amet blandit mauris, sed bibendum \r\nrisus. Cras ut urna semper, facilisis augue sed, imperdiet nulla. Duis \r\ntristique tellus tortor, dapibus gravida sem sodales id. Nullam quis \r\nconvallis libero, vitae pulvinar nisi.</p><p><span style="font-weight: bold;">Nam eget est facilisis, porta mi \r\nac, ultricies enim. Proin nisi diam, eleifend ac eleifend in, dapibus in\r\n orci. Vestibulum elementum lectus non nisl venenatis, tempus molestie \r\nnisi tempus. Pellentesque facilisis nibh nec purus blandit, id aliquam \r\nlorem fermentum.\r\n</span></p>\r\n<p>\r\n<span style="font-style: italic;">Ut erat lacus, sagittis ac leo eu, molestie mattis libero. Nam sit amet \r\nmassa et magna porttitor eleifend a aliquam nunc. Pellentesque a est a \r\naugue dignissim tristique eu nec augue. Integer pretium sollicitudin \r\ntellus, quis hendrerit nunc accumsan et. Fusce bibendum a neque vel \r\nfringilla. Vivamus viverra enim at purus gravida, in elementum neque \r\neleifend. Curabitur sodales dapibus urna, at mattis lacus eleifend non. \r\nDonec ultricies porta orci eu congue. Nulla sodales arcu a libero \r\naliquet, nec aliquam ante sagittis.</span></p>', NULL),
(26565, 1, 19, 38, 'empty', NULL),
(26566, 1, 19, 6, 'house', NULL),
(26567, 1, 19, 56, '', NULL),
(26568, 1, 19, 1, '0', NULL),
(26569, 1, 19, 4, 'Sale', NULL),
(26570, 1, 19, 2, 'House', NULL),
(26571, 1, 19, 5, 'Zagorje', NULL),
(26572, 1, 19, 7, 'Sveti Ivan Zelika', NULL),
(26573, 1, 19, 40, '11000', 11000),
(26574, 1, 19, 3, 'Less than 50m2', NULL),
(26575, 1, 19, 57, '35', 35),
(26576, 1, 19, 39, '-', NULL),
(26577, 1, 19, 19, '1', 1),
(26578, 1, 19, 20, '1', 1),
(26579, 1, 19, 58, '3', 3),
(26580, 1, 19, 36, '', NULL),
(26581, 1, 19, 55, '', NULL),
(26582, 1, 19, 37, '', NULL),
(26583, 1, 19, 54, 'Agent', NULL),
(26584, 1, 19, 53, '', NULL),
(26585, 1, 19, 59, '80', 80),
(26586, 1, 19, 60, '20', 20),
(26587, 1, 19, 65, '267', 267),
(26588, 1, 19, 64, '', NULL),
(26589, 1, 19, 66, '0', NULL),
(26590, 1, 19, 67, '', NULL),
(26591, 1, 19, 74, '270', 270),
(26592, 1, 19, 68, '', NULL),
(26593, 1, 19, 69, '', NULL),
(26594, 1, 19, 70, '', NULL),
(26595, 1, 19, 71, '', NULL),
(26596, 1, 19, 72, '', NULL),
(26597, 1, 19, 73, '', NULL),
(26598, 1, 19, 21, '0', NULL),
(26599, 1, 19, 22, '0', NULL),
(26600, 1, 19, 23, '0', NULL),
(26601, 1, 19, 24, '0', NULL),
(26602, 1, 19, 25, '0', NULL),
(26603, 1, 19, 28, '0', NULL),
(26604, 1, 19, 29, '0', NULL),
(26605, 1, 19, 31, 'true', NULL),
(26606, 1, 19, 52, '0', NULL),
(26607, 1, 19, 11, 'true', NULL),
(26608, 1, 19, 30, '0', NULL),
(26609, 1, 19, 27, '0', NULL),
(26610, 1, 19, 33, 'true', NULL),
(26611, 1, 19, 32, 'true', NULL),
(26612, 1, 19, 43, '0', NULL),
(26613, 1, 19, 44, '', NULL),
(26614, 1, 19, 45, '', NULL),
(26615, 1, 19, 46, '', NULL),
(26616, 1, 19, 47, '', NULL),
(26617, 1, 19, 48, '', NULL),
(26618, 1, 19, 49, '800', 800),
(26619, 1, 19, 50, '800', 800),
(26620, 1, 19, 51, '', NULL),
(26621, 1, 19, 9, '0', NULL),
(26622, 1, 19, 12, '', NULL),
(26623, 1, 19, 42, '0', NULL),
(26624, 2, 19, 10, 'Stari retro', NULL),
(26625, 2, 19, 8, 'Lorem ipsum dolor sit amet, consectetur adipiscing elit. Sed vulputate \r\nnec neque gravida rhoncus. Donec sit amet blandit mauris, sed bibendum \r\nrisus.', NULL),
(26626, 2, 19, 17, '<p>\r\nLorem ipsum dolor sit amet, consectetur adipiscing elit. Sed vulputate \r\nnec neque gravida rhoncus. Donec sit amet blandit mauris, sed bibendum \r\nrisus. Cras ut urna semper, facilisis augue sed, imperdiet nulla. Duis \r\ntristique tellus tortor, dapibus gravida sem sodales id. Nullam quis \r\nconvallis libero, vitae pulvinar nisi.</p><p><span style="font-weight: bold;">Nam eget est facilisis, porta mi \r\nac, ultricies enim. Proin nisi diam, eleifend ac eleifend in, dapibus in\r\n orci. Vestibulum elementum lectus non nisl venenatis, tempus molestie \r\nnisi tempus. Pellentesque facilisis nibh nec purus blandit, id aliquam \r\nlorem fermentum.\r\n</span></p>\r\n<p>\r\n<span style="font-style: italic;">Ut erat lacus, sagittis ac leo eu, molestie mattis libero. Nam sit amet \r\nmassa et magna porttitor eleifend a aliquam nunc. Pellentesque a est a \r\naugue dignissim tristique eu nec augue. Integer pretium sollicitudin \r\ntellus, quis hendrerit nunc accumsan et. Fusce bibendum a neque vel \r\nfringilla. Vivamus viverra enim at purus gravida, in elementum neque \r\neleifend. Curabitur sodales dapibus urna, at mattis lacus eleifend non. \r\nDonec ultricies porta orci eu congue. Nulla sodales arcu a libero \r\naliquet, nec aliquam ante sagittis.</span></p>', NULL),
(26627, 2, 19, 38, 'empty', NULL),
(26628, 2, 19, 6, 'house', NULL),
(26629, 2, 19, 56, '', NULL),
(26630, 2, 19, 1, '0', NULL),
(26631, 2, 19, 4, 'Prodaja', NULL),
(26632, 2, 19, 2, 'Kuća', NULL),
(26633, 2, 19, 5, 'Zagorje', NULL),
(26634, 2, 19, 7, 'Sveti Ivan Zelika', NULL),
(26635, 2, 19, 40, '11000', 11000),
(26636, 2, 19, 3, 'Manje od 50m2', NULL),
(26637, 2, 19, 57, '35', 35),
(26638, 2, 19, 39, '-', NULL),
(26639, 2, 19, 19, '1', 1),
(26640, 2, 19, 20, '1', 1),
(26641, 2, 19, 58, '3', 3),
(26642, 2, 19, 36, '', NULL),
(26643, 2, 19, 55, '', NULL),
(26644, 2, 19, 37, '', NULL),
(26645, 2, 19, 54, 'Agent', NULL),
(26646, 2, 19, 53, '', NULL),
(26647, 2, 19, 59, '', NULL),
(26648, 2, 19, 60, '', NULL),
(26649, 2, 19, 64, '', NULL),
(26650, 2, 19, 66, '0', NULL),
(26651, 2, 19, 67, '', NULL),
(26652, 2, 19, 68, '', NULL),
(26653, 2, 19, 69, '', NULL),
(26654, 2, 19, 70, '', NULL),
(26655, 2, 19, 71, '', NULL),
(26656, 2, 19, 72, '', NULL),
(26657, 2, 19, 73, '', NULL),
(26658, 2, 19, 21, '0', NULL),
(26659, 2, 19, 22, '0', NULL),
(26660, 2, 19, 23, '0', NULL),
(26661, 2, 19, 24, '0', NULL),
(26662, 2, 19, 25, '0', NULL),
(26663, 2, 19, 28, '0', NULL),
(26664, 2, 19, 29, '0', NULL),
(26665, 2, 19, 31, 'true', NULL),
(26666, 2, 19, 52, '0', NULL),
(26667, 2, 19, 11, 'true', NULL),
(26668, 2, 19, 30, '0', NULL),
(26669, 2, 19, 27, '0', NULL),
(26670, 2, 19, 33, 'true', NULL),
(26671, 2, 19, 32, 'true', NULL),
(26672, 2, 19, 43, '0', NULL),
(26673, 2, 19, 44, '', NULL),
(26674, 2, 19, 45, '', NULL),
(26675, 2, 19, 46, '', NULL),
(26676, 2, 19, 47, '', NULL),
(26677, 2, 19, 48, '', NULL),
(26678, 2, 19, 49, '800', 800),
(26679, 2, 19, 50, '800', 800),
(26680, 2, 19, 51, '', NULL),
(26681, 2, 19, 9, '0', NULL),
(26682, 2, 19, 12, '', NULL),
(26683, 2, 19, 42, '0', NULL),
(29752, 1, 15, 10, 'Round towers', NULL),
(29753, 1, 15, 8, 'Lorem ipsum dolor sit amet, consectetur adipiscing elit. Sed vulputate \r\nnec neque gravida rhoncus. Donec sit amet blandit mauris, sed bibendum \r\nrisus. Cras ut urna semper, facilisis augue sed, imperdiet nulla. Duis \r\ntristique tellus tortor, dapibus gravida sem sodales id. Nullam quis \r\nconvallis libero, vitae pulvinar nisi 9.', NULL),
(29754, 1, 15, 17, '<p>\r\nLorem ipsum dolor sit amet, consectetur adipiscing elit. Sed vulputate \r\nnec neque gravida rhoncus. Donec sit amet blandit mauris, sed bibendum \r\nrisus. Cras ut urna semper, facilisis augue sed, imperdiet nulla. Duis \r\ntristique tellus tortor, dapibus gravida sem sodales id. Nullam quis \r\nconvallis libero, vitae pulvinar nisi.</p><p><span style="font-weight: bold;">Nam eget est facilisis, porta mi \r\nac, ultricies enim. Proin nisi diam, eleifend ac eleifend in, dapibus in\r\n orci. Vestibulum elementum lectus non nisl venenatis, tempus molestie \r\nnisi tempus. Pellentesque facilisis nibh nec purus blandit, id aliquam \r\nlorem fermentum.\r\n</span></p>\r\n<p>\r\n<span style="font-style: italic;">Ut erat lacus, sagittis ac leo eu, molestie mattis libero. Nam sit amet \r\nmassa et magna porttitor eleifend a aliquam nunc. Pellentesque a est a \r\naugue dignissim tristique eu nec augue. Integer pretium sollicitudin \r\ntellus, quis hendrerit nunc accumsan et. Fusce bibendum a neque vel \r\nfringilla. Vivamus viverra enim at purus gravida, in elementum neque \r\neleifend. Curabitur sodales dapibus urna, at mattis lacus eleifend non. \r\nDonec ultricies porta orci eu congue. Nulla sodales arcu a libero \r\naliquet, nec aliquam ante sagittis.</span></p>', NULL),
(29755, 1, 15, 38, 'empty', NULL),
(29756, 1, 15, 6, 'house', NULL),
(29757, 1, 15, 56, '', NULL),
(29758, 1, 15, 1, '0', NULL),
(29759, 1, 15, 4, 'Sale', NULL),
(29760, 1, 15, 2, 'House', NULL),
(29761, 1, 15, 5, 'Zagrebačka', NULL),
(29762, 1, 15, 7, 'Vrbovec', NULL),
(29763, 1, 15, 40, '', NULL),
(29764, 1, 15, 3, 'Less than 50m2', NULL),
(29765, 1, 15, 57, '49', 49),
(29766, 1, 15, 39, '-', NULL),
(29767, 1, 15, 19, '2', 2),
(29768, 1, 15, 20, '2', 2),
(29769, 1, 15, 58, '5', 5),
(29770, 1, 15, 36, '', NULL),
(29771, 1, 15, 55, '', NULL),
(29772, 1, 15, 37, '', NULL),
(29773, 1, 15, 54, 'Agent', NULL),
(29774, 1, 15, 53, '', NULL),
(29775, 1, 15, 59, '30', 30),
(29776, 1, 15, 60, '10', 10),
(29777, 1, 15, 64, '', NULL),
(29778, 1, 15, 66, '0', NULL),
(29779, 1, 15, 67, '', NULL),
(29780, 1, 15, 68, '', NULL),
(29781, 1, 15, 69, '', NULL),
(29782, 1, 15, 70, '', NULL),
(29783, 1, 15, 71, '', NULL),
(29784, 1, 15, 72, '', NULL),
(29785, 1, 15, 73, '', NULL),
(29786, 1, 15, 21, '0', NULL),
(29787, 1, 15, 22, 'true', NULL),
(29788, 1, 15, 23, 'true', NULL),
(29789, 1, 15, 24, 'true', NULL),
(29790, 1, 15, 25, '0', NULL),
(29791, 1, 15, 28, '0', NULL),
(29792, 1, 15, 29, '0', NULL),
(29793, 1, 15, 31, '0', NULL),
(29794, 1, 15, 52, '0', NULL),
(29795, 1, 15, 11, 'true', NULL),
(29796, 1, 15, 30, '0', NULL),
(29797, 1, 15, 27, '0', NULL),
(29798, 1, 15, 33, 'true', NULL),
(29799, 1, 15, 32, 'true', NULL),
(29800, 1, 15, 43, '0', NULL),
(29801, 1, 15, 44, '200', 200),
(29802, 1, 15, 45, '200', 200),
(29803, 1, 15, 46, '200', 200),
(29804, 1, 15, 47, '', NULL),
(29805, 1, 15, 48, '', NULL),
(29806, 1, 15, 49, '', NULL),
(29807, 1, 15, 50, '', NULL),
(29808, 1, 15, 51, '', NULL),
(29809, 1, 15, 9, '0', NULL),
(29810, 1, 15, 12, '', NULL),
(29811, 1, 15, 42, '0', NULL),
(29812, 2, 15, 10, 'Okrugle kule', NULL),
(29813, 2, 15, 8, 'Lorem ipsum dolor sit amet, consectetur adipiscing elit. Sed vulputate \r\nnec neque gravida rhoncus. Donec sit amet blandit mauris, sed bibendum \r\nrisus. Cras ut urna semper, facilisis augue sed, imperdiet nulla. Duis \r\ntristique tellus tortor, dapibus gravida sem sodales id. Nullam quis \r\nconvallis libero, vitae pulvinar nisi.', NULL),
(29814, 2, 15, 17, '<p>\r\nLorem ipsum dolor sit amet, consectetur adipiscing elit. Sed vulputate \r\nnec neque gravida rhoncus. Donec sit amet blandit mauris, sed bibendum \r\nrisus. Cras ut urna semper, facilisis augue sed, imperdiet nulla. Duis \r\ntristique tellus tortor, dapibus gravida sem sodales id. Nullam quis \r\nconvallis libero, vitae pulvinar nisi.</p><p><span style="font-weight: bold;">Nam eget est facilisis, porta mi \r\nac, ultricies enim. Proin nisi diam, eleifend ac eleifend in, dapibus in\r\n orci. Vestibulum elementum lectus non nisl venenatis, tempus molestie \r\nnisi tempus. Pellentesque facilisis nibh nec purus blandit, id aliquam \r\nlorem fermentum.\r\n</span></p>\r\n<p>\r\n<span style="font-style: italic;">Ut erat lacus, sagittis ac leo eu, molestie mattis libero. Nam sit amet \r\nmassa et magna porttitor eleifend a aliquam nunc. Pellentesque a est a \r\naugue dignissim tristique eu nec augue. Integer pretium sollicitudin \r\ntellus, quis hendrerit nunc accumsan et. Fusce bibendum a neque vel \r\nfringilla. Vivamus viverra enim at purus gravida, in elementum neque \r\neleifend. Curabitur sodales dapibus urna, at mattis lacus eleifend non. \r\nDonec ultricies porta orci eu congue. Nulla sodales arcu a libero \r\naliquet, nec aliquam ante sagittis.</span></p>', NULL),
(29815, 2, 15, 38, 'empty', NULL),
(29816, 2, 15, 6, 'house', NULL),
(29817, 2, 15, 56, '', NULL),
(29818, 2, 15, 1, '0', NULL),
(29819, 2, 15, 4, 'Prodaja', NULL),
(29820, 2, 15, 2, 'Stan', NULL),
(29821, 2, 15, 5, 'Zagrebačka', NULL),
(29822, 2, 15, 7, 'Vrbovec', NULL),
(29823, 2, 15, 40, '', NULL),
(29824, 2, 15, 3, 'Više od 100m2', NULL),
(29825, 2, 15, 57, '49', 49),
(29826, 2, 15, 39, '-', NULL),
(29827, 2, 15, 19, '2', 2),
(29828, 2, 15, 20, '2', 2),
(29829, 2, 15, 58, '5', 5),
(29830, 2, 15, 36, '', NULL),
(29831, 2, 15, 55, '', NULL),
(29832, 2, 15, 37, '', NULL),
(29833, 2, 15, 54, 'Agent', NULL),
(29834, 2, 15, 53, '', NULL),
(29835, 2, 15, 59, '', NULL),
(29836, 2, 15, 60, '', NULL),
(29837, 2, 15, 64, '', NULL),
(29838, 2, 15, 66, '0', NULL),
(29839, 2, 15, 67, '', NULL),
(29840, 2, 15, 68, '', NULL),
(29841, 2, 15, 69, '', NULL),
(29842, 2, 15, 70, '', NULL),
(29843, 2, 15, 71, '', NULL),
(29844, 2, 15, 72, '', NULL),
(29845, 2, 15, 73, '', NULL),
(29846, 2, 15, 21, '0', NULL),
(29847, 2, 15, 22, 'true', NULL),
(29848, 2, 15, 23, 'true', NULL),
(29849, 2, 15, 24, 'true', NULL),
(29850, 2, 15, 25, '0', NULL),
(29851, 2, 15, 28, '0', NULL),
(29852, 2, 15, 29, '0', NULL),
(29853, 2, 15, 31, '0', NULL),
(29854, 2, 15, 52, '0', NULL),
(29855, 2, 15, 11, 'true', NULL),
(29856, 2, 15, 30, '0', NULL),
(29857, 2, 15, 27, '0', NULL),
(29858, 2, 15, 33, 'true', NULL),
(29859, 2, 15, 32, 'true', NULL),
(29860, 2, 15, 43, '0', NULL),
(29861, 2, 15, 44, '200', 200),
(29862, 2, 15, 45, '200', 200),
(29863, 2, 15, 46, '200', 200),
(29864, 2, 15, 47, '', NULL),
(29865, 2, 15, 48, '', NULL),
(29866, 2, 15, 49, '', NULL),
(29867, 2, 15, 50, '', NULL),
(29868, 2, 15, 51, '', NULL),
(29869, 2, 15, 9, '0', NULL),
(29870, 2, 15, 12, '', NULL),
(29871, 2, 15, 42, '0', NULL),
(31732, 1, 30, 10, 'Bjelovar estate', NULL),
(31733, 1, 30, 8, 'Lorem ipsum dolor sit amet, consectetur adipiscing elit. Sed vulputate \r\nnec neque gravida rhoncus. Donec sit amet blandit mauris, sed bibendum \r\nrisus.', NULL),
(31734, 1, 30, 17, '<p>\r\nLorem ipsum dolor sit amet, consectetur adipiscing elit. Sed vulputate \r\nnec neque gravida rhoncus. Donec sit amet blandit mauris, sed bibendum \r\nrisus. Cras ut urna semper, facilisis augue sed, imperdiet nulla. Duis \r\ntristique tellus tortor, dapibus gravida sem sodales id. Nullam quis \r\nconvallis libero, vitae pulvinar nisi.</p><p><span style="font-weight: bold;">Nam eget est facilisis, porta mi \r\nac, ultricies enim. Proin nisi diam, eleifend ac eleifend in, dapibus in\r\n orci. Vestibulum elementum lectus non nisl venenatis, tempus molestie \r\nnisi tempus. Pellentesque facilisis nibh nec purus blandit, id aliquam \r\nlorem fermentum.\r\n</span></p>\r\n<p>\r\n<span style="font-style: italic;">Ut erat lacus, sagittis ac leo eu, molestie mattis libero. Nam sit amet \r\nmassa et magna porttitor eleifend a aliquam nunc. Pellentesque a est a \r\naugue dignissim tristique eu nec augue. Integer pretium sollicitudin \r\ntellus, quis hendrerit nunc accumsan et. Fusce bibendum a neque vel \r\nfringilla. Vivamus viverra enim at purus gravida, in elementum neque \r\neleifend. Curabitur sodales dapibus urna, at mattis lacus eleifend non. \r\nDonec ultricies porta orci eu congue. Nulla sodales arcu a libero \r\naliquet, nec aliquam ante sagittis.</span></p>', NULL),
(31735, 1, 30, 38, 'empty', NULL),
(31736, 1, 30, 6, 'apartment', NULL),
(31737, 1, 30, 56, '', NULL),
(31738, 1, 30, 1, '0', NULL),
(31739, 1, 30, 4, 'Rent', NULL),
(31740, 1, 30, 2, 'Apartment', NULL),
(31741, 1, 30, 5, 'Bjelovarska', NULL),
(31742, 1, 30, 7, 'Bjelovar', NULL),
(31743, 1, 30, 40, '', NULL),
(31744, 1, 30, 3, 'Less than 50m2', NULL),
(31745, 1, 30, 57, '40', 40),
(31746, 1, 30, 39, '-', NULL),
(31747, 1, 30, 19, '3', 3),
(31748, 1, 30, 20, '3', 3),
(31749, 1, 30, 58, '7', 7),
(31750, 1, 30, 36, '90,000.00', 90000),
(31751, 1, 30, 55, '', NULL),
(31752, 1, 30, 37, '', NULL),
(31753, 1, 30, 54, 'Agent', NULL),
(31754, 1, 30, 53, '-', NULL),
(31755, 1, 30, 59, '70', 70),
(31756, 1, 30, 60, '20', 20),
(31757, 1, 30, 65, '262', 262),
(31758, 1, 30, 64, 'Manitoba - Winnipeg -', NULL),
(31759, 1, 30, 66, '0', NULL),
(31760, 1, 30, 67, 'FieldGate properties', NULL),
(31761, 1, 30, 74, '264', 264),
(31762, 1, 30, 68, '1234567890', 1234567890),
(31763, 1, 30, 69, 'http://www.google.com', NULL),
(31764, 1, 30, 70, 'http://www.facebook.com', NULL),
(31765, 1, 30, 71, 'http://www.twitter.com', NULL),
(31766, 1, 30, 72, '345 Dixon Road\r\nToronto Ontario M9R 15G\r\n(Dixon &amp; Kipling)', NULL),
(31767, 1, 30, 73, '0-24', NULL),
(31768, 1, 30, 21, '0', NULL),
(31769, 1, 30, 22, 'true', NULL),
(31770, 1, 30, 23, '0', NULL),
(31771, 1, 30, 24, 'true', NULL),
(31772, 1, 30, 25, '0', NULL),
(31773, 1, 30, 28, 'true', NULL),
(31774, 1, 30, 29, 'true', NULL),
(31775, 1, 30, 31, 'true', NULL),
(31776, 1, 30, 52, '0', NULL),
(31777, 1, 30, 11, 'true', NULL),
(31778, 1, 30, 30, '0', NULL),
(31779, 1, 30, 27, 'true', NULL),
(31780, 1, 30, 33, 'true', NULL),
(31781, 1, 30, 32, 'true', NULL),
(31782, 1, 30, 43, '0', NULL),
(31783, 1, 30, 44, '600', 600),
(31784, 1, 30, 45, '600', 600),
(31785, 1, 30, 46, '600', 600),
(31786, 1, 30, 47, '600', 600),
(31787, 1, 30, 48, '', NULL),
(31788, 1, 30, 49, '', NULL),
(31789, 1, 30, 50, '', NULL),
(31790, 1, 30, 51, '', NULL),
(31791, 1, 30, 9, '0', NULL),
(31792, 1, 30, 12, '', NULL),
(31793, 1, 30, 42, '0', NULL),
(31794, 2, 30, 10, 'Bjelovar nekretnina', NULL),
(31795, 2, 30, 8, 'Lorem ipsum dolor sit amet, consectetur adipiscing elit. Sed vulputate \r\nnec neque gravida rhoncus. Donec sit amet blandit mauris, sed bibendum \r\nrisus.', NULL),
(31796, 2, 30, 17, '<p>\r\nLorem ipsum dolor sit amet, consectetur adipiscing elit. Sed vulputate \r\nnec neque gravida rhoncus. Donec sit amet blandit mauris, sed bibendum \r\nrisus. Cras ut urna semper, facilisis augue sed, imperdiet nulla. Duis \r\ntristique tellus tortor, dapibus gravida sem sodales id. Nullam quis \r\nconvallis libero, vitae pulvinar nisi.</p><p><span style="font-weight: bold;">Nam eget est facilisis, porta mi \r\nac, ultricies enim. Proin nisi diam, eleifend ac eleifend in, dapibus in\r\n orci. Vestibulum elementum lectus non nisl venenatis, tempus molestie \r\nnisi tempus. Pellentesque facilisis nibh nec purus blandit, id aliquam \r\nlorem fermentum.\r\n</span></p>\r\n<p>\r\n<span style="font-style: italic;">Ut erat lacus, sagittis ac leo eu, molestie mattis libero. Nam sit amet \r\nmassa et magna porttitor eleifend a aliquam nunc. Pellentesque a est a \r\naugue dignissim tristique eu nec augue. Integer pretium sollicitudin \r\ntellus, quis hendrerit nunc accumsan et. Fusce bibendum a neque vel \r\nfringilla. Vivamus viverra enim at purus gravida, in elementum neque \r\neleifend. Curabitur sodales dapibus urna, at mattis lacus eleifend non. \r\nDonec ultricies porta orci eu congue. Nulla sodales arcu a libero \r\naliquet, nec aliquam ante sagittis.</span></p>', NULL),
(31797, 2, 30, 38, 'empty', NULL),
(31798, 2, 30, 6, 'apartment', NULL),
(31799, 2, 30, 56, '', NULL),
(31800, 2, 30, 1, '0', NULL),
(31801, 2, 30, 4, 'Najam', NULL),
(31802, 2, 30, 2, 'Stan', NULL),
(31803, 2, 30, 5, 'Bjelovarska', NULL),
(31804, 2, 30, 7, 'Bjelovar', NULL),
(31805, 2, 30, 40, '', NULL),
(31806, 2, 30, 3, 'Manje od 50m2', NULL),
(31807, 2, 30, 57, '40', 40),
(31808, 2, 30, 39, '-', NULL),
(31809, 2, 30, 19, '3', 3),
(31810, 2, 30, 20, '3', 3),
(31811, 2, 30, 58, '7', 7),
(31812, 2, 30, 36, '90,000.00', 90000),
(31813, 2, 30, 55, '', NULL),
(31814, 2, 30, 37, '', NULL),
(31815, 2, 30, 54, 'Agent', NULL),
(31816, 2, 30, 53, '-', NULL),
(31817, 2, 30, 59, '70', 70),
(31818, 2, 30, 60, '20', 20),
(31819, 2, 30, 65, '263', 263),
(31820, 2, 30, 64, 'Manitoba - Winnipeg -', NULL),
(31821, 2, 30, 66, '0', NULL),
(31822, 2, 30, 67, 'FieldGate properties 2', NULL),
(31823, 2, 30, 74, '265', 265),
(31824, 2, 30, 68, '1234567890', 1234567890),
(31825, 2, 30, 69, 'http://www.google.com', NULL),
(31826, 2, 30, 70, 'http://www.facebook.com', NULL),
(31827, 2, 30, 71, 'http://www.twitter.com', NULL),
(31828, 2, 30, 72, 'My company description<br>', NULL),
(31829, 2, 30, 73, '0-24', NULL),
(31830, 2, 30, 21, '0', NULL),
(31831, 2, 30, 22, 'true', NULL),
(31832, 2, 30, 23, '0', NULL),
(31833, 2, 30, 24, 'true', NULL);
INSERT INTO `property_value` (`id`, `language_id`, `property_id`, `option_id`, `value`, `value_num`) VALUES
(31834, 2, 30, 25, '0', NULL),
(31835, 2, 30, 28, 'true', NULL),
(31836, 2, 30, 29, 'true', NULL),
(31837, 2, 30, 31, 'true', NULL),
(31838, 2, 30, 52, '0', NULL),
(31839, 2, 30, 11, 'true', NULL),
(31840, 2, 30, 30, '0', NULL),
(31841, 2, 30, 27, 'true', NULL),
(31842, 2, 30, 33, 'true', NULL),
(31843, 2, 30, 32, 'true', NULL),
(31844, 2, 30, 43, '0', NULL),
(31845, 2, 30, 44, '600', 600),
(31846, 2, 30, 45, '600', 600),
(31847, 2, 30, 46, '600', 600),
(31848, 2, 30, 47, '600', 600),
(31849, 2, 30, 48, '', NULL),
(31850, 2, 30, 49, '', NULL),
(31851, 2, 30, 50, '', NULL),
(31852, 2, 30, 51, '', NULL),
(31853, 2, 30, 9, '0', NULL),
(31854, 2, 30, 12, '', NULL),
(31855, 2, 30, 42, '0', NULL);

DROP TABLE IF EXISTS `qa`;
CREATE TABLE IF NOT EXISTS `qa` (
`id` int(11) NOT NULL,
  `parent_id` int(11) DEFAULT NULL,
  `order` int(11) DEFAULT NULL,
  `date` datetime DEFAULT NULL,
  `date_modified` datetime DEFAULT NULL,
  `date_publish` datetime DEFAULT NULL,
  `question_user_id` int(11) DEFAULT NULL,
  `type` varchar(45) COLLATE utf8_unicode_ci NOT NULL DEFAULT 'CATEGORY',
  `is_readed` tinyint(1) DEFAULT '0',
  `answer_user_id` int(11) DEFAULT NULL
) ENGINE=InnoDB  DEFAULT CHARSET=utf8 COLLATE=utf8_unicode_ci AUTO_INCREMENT=7 ;

INSERT INTO `qa` (`id`, `parent_id`, `order`, `date`, `date_modified`, `date_publish`, `question_user_id`, `type`, `is_readed`, `answer_user_id`) VALUES
(1, 0, 1, '2014-05-08 14:13:45', NULL, NULL, NULL, 'CATEGORY', 0, NULL),
(2, 0, 2, '2014-05-08 14:14:46', NULL, NULL, NULL, 'CATEGORY', 0, NULL),
(4, 1, 2, '2014-05-08 22:22:53', NULL, '2014-05-08 22:22:51', NULL, 'QUESTION', 1, 9),
(5, 2, 2, '2014-05-09 19:58:23', NULL, '2014-05-09 19:58:17', NULL, 'QUESTION', 1, 9),
(6, 1, 2, '2014-06-17 15:33:16', NULL, '2014-06-17 15:32:57', NULL, 'QUESTION', 1, 11);

DROP TABLE IF EXISTS `qa_lang`;
CREATE TABLE IF NOT EXISTS `qa_lang` (
`id_qa_lang` int(11) NOT NULL,
  `qa_id` int(11) NOT NULL,
  `language_id` int(11) NOT NULL,
  `question` text COLLATE utf8_unicode_ci,
  `answer` text COLLATE utf8_unicode_ci,
  `keywords` varchar(160) COLLATE utf8_unicode_ci DEFAULT NULL
) ENGINE=InnoDB  DEFAULT CHARSET=utf8 COLLATE=utf8_unicode_ci AUTO_INCREMENT=63 ;

INSERT INTO `qa_lang` (`id_qa_lang`, `qa_id`, `language_id`, `question`, `answer`, `keywords`) VALUES
(3, 2, 1, 'Landscape Architect', NULL, NULL),
(4, 2, 2, 'Ekspert za okućnice', NULL, NULL),
(5, 1, 1, 'Properties interior expert', NULL, NULL),
(6, 1, 2, 'Ekspert za unutrašnjost nekretnina', NULL, NULL),
(55, 4, 1, 'Lorem ipsum dolor sit amet, consectetur adipiscing elit. Sed vulputate nec neque gravida rhoncus. Donec sit amet blandit mauris, sed bibendum risus?', 'Lorem ipsum dolor sit amet, consectetur adipiscing elit. Sed vulputate nec neque gravida rhoncus. Donec sit amet blandit mauris, sed bibendum risus.', 'kktest'),
(56, 4, 2, 'Lorem ipsum dolor sit amet, consectetur adipiscing elit. Sed vulputate nec neque gravida rhoncus. Donec sit amet blandit mauris, sed bibendum risus?', 'Lorem ipsum dolor sit amet, consectetur adipiscing elit. Sed vulputate nec neque gravida rhoncus. Donec sit amet blandit mauris, sed bibendum risus.', 'kk'),
(59, 6, 1, 'Test', 'Test', 'Test'),
(60, 6, 2, 'Test', 'Test', 'Test'),
(61, 5, 1, 'Lorem ipsum dolor sit amet, consectetur adipiscing elit. Sed vulputate nec neque gravida rhoncus. Donec sit amet blandit mauris, sed bibendum risus?', 'Lorem ipsum dolor sit amet, consectetur adipiscing elit. Sed vulputate nec neque gravida rhoncus. Donec sit amet blandit mauris, sed bibendum risus.', ''),
(62, 5, 2, 'Lorem ipsum dolor sit amet, consectetur adipiscing elit. Sed vulputate nec neque gravida rhoncus. Donec sit amet blandit mauris, sed bibendum risus?', 'Lorem ipsum dolor sit amet, consectetur adipiscing elit. Sed vulputate nec neque gravida rhoncus. Donec sit amet blandit mauris, sed bibendum risus.', '');

DROP TABLE IF EXISTS `rates`;
CREATE TABLE IF NOT EXISTS `rates` (
`id` int(11) NOT NULL,
  `property_id` int(11) NOT NULL,
  `date_from` datetime NOT NULL,
  `date_to` datetime NOT NULL,
  `min_stay` int(11) DEFAULT '1',
  `changeover_day` int(11) DEFAULT '6'
) ENGINE=InnoDB  DEFAULT CHARSET=utf8 COLLATE=utf8_unicode_ci AUTO_INCREMENT=5 ;

INSERT INTO `rates` (`id`, `property_id`, `date_from`, `date_to`, `min_stay`, `changeover_day`) VALUES
(1, 9, '2014-05-27 00:01:01', '2014-06-27 00:01:01', 7, 6),
(2, 8, '2014-12-30 18:58:29', '2015-12-30 18:58:29', 7, 6),
(3, 8, '2014-07-01 22:46:21', '2014-12-01 22:46:21', 7, 6),
(4, 30, '2014-10-01 11:32:01', '2015-12-17 11:32:01', 1, 0);

DROP TABLE IF EXISTS `rates_lang`;
CREATE TABLE IF NOT EXISTS `rates_lang` (
`id` int(11) NOT NULL,
  `rates_id` int(11) NOT NULL,
  `language_id` int(11) NOT NULL,
  `rate_nightly` decimal(10,2) DEFAULT NULL,
  `rate_weekly` decimal(10,2) DEFAULT NULL,
  `rate_monthly` decimal(10,2) DEFAULT NULL,
  `currency_code` varchar(10) COLLATE utf8_unicode_ci DEFAULT 'USD' COMMENT 'USD, EUR, HRK...'
) ENGINE=InnoDB  DEFAULT CHARSET=utf8 COLLATE=utf8_unicode_ci AUTO_INCREMENT=35 ;

INSERT INTO `rates_lang` (`id`, `rates_id`, `language_id`, `rate_nightly`, `rate_weekly`, `rate_monthly`, `currency_code`) VALUES
(1, 1, 1, '0.00', '100.00', '0.00', '0'),
(2, 1, 2, '0.00', '560.00', '0.00', '2'),
(21, 3, 1, '10.00', '100.00', '1000.00', 'USD'),
(22, 3, 2, '50.00', '500.00', '5000.00', 'AUD'),
(27, 2, 1, '10.00', '100.00', '1000.00', 'USD'),
(28, 2, 2, '50.00', '500.00', '5000.00', 'AUD'),
(33, 4, 1, '10.00', '50.00', '150.00', 'USD'),
(34, 4, 2, '10.00', '50.00', '150.00', 'EUR');

DROP TABLE IF EXISTS `repository`;
CREATE TABLE IF NOT EXISTS `repository` (
`id` int(11) NOT NULL,
  `name` varchar(45) COLLATE utf8_unicode_ci DEFAULT NULL
) ENGINE=InnoDB  DEFAULT CHARSET=utf8 COLLATE=utf8_unicode_ci AUTO_INCREMENT=280 ;

INSERT INTO `repository` (`id`, `name`) VALUES
(6, 'user_m'),
(21, 'user_m'),
(22, 'slideshow_m'),
(23, 'page_m'),
(24, 'page_m'),
(25, 'page_m'),
(26, 'page_m'),
(27, 'estate_m'),
(28, 'estate_m'),
(29, 'estate_m'),
(30, 'estate_m'),
(31, 'estate_m'),
(32, 'estate_m'),
(33, 'estate_m'),
(34, 'estate_m'),
(35, 'estate_m'),
(36, 'estate_m'),
(37, 'estate_m'),
(38, 'estate_m'),
(39, 'estate_m'),
(40, 'page_m'),
(41, 'page_m'),
(42, 'page_m'),
(43, 'page_m'),
(44, 'page_m'),
(45, 'page_m'),
(46, 'page_m'),
(47, 'page_m'),
(48, 'page_m'),
(49, 'page_m'),
(50, 'page_m'),
(51, 'page_m'),
(52, 'page_m'),
(53, 'page_m'),
(54, 'page_m'),
(55, 'page_m'),
(56, 'page_m'),
(57, 'page_m'),
(58, 'page_m'),
(59, 'page_m'),
(60, 'page_m'),
(61, 'page_m'),
(62, 'page_m'),
(63, 'page_m'),
(64, 'page_m'),
(65, 'page_m'),
(66, 'page_m'),
(67, 'page_m'),
(68, 'page_m'),
(69, 'page_m'),
(70, 'page_m'),
(71, 'page_m'),
(72, 'page_m'),
(73, 'page_m'),
(74, 'page_m'),
(75, 'page_m'),
(76, 'page_m'),
(77, 'page_m'),
(78, 'page_m'),
(79, 'page_m'),
(80, 'page_m'),
(81, 'page_m'),
(82, 'page_m'),
(83, 'page_m'),
(84, 'page_m'),
(85, 'page_m'),
(86, 'page_m'),
(87, 'page_m'),
(88, 'page_m'),
(89, 'page_m'),
(90, 'page_m'),
(91, 'page_m'),
(92, 'page_m'),
(93, 'page_m'),
(94, 'page_m'),
(95, 'page_m'),
(96, 'page_m'),
(97, 'page_m'),
(98, 'page_m'),
(99, 'page_m'),
(100, 'page_m'),
(101, 'page_m'),
(102, 'page_m'),
(103, 'page_m'),
(104, 'page_m'),
(105, 'page_m'),
(106, 'page_m'),
(107, 'page_m'),
(108, 'page_m'),
(109, 'page_m'),
(110, 'page_m'),
(111, 'page_m'),
(112, 'page_m'),
(113, 'page_m'),
(114, 'page_m'),
(115, 'page_m'),
(116, 'page_m'),
(117, 'page_m'),
(118, 'page_m'),
(119, 'page_m'),
(120, 'page_m'),
(121, 'page_m'),
(122, 'page_m'),
(123, 'page_m'),
(124, 'page_m'),
(125, 'page_m'),
(126, 'page_m'),
(127, 'page_m'),
(128, 'page_m'),
(129, 'page_m'),
(130, 'page_m'),
(131, 'page_m'),
(132, 'page_m'),
(133, 'page_m'),
(134, 'page_m'),
(135, 'page_m'),
(136, 'page_m'),
(137, 'page_m'),
(138, 'page_m'),
(139, 'page_m'),
(140, 'page_m'),
(141, 'page_m'),
(142, 'page_m'),
(143, 'page_m'),
(144, 'page_m'),
(145, 'page_m'),
(146, 'page_m'),
(147, 'page_m'),
(148, 'page_m'),
(149, 'page_m'),
(150, 'page_m'),
(151, 'page_m'),
(152, 'page_m'),
(153, 'page_m'),
(154, 'page_m'),
(155, 'page_m'),
(156, 'page_m'),
(157, 'page_m'),
(158, 'page_m'),
(159, 'page_m'),
(160, 'page_m'),
(161, 'page_m'),
(162, 'page_m'),
(163, 'page_m'),
(164, 'page_m'),
(165, 'page_m'),
(166, 'page_m'),
(167, 'page_m'),
(168, 'page_m'),
(169, 'page_m'),
(170, 'page_m'),
(171, 'page_m'),
(172, 'page_m'),
(173, 'page_m'),
(174, 'page_m'),
(175, 'page_m'),
(176, 'page_m'),
(177, 'page_m'),
(178, 'page_m'),
(179, 'page_m'),
(180, 'page_m'),
(181, 'page_m'),
(182, 'page_m'),
(183, 'page_m'),
(184, 'user_m'),
(185, 'user_m'),
(186, 'user_m'),
(187, 'page_m'),
(195, 'estate_m'),
(196, 'user_m'),
(197, 'estate_m'),
(199, 'page_m'),
(200, 'page_m'),
(201, 'page_m'),
(202, 'page_m'),
(203, 'page_m'),
(207, 'page_m'),
(208, 'page_m'),
(209, 'page_m'),
(210, 'page_m'),
(211, 'page_m'),
(212, 'ads_m'),
(213, 'ads_m'),
(214, 'ads_m'),
(215, 'ads_m'),
(216, 'ads_m'),
(217, 'ads_m'),
(218, 'ads_m'),
(219, 'ads_m'),
(220, 'ads_m'),
(221, 'ads_m'),
(222, 'ads_m'),
(223, 'ads_m'),
(224, 'ads_m'),
(225, 'ads_m'),
(226, 'ads_m'),
(227, 'ads_m'),
(228, 'ads_m'),
(229, 'ads_m'),
(230, 'ads_m'),
(231, 'ads_m'),
(232, 'ads_m'),
(233, 'ads_m'),
(234, 'ads_m'),
(235, 'ads_m'),
(238, 'ads_m'),
(239, 'ads_m'),
(240, 'page_m'),
(241, 'showroom_m'),
(242, 'page_m'),
(243, 'showroom_m'),
(244, 'showroom_m'),
(245, 'page_m'),
(246, 'page_m'),
(247, 'user_m'),
(248, 'page_m'),
(249, 'page_m'),
(250, 'page_m'),
(251, 'page_m'),
(252, 'page_m'),
(253, 'page_m'),
(254, 'user_m'),
(255, 'page_m'),
(262, 'option_m'),
(263, 'option_m'),
(264, 'option_m'),
(265, 'option_m'),
(267, 'option_m'),
(268, 'option_m'),
(269, 'option_m'),
(270, 'option_m'),
(272, 'option_m'),
(273, 'option_m'),
(274, 'option_m'),
(275, 'option_m'),
(276, 'option_m'),
(277, 'page_m'),
(278, 'page_m'),
(279, 'page_m');

DROP TABLE IF EXISTS `reservations`;
CREATE TABLE IF NOT EXISTS `reservations` (
`id` int(11) NOT NULL,
  `user_id` int(11) NOT NULL,
  `property_id` int(11) NOT NULL,
  `date_from` datetime NOT NULL,
  `date_to` datetime NOT NULL,
  `total_price` decimal(10,2) DEFAULT NULL,
  `currency_code` varchar(10) COLLATE utf8_unicode_ci DEFAULT 'USD',
  `date_paid_advance` datetime DEFAULT NULL,
  `date_paid_total` datetime DEFAULT NULL,
  `total_paid` decimal(10,2) DEFAULT NULL,
  `is_confirmed` tinyint(1) DEFAULT '0'
) ENGINE=InnoDB  DEFAULT CHARSET=utf8 COLLATE=utf8_unicode_ci AUTO_INCREMENT=11 ;

INSERT INTO `reservations` (`id`, `user_id`, `property_id`, `date_from`, `date_to`, `total_price`, `currency_code`, `date_paid_advance`, `date_paid_total`, `total_paid`, `is_confirmed`) VALUES
(7, 18, 8, '2014-07-12 00:00:00', '2014-07-19 00:00:00', '100.00', 'USD', NULL, NULL, '0.00', 0),
(8, 21, 8, '2014-06-21 00:00:00', '2014-06-28 00:00:00', '100.00', 'USD', NULL, NULL, '0.00', 0),
(9, 18, 30, '2014-12-02 11:31:21', '2014-12-05 11:31:21', '100.00', 'USD', NULL, NULL, '0.00', 0),
(10, 18, 30, '2015-02-01 00:00:00', '2015-02-08 00:00:00', '50.00', 'USD', NULL, NULL, '0.00', 0);

DROP TABLE IF EXISTS `reviews`;
CREATE TABLE IF NOT EXISTS `reviews` (
`id` int(11) NOT NULL,
  `listing_id` int(11) DEFAULT NULL,
  `user_id` int(11) DEFAULT NULL,
  `stars` int(11) DEFAULT NULL,
  `message` text COLLATE utf8_unicode_ci,
  `is_visible` tinyint(1) DEFAULT NULL,
  `date_publish` datetime DEFAULT NULL
) ENGINE=InnoDB  DEFAULT CHARSET=utf8 COLLATE=utf8_unicode_ci AUTO_INCREMENT=5 ;

INSERT INTO `reviews` (`id`, `listing_id`, `user_id`, `stars`, `message`, `is_visible`, `date_publish`) VALUES
(2, 14, 8, 4, 'Maecenas id efficitur augue. Nulla nec urna congue, accumsan tellus eget, varius nulla. ', 1, '2014-09-15 22:55:00'),
(3, 14, 9, 2, 'Lorem ipsum dolor sit amet, consectetur adipiscing elit. Donec ultrices, quam vitae volutpat rutrum, dui tellus posuere velit, vitae porta lectus orci sed lectus.', 1, '2014-09-18 23:29:26'),
(4, 9, 8, 4, 'Test message', 1, '2014-09-28 19:48:17');

DROP TABLE IF EXISTS `saved_search`;
CREATE TABLE IF NOT EXISTS `saved_search` (
`id` int(11) NOT NULL,
  `user_id` int(11) DEFAULT NULL,
  `lang_code` varchar(45) COLLATE utf8_unicode_ci DEFAULT NULL,
  `activated` tinyint(1) DEFAULT '1',
  `date_created` datetime DEFAULT NULL,
  `date_last_informed` datetime DEFAULT NULL,
  `parameters` text COLLATE utf8_unicode_ci COMMENT 'parameters saved in JSON format'
) ENGINE=InnoDB DEFAULT CHARSET=utf8 COLLATE=utf8_unicode_ci AUTO_INCREMENT=1 ;

DROP TABLE IF EXISTS `settings`;
CREATE TABLE IF NOT EXISTS `settings` (
`id` int(11) NOT NULL,
  `field` varchar(100) COLLATE utf8_unicode_ci DEFAULT NULL,
  `value` text COLLATE utf8_unicode_ci
) ENGINE=InnoDB  DEFAULT CHARSET=utf8 COLLATE=utf8_unicode_ci AUTO_INCREMENT=1798 ;

INSERT INTO `settings` (`id`, `field`, `value`) VALUES
(653, 'rating_enabled', '1'),
(1364, 'address', 'Ilica 345, HR-10000 Zagreb 1'),
(1365, 'websitetitle', 'Real estate point'),
(1366, 'gps', '45.8129663, 15.976036000000022'),
(1367, 'email', 'sandi.winter@gmail.com'),
(1368, 'email_alert', '0'),
(1369, 'phone', '+385 (0)1 123 321'),
(1370, 'fax', '+385 (0)1 123 322'),
(1371, 'address_footer', '<b>Estate</b>Point<br />\r\nReal estate agency from Croatia<br />\r\nIlica 345<br />\r\nHR-10000 Zagreb'),
(1543, 'noreply', 'webform@my-website.com'),
(1544, 'zoom', '8'),
(1545, 'paypal_email', 'sandi.winter@gmail.com'),
(1546, 'listing_expiry_days', '0'),
(1547, 'activation_price', '5'),
(1548, 'featured_price', '10'),
(1549, 'default_currency', 'USD'),
(1550, 'authorize_api_login_id', '593j9M9nPkgy'),
(1551, 'authorize_api_hash_secret', 'r564test'),
(1552, 'authorize_api_transaction_key', '7p83CWXR3q5fq27t'),
(1553, 'adsense728_90', '<script async src="//pagead2.googlesyndication.com/pagead/js/adsbygoogle.js"></script>\r\n<!-- Real estate responsive -->\r\n<ins class="adsbygoogle"\r\n     style="display:block"\r\n     data-ad-client="ca-pub-6994200887384132"\r\n     data-ad-slot="6454101571"\r\n     data-ad-format="auto"></ins>\r\n<script>\r\n(adsbygoogle = window.adsbygoogle || []).push({});\r\n</script>'),
(1554, 'adsense160_600', '<script async src="//pagead2.googlesyndication.com/pagead/js/adsbygoogle.js"></script>\r\n<!-- Real estate right -->\r\n<ins class="adsbygoogle"\r\n     style="display:inline-block;width:160px;height:600px"\r\n     data-ad-client="ca-pub-6994200887384132"\r\n     data-ad-slot="7090863570"></ins>\r\n<script>\r\n(adsbygoogle = window.adsbygoogle || []).push({});\r\n</script>'),
(1555, 'reviews_enabled', '1'),
(1556, 'reviews_public_visible_enabled', '1'),
(1557, 'withdrawal_details', 'IBAN: HR43 2340009 3207462177<br/>\r\nSWIFT: PBZGHR2X'),
(1792, 'template', 'bootstrap2-responsive'),
(1793, 'tracking', '<script type="text/javascript">\r\n\r\n  var _gaq = _gaq || [];\r\n  _gaq.push([''_setAccount'', ''UA-683342-5'']);\r\n  _gaq.push([''_trackPageview'']);\r\n\r\n  (function() {\r\n    var ga = document.createElement(''script''); ga.type = ''text/javascript''; ga.async = true;\r\n    ga.src = (''https:'' == document.location.protocol ? ''https://ssl'' : ''http://www'') + ''.google-analytics.com/ga.js'';\r\n    var s = document.getElementsByTagName(''script'')[0]; s.parentNode.insertBefore(ga, s);\r\n  })();\r\n\r\n</script>'),
(1794, 'facebook', '<!-- AddThis Button BEGIN -->\r\n<div class="addthis_toolbox addthis_default_style addthis_32x32_style">\r\n<a class="addthis_button_facebook">\r\n    <div class="custom-icon at15t_facebook"> </div>\r\n</a>\r\n<a class="addthis_button_twitter">\r\n    <div class="custom-icon at15t_twitter"> </div>\r\n</a>\r\n<a class="addthis_button_google_plusone_share">\r\n    <div class="custom-icon at15t_google_plusone_share"> </div>\r\n</a>\r\n</div>\r\n<script type="text/javascript">var addthis_config = {"data_track_addressbar":false};</script>\r\n<script type="text/javascript" src="//s7.addthis.com/js/300/addthis_widget.js#pubid=sandiwinter"></script>\r\n<!-- AddThis Button END -->'),
(1795, 'facebook_jsdk', '<div id="fb-root"></div>\r\n<script>(function(d, s, id) {\r\n  var js, fjs = d.getElementsByTagName(s)[0];\r\n  if (d.getElementById(id)) return;\r\n  js = d.createElement(s); js.id = id;\r\n  js.src = "//connect.facebook.net/en_EN/sdk.js#xfbml=1&appId=349715428511591&version=v2.0";\r\n  fjs.parentNode.insertBefore(js, fjs);\r\n}(document, ''script'', ''facebook-jssdk''));</script>'),
(1796, 'facebook_comments', '<div class="fb-comments" data-href="http://example.com/comments" data-width="100%" data-numposts="5" data-colorscheme="light"></div>'),
(1797, 'useful_links', '<ul class="menu nav">\r\n                            <li class="first leaf"><a href="#">404 page</a></li>\r\n                            <li class="leaf"><a href="#">About us</a></li>\r\n                            <li class="leaf"><a href="#">Contact us</a></li>\r\n                            <li class="leaf"><a href="#">FAQ</a></li>\r\n                            <li class="leaf"><a href="#">Grid system</a></li>\r\n                            <li class="leaf"><a href="#">Our agents</a></li>\r\n                            <li class="last leaf"><a href="#">Typography</a></li>\r\n                        </ul>');

DROP TABLE IF EXISTS `showroom`;
CREATE TABLE IF NOT EXISTS `showroom` (
`id` int(11) NOT NULL,
  `parent_id` int(11) DEFAULT NULL,
  `order` int(11) DEFAULT NULL,
  `type` varchar(45) COLLATE utf8_unicode_ci NOT NULL DEFAULT 'CATEGORY',
  `date` datetime DEFAULT NULL,
  `date_modified` datetime DEFAULT NULL,
  `date_publish` datetime DEFAULT NULL,
  `template` varchar(100) COLLATE utf8_unicode_ci DEFAULT NULL,
  `slug` varchar(160) COLLATE utf8_unicode_ci DEFAULT NULL,
  `repository_id` int(11) DEFAULT NULL,
  `gps` varchar(100) COLLATE utf8_unicode_ci DEFAULT NULL,
  `address` varchar(200) COLLATE utf8_unicode_ci DEFAULT NULL,
  `contact_email` varchar(100) COLLATE utf8_unicode_ci DEFAULT NULL,
  `image_filename` varchar(200) COLLATE utf8_unicode_ci DEFAULT NULL
) ENGINE=InnoDB  DEFAULT CHARSET=utf8 COLLATE=utf8_unicode_ci AUTO_INCREMENT=7 ;

INSERT INTO `showroom` (`id`, `parent_id`, `order`, `type`, `date`, `date_modified`, `date_publish`, `template`, `slug`, `repository_id`, `gps`, `address`, `contact_email`, `image_filename`) VALUES
(1, 0, 1, 'CATEGORY', '2014-04-26 14:15:16', NULL, NULL, NULL, NULL, NULL, NULL, NULL, NULL, NULL),
(2, 0, 3, 'CATEGORY', '2014-04-26 14:17:59', NULL, NULL, NULL, NULL, NULL, NULL, NULL, NULL, NULL),
(3, 1, 2, 'CATEGORY', '2014-04-26 14:22:01', NULL, NULL, NULL, NULL, NULL, NULL, NULL, NULL, NULL),
(4, 3, 2, 'COMPANY', '2014-04-26 20:20:17', NULL, '2014-04-26 20:16:59', 'showroom_company', NULL, 241, '46.36667726352153, 16.1281658000305', 'Cestica, Croatia', 'tire-repair@mydomain.com', 'wap-logo v2.png'),
(5, 1, 2, 'COMPANY', '2014-04-28 20:36:54', NULL, '2014-04-28 20:35:41', 'showroom_company', NULL, 243, '45.8020205655489, 16.156422732031274', 'Zagreb, Croatia', 'sandi.winter@gmail.com', 'logo-350.png'),
(6, 2, 3, 'COMPANY', '2014-04-28 20:40:48', NULL, '2014-04-28 20:39:54', 'showroom_company', NULL, 244, '46.38895474076167, 16.0408969904297', 'zavrč, slovenia', 'zavrc@mydomain.com', 'cropped-logo2.png');

DROP TABLE IF EXISTS `showroom_lang`;
CREATE TABLE IF NOT EXISTS `showroom_lang` (
`id_showroom_lang` int(11) NOT NULL,
  `showroom_id` int(11) NOT NULL,
  `language_id` int(11) NOT NULL,
  `title` varchar(160) COLLATE utf8_unicode_ci DEFAULT NULL,
  `window_title` varchar(160) COLLATE utf8_unicode_ci DEFAULT NULL,
  `body` text COLLATE utf8_unicode_ci NOT NULL,
  `description` text COLLATE utf8_unicode_ci,
  `keywords` varchar(200) COLLATE utf8_unicode_ci DEFAULT NULL
) ENGINE=InnoDB  DEFAULT CHARSET=utf8 COLLATE=utf8_unicode_ci AUTO_INCREMENT=19 ;

INSERT INTO `showroom_lang` (`id_showroom_lang`, `showroom_id`, `language_id`, `title`, `window_title`, `body`, `description`, `keywords`) VALUES
(1, 1, 1, 'Car services', 'Car services', '', 'Car services', 'Car services'),
(2, 1, 2, 'Car services', 'Car services', '', 'Car services', 'Car services'),
(3, 2, 1, 'Real estate services', 'Real estate services', '', '', 'Real estate services'),
(4, 2, 2, 'Real estate services', 'Real estate services', '', '', 'Real estate services'),
(5, 3, 1, 'Tire repairs', 'Tire repairs', '', '', 'Tire repairs'),
(6, 3, 2, 'Vulkanizer', 'Vulkanizer', '', '', 'Vulkanizer'),
(13, 6, 1, 'Estate sellers', 'Estate sellers', '<p>\r\nLorem ipsum dolor sit amet, consectetur adipiscing elit. Sed vulputate \r\nnec neque gravida rhoncus. Donec sit amet blandit mauris, sed bibendum \r\nrisus. Cras ut urna semper, facilisis augue sed, imperdiet nulla. Duis \r\ntristique tellus tortor, dapibus gravida sem sodales id. Nullam quis \r\nconvallis libero, vitae pulvinar nisi.</p><p><span style="font-weight: bold;">Nam eget est facilisis, porta mi \r\nac, ultricies enim. Proin nisi diam, eleifend ac eleifend in, dapibus in\r\n orci. Vestibulum elementum lectus non nisl venenatis, tempus molestie \r\nnisi tempus. Pellentesque facilisis nibh nec purus blandit, id aliquam \r\nlorem fermentum.\r\n</span></p>\r\n<p>\r\n<span style="font-style: italic;">Ut erat lacus, sagittis ac leo eu, molestie mattis libero. Nam sit amet \r\nmassa et magna porttitor eleifend a aliquam nunc. Pellentesque a est a \r\naugue dignissim tristique eu nec augue. Integer pretium sollicitudin \r\ntellus, quis hendrerit nunc accumsan et. Fusce bibendum a neque vel \r\nfringilla. Vivamus viverra enim at purus gravida, in elementum neque \r\neleifend. Curabitur sodales dapibus urna, at mattis lacus eleifend non. \r\nDonec ultricies porta orci eu congue. Nulla sodales arcu a libero \r\naliquet, nec aliquam ante sagittis.</span></p>', 'Lorem ipsum dolor sit amet, consectetur adipiscing elit. Sed vulputate nec neque gravida rhoncus. Donec sit amet blandit mauris, sed bibendum risus.', 'Estate sellers'),
(14, 6, 2, 'Estate sellers', 'Estate sellers', '<p>\r\nLorem ipsum dolor sit amet, consectetur adipiscing elit. Sed vulputate \r\nnec neque gravida rhoncus. Donec sit amet blandit mauris, sed bibendum \r\nrisus. Cras ut urna semper, facilisis augue sed, imperdiet nulla. Duis \r\ntristique tellus tortor, dapibus gravida sem sodales id. Nullam quis \r\nconvallis libero, vitae pulvinar nisi.</p><p><span style="font-weight: bold;">Nam eget est facilisis, porta mi \r\nac, ultricies enim. Proin nisi diam, eleifend ac eleifend in, dapibus in\r\n orci. Vestibulum elementum lectus non nisl venenatis, tempus molestie \r\nnisi tempus. Pellentesque facilisis nibh nec purus blandit, id aliquam \r\nlorem fermentum.\r\n</span></p>\r\n<p>\r\n<span style="font-style: italic;">Ut erat lacus, sagittis ac leo eu, molestie mattis libero. Nam sit amet \r\nmassa et magna porttitor eleifend a aliquam nunc. Pellentesque a est a \r\naugue dignissim tristique eu nec augue. Integer pretium sollicitudin \r\ntellus, quis hendrerit nunc accumsan et. Fusce bibendum a neque vel \r\nfringilla. Vivamus viverra enim at purus gravida, in elementum neque \r\neleifend. Curabitur sodales dapibus urna, at mattis lacus eleifend non. \r\nDonec ultricies porta orci eu congue. Nulla sodales arcu a libero \r\naliquet, nec aliquam ante sagittis.</span></p>', 'Lorem ipsum dolor sit amet, consectetur adipiscing elit. Sed vulputate nec neque gravida rhoncus. Donec sit amet blandit mauris, sed bibendum risus.', 'Estate sellers'),
(15, 4, 1, 'Vulkanizer d.o.o.', 'Vulkanizer d.o.o.', '<p>\r\nLorem ipsum dolor sit amet, consectetur adipiscing elit. Sed vulputate \r\nnec neque gravida rhoncus. Donec sit amet blandit mauris, sed bibendum \r\nrisus. Cras ut urna semper, facilisis augue sed, imperdiet nulla. Duis \r\ntristique tellus tortor, dapibus gravida sem sodales id. Nullam quis \r\nconvallis libero, vitae pulvinar nisi.</p><p><span style="font-weight: bold;">Nam eget est facilisis, porta mi \r\nac, ultricies enim. Proin nisi diam, eleifend ac eleifend in, dapibus in\r\n orci. Vestibulum elementum lectus non nisl venenatis, tempus molestie \r\nnisi tempus. Pellentesque facilisis nibh nec purus blandit, id aliquam \r\nlorem fermentum.\r\n</span></p>\r\n<p>\r\n<span style="font-style: italic;">Ut erat lacus, sagittis ac leo eu, molestie mattis libero. Nam sit amet \r\nmassa et magna porttitor eleifend a aliquam nunc. Pellentesque a est a \r\naugue dignissim tristique eu nec augue. Integer pretium sollicitudin \r\ntellus, quis hendrerit nunc accumsan et. Fusce bibendum a neque vel \r\nfringilla. Vivamus viverra enim at purus gravida, in elementum neque \r\neleifend. Curabitur sodales dapibus urna, at mattis lacus eleifend non. \r\nDonec ultricies porta orci eu congue. Nulla sodales arcu a libero \r\naliquet, nec aliquam ante sagittis.</span></p>', 'Lorem ipsum dolor sit amet, consectetur adipiscing elit. Sed vulputate nec neque gravida rhoncus. Donec sit amet blandit mauris, sed bibendum risus.', 'tire repair, cestica, company,car'),
(16, 4, 2, 'Vulkanizer d.o.o.', 'Vulkanizer d.o.o.', '<p>\r\nLorem ipsum dolor sit amet, consectetur adipiscing elit. Sed vulputate \r\nnec neque gravida rhoncus. Donec sit amet blandit mauris, sed bibendum \r\nrisus. Cras ut urna semper, facilisis augue sed, imperdiet nulla. Duis \r\ntristique tellus tortor, dapibus gravida sem sodales id. Nullam quis \r\nconvallis libero, vitae pulvinar nisi.</p><p><span style="font-weight: bold;">Nam eget est facilisis, porta mi \r\nac, ultricies enim. Proin nisi diam, eleifend ac eleifend in, dapibus in\r\n orci. Vestibulum elementum lectus non nisl venenatis, tempus molestie \r\nnisi tempus. Pellentesque facilisis nibh nec purus blandit, id aliquam \r\nlorem fermentum.\r\n</span></p>\r\n<p>\r\n<span style="font-style: italic;">Ut erat lacus, sagittis ac leo eu, molestie mattis libero. Nam sit amet \r\nmassa et magna porttitor eleifend a aliquam nunc. Pellentesque a est a \r\naugue dignissim tristique eu nec augue. Integer pretium sollicitudin \r\ntellus, quis hendrerit nunc accumsan et. Fusce bibendum a neque vel \r\nfringilla. Vivamus viverra enim at purus gravida, in elementum neque \r\neleifend. Curabitur sodales dapibus urna, at mattis lacus eleifend non. \r\nDonec ultricies porta orci eu congue. Nulla sodales arcu a libero \r\naliquet, nec aliquam ante sagittis.</span></p>', 'Lorem ipsum dolor sit amet, consectetur adipiscing elit. Sed vulputate nec neque gravida rhoncus. Donec sit amet blandit mauris, sed bibendum risus.', 'vulkanizer, cestica,car'),
(17, 5, 1, 'Towing service ltd', 'Towing service ltd', '<p>\r\nLorem ipsum dolor sit amet, consectetur adipiscing elit. Sed vulputate \r\nnec neque gravida rhoncus. Donec sit amet blandit mauris, sed bibendum \r\nrisus. Cras ut urna semper, facilisis augue sed, imperdiet nulla. Duis \r\ntristique tellus tortor, dapibus gravida sem sodales id. Nullam quis \r\nconvallis libero, vitae pulvinar nisi.</p><p><span style="font-weight: bold;">Nam eget est facilisis, porta mi \r\nac, ultricies enim. Proin nisi diam, eleifend ac eleifend in, dapibus in\r\n orci. Vestibulum elementum lectus non nisl venenatis, tempus molestie \r\nnisi tempus. Pellentesque facilisis nibh nec purus blandit, id aliquam \r\nlorem fermentum.\r\n</span></p>\r\n<p>\r\n<span style="font-style: italic;">Ut erat lacus, sagittis ac leo eu, molestie mattis libero. Nam sit amet \r\nmassa et magna porttitor eleifend a aliquam nunc. Pellentesque a est a \r\naugue dignissim tristique eu nec augue. Integer pretium sollicitudin \r\ntellus, quis hendrerit nunc accumsan et. Fusce bibendum a neque vel \r\nfringilla. Vivamus viverra enim at purus gravida, in elementum neque \r\neleifend. Curabitur sodales dapibus urna, at mattis lacus eleifend non. \r\nDonec ultricies porta orci eu congue. Nulla sodales arcu a libero \r\naliquet, nec aliquam ante sagittis.</span></p>', 'Lorem ipsum dolor sit amet, consectetur adipiscing elit. Sed vulputate nec neque gravida rhoncus. Donec sit amet blandit mauris, sed bibendum risus.', 'towing,car,service'),
(18, 5, 2, 'Towing service ltd', 'Towing service ltd', '<p>\r\nLorem ipsum dolor sit amet, consectetur adipiscing elit. Sed vulputate \r\nnec neque gravida rhoncus. Donec sit amet blandit mauris, sed bibendum \r\nrisus. Cras ut urna semper, facilisis augue sed, imperdiet nulla. Duis \r\ntristique tellus tortor, dapibus gravida sem sodales id. Nullam quis \r\nconvallis libero, vitae pulvinar nisi.</p><p><span style="font-weight: bold;">Nam eget est facilisis, porta mi \r\nac, ultricies enim. Proin nisi diam, eleifend ac eleifend in, dapibus in\r\n orci. Vestibulum elementum lectus non nisl venenatis, tempus molestie \r\nnisi tempus. Pellentesque facilisis nibh nec purus blandit, id aliquam \r\nlorem fermentum.\r\n</span></p>\r\n<p>\r\n<span style="font-style: italic;">Ut erat lacus, sagittis ac leo eu, molestie mattis libero. Nam sit amet \r\nmassa et magna porttitor eleifend a aliquam nunc. Pellentesque a est a \r\naugue dignissim tristique eu nec augue. Integer pretium sollicitudin \r\ntellus, quis hendrerit nunc accumsan et. Fusce bibendum a neque vel \r\nfringilla. Vivamus viverra enim at purus gravida, in elementum neque \r\neleifend. Curabitur sodales dapibus urna, at mattis lacus eleifend non. \r\nDonec ultricies porta orci eu congue. Nulla sodales arcu a libero \r\naliquet, nec aliquam ante sagittis.</span></p>', 'Lorem ipsum dolor sit amet, consectetur adipiscing elit. Sed vulputate nec neque gravida rhoncus. Donec sit amet blandit mauris, sed bibendum risus.', 'towing,car,service');

DROP TABLE IF EXISTS `slideshow`;
CREATE TABLE IF NOT EXISTS `slideshow` (
`id` int(11) NOT NULL,
  `repository_id` int(11) DEFAULT NULL,
  `date` datetime DEFAULT NULL
) ENGINE=InnoDB  DEFAULT CHARSET=utf8 COLLATE=utf8_unicode_ci AUTO_INCREMENT=3 ;

INSERT INTO `slideshow` (`id`, `repository_id`, `date`) VALUES
(2, 22, '2013-12-29 11:53:16');

DROP TABLE IF EXISTS `slugs`;
CREATE TABLE IF NOT EXISTS `slugs` (
`id` int(11) NOT NULL,
  `model_name` varchar(45) COLLATE utf8_unicode_ci DEFAULT 'page_m',
  `model_id` int(11) DEFAULT NULL,
  `model_lang_code` varchar(15) COLLATE utf8_unicode_ci DEFAULT 'en',
  `model_lang_id` int(11) DEFAULT '1',
  `slug` varchar(100) COLLATE utf8_unicode_ci DEFAULT NULL,
  `real_url` text COLLATE utf8_unicode_ci
) ENGINE=InnoDB  DEFAULT CHARSET=utf8 COLLATE=utf8_unicode_ci AUTO_INCREMENT=340 ;

INSERT INTO `slugs` (`id`, `model_name`, `model_id`, `model_lang_code`, `model_lang_id`, `slug`, `real_url`) VALUES
(21, 'page_m', 169, 'en', 1, 'agents', NULL),
(22, 'page_m', 169, 'hr', 2, 'agenti', NULL),
(23, 'page_m', 147, 'en', 1, 'featured', NULL),
(24, 'page_m', 147, 'hr', 2, 'izdvojene', NULL),
(27, 'page_m', 142, 'en', 1, 'test-page', NULL),
(28, 'page_m', 142, 'hr', 2, 'test-stranica', NULL),
(29, 'page_m', 145, 'en', 1, 'fullscreen', NULL),
(30, 'page_m', 145, 'hr', 2, 'puni-zaslon', NULL),
(31, 'page_m', 143, 'en', 1, 'custom-search', NULL),
(32, 'page_m', 143, 'hr', 2, 'prilagodeni-pretrazivac', NULL),
(39, 'page_m', 2, 'en', 1, 'sale', NULL),
(40, 'page_m', 2, 'hr', 2, 'prodaja', NULL),
(41, 'page_m', 144, 'en', 1, 'sale-and-rent', NULL),
(42, 'page_m', 144, 'hr', 2, 'prodaja-i-najam', NULL),
(43, 'page_m', 4, 'en', 1, 'contact', NULL),
(44, 'page_m', 4, 'hr', 2, 'kontakt', NULL),
(75, 'page_m', 3, 'en', 1, 'rent', NULL),
(76, 'page_m', 3, 'hr', 2, 'najam', NULL),
(193, 'page_m', 173, 'en', 1, 'sitemap', NULL),
(194, 'page_m', 173, 'hr', 2, 'sitemap1', NULL),
(203, 'page_m', 1, 'en', 1, 'homepage', NULL),
(204, 'page_m', 1, 'hr', 2, 'naslovnica', NULL),
(223, 'treefield_m', 22, 'en', 1, 'winnipeg', NULL),
(224, 'treefield_m', 22, 'hr', 2, 'winnipeg1', NULL),
(225, 'custom', NULL, 'en', 1, 'winnipeg-test', 'winnipeg.htm?search={"search_option_smart": "zagreb","test":"test2"}'),
(226, 'custom', NULL, 'en', 1, 'winnipeg-test-2', 'map.htm'),
(227, 'custom', NULL, 'en', 1, 'winnipeg-test-3', 'index.php/en/6/map'),
(229, 'estate_m', 19, 'en', 1, 'retro-old', NULL),
(230, 'estate_m', 19, 'hr', 2, 'stari-retro', NULL),
(288, 'estate_m', 15, 'en', 1, 'round-towers', NULL),
(289, 'estate_m', 15, 'hr', 2, 'okrugle-kule', NULL),
(312, 'page_m', 5, 'en', 1, 'about-us', NULL),
(313, 'page_m', 5, 'hr', 2, 'o-nama', NULL),
(328, 'page_m', 6, 'en', 1, 'map', NULL),
(329, 'page_m', 6, 'hr', 2, 'karta', NULL),
(338, 'estate_m', 30, 'en', 1, 'bjelovar-estate-1-en', NULL),
(339, 'estate_m', 30, 'hr', 2, 'bjelovar-nekretnina', NULL);

DROP TABLE IF EXISTS `stats`;
CREATE TABLE IF NOT EXISTS `stats` (
`id` int(11) NOT NULL,
  `property_id` int(11) DEFAULT NULL,
  `time_part_5min` datetime DEFAULT NULL,
  `views` int(11) DEFAULT NULL
) ENGINE=InnoDB  DEFAULT CHARSET=utf8 COLLATE=utf8_unicode_ci AUTO_INCREMENT=39 ;

INSERT INTO `stats` (`id`, `property_id`, `time_part_5min`, `views`) VALUES
(1, 14, '2015-03-01 19:15:00', 3),
(2, 14, '2015-03-01 19:20:00', 3),
(3, 14, '2015-03-01 19:40:00', 3),
(4, 14, '2015-03-01 19:45:00', 4),
(5, 14, '2015-03-01 19:50:00', 1),
(6, 14, '2015-03-01 19:55:00', 1),
(7, 9, '2015-03-01 19:55:00', 2),
(8, 8, '2015-03-01 19:55:00', 2),
(9, 14, '2015-03-02 09:35:00', 1),
(10, 14, '2015-03-02 09:45:00', 1),
(11, 14, '2015-03-02 10:00:00', 2),
(12, 14, '2015-03-02 19:45:00', 1),
(13, 14, '2015-03-02 19:55:00', 4),
(14, 14, '2015-03-02 20:30:00', 3),
(15, 14, '2015-03-02 21:10:00', 1),
(16, 14, '2015-03-02 21:15:00', 4),
(17, 14, '2015-03-02 21:30:00', 2),
(18, 14, '2015-03-02 21:35:00', 3),
(19, 14, '2015-03-02 21:40:00', 3),
(20, 14, '2015-03-02 21:45:00', 1),
(21, 14, '2015-03-02 21:50:00', 5),
(22, 14, '2015-03-02 21:55:00', 3),
(23, 14, '2015-03-02 22:00:00', 1),
(24, 14, '2015-03-03 17:10:00', 1),
(25, 14, '2015-03-03 18:10:00', 2),
(26, 14, '2015-03-03 21:00:00', 1),
(27, 14, '2015-03-03 21:15:00', 2),
(28, 14, '2015-03-03 21:25:00', 4),
(29, 14, '2015-03-03 21:50:00', 1),
(30, 14, '2015-03-03 21:55:00', 5),
(31, 14, '2015-03-03 22:00:00', 1),
(32, 14, '2015-03-05 09:25:00', 2),
(33, 12, '2015-03-05 09:25:00', 2),
(34, 12, '2015-03-05 09:30:00', 1),
(35, 14, '2015-03-05 16:45:00', 1),
(36, 14, '2015-03-05 16:50:00', 1),
(37, 14, '2015-03-05 17:20:00', 2),
(38, 14, '2015-03-05 17:25:00', 5);

DROP TABLE IF EXISTS `stats_periods`;
CREATE TABLE IF NOT EXISTS `stats_periods` (
`id` int(11) NOT NULL,
  `property_id` int(11) DEFAULT NULL,
  `period` varchar(45) COLLATE utf8_unicode_ci DEFAULT 'WEEK' COMMENT 'WEEK\nDAY\nMONTH',
  `views` int(11) DEFAULT '0',
  `date` datetime DEFAULT NULL
) ENGINE=InnoDB  DEFAULT CHARSET=utf8 COLLATE=utf8_unicode_ci AUTO_INCREMENT=5 ;

INSERT INTO `stats_periods` (`id`, `property_id`, `period`, `views`, `date`) VALUES
(1, 14, 'WEEK', 3, '2015-03-02 00:00:00'),
(2, 14, 'DAY', 3, '2015-03-05 00:00:00'),
(3, 14, 'MONTH', 3, '2015-03-01 00:00:00'),
(4, 14, 'YEAR', 3, '2015-01-01 00:00:00');

DROP TABLE IF EXISTS `treefield`;
CREATE TABLE IF NOT EXISTS `treefield` (
`id` int(11) NOT NULL,
  `field_id` int(11) DEFAULT NULL,
  `root_id` int(11) DEFAULT NULL,
  `parent_id` int(11) DEFAULT NULL,
  `order` int(11) DEFAULT NULL,
  `level` int(11) DEFAULT NULL,
  `field_name` varchar(100) COLLATE utf8_unicode_ci DEFAULT NULL,
  `template` varchar(100) COLLATE utf8_unicode_ci DEFAULT 'treefield',
  `repository_id` int(11) DEFAULT NULL
) ENGINE=InnoDB  DEFAULT CHARSET=utf8 COLLATE=utf8_unicode_ci AUTO_INCREMENT=36 ;

INSERT INTO `treefield` (`id`, `field_id`, `root_id`, `parent_id`, `order`, `level`, `field_name`, `template`, `repository_id`) VALUES
(13, 64, NULL, 0, 0, 0, NULL, 'treefield', NULL),
(14, 64, NULL, 0, 0, 0, NULL, 'treefield', NULL),
(15, 64, NULL, 0, 0, 0, NULL, 'treefield', NULL),
(16, 64, NULL, 0, 0, 0, NULL, 'treefield', NULL),
(17, 64, NULL, 0, 0, 0, NULL, 'treefield', NULL),
(18, 64, NULL, 13, 0, 1, NULL, 'treefield', NULL),
(19, 64, NULL, 13, 0, 1, NULL, 'treefield', NULL),
(20, 64, NULL, 13, 0, 1, NULL, 'treefield', NULL),
(21, 64, NULL, 13, 0, 1, NULL, 'treefield', NULL),
(22, 64, NULL, 14, 0, 1, NULL, 'treefield_treefield', NULL),
(23, 64, NULL, 15, 0, 1, NULL, 'treefield', NULL),
(24, 64, NULL, 16, 0, 1, NULL, 'treefield', NULL),
(25, 64, NULL, 23, 0, 2, NULL, 'treefield', NULL),
(26, 64, NULL, 23, 0, 2, NULL, 'treefield', NULL),
(27, 64, NULL, 23, 0, 2, NULL, 'treefield', NULL),
(28, 64, NULL, 18, 0, 2, NULL, 'treefield', NULL),
(29, 64, NULL, 18, 0, 2, NULL, 'treefield', NULL),
(30, 64, NULL, 18, 0, 2, NULL, 'treefield', NULL),
(31, 64, NULL, 18, 0, 2, NULL, 'treefield', NULL),
(32, 64, NULL, 18, 0, 2, NULL, 'treefield', NULL),
(33, 64, NULL, 28, 0, 3, NULL, 'treefield', NULL),
(34, 64, NULL, 28, 0, 3, NULL, 'treefield', NULL),
(35, 64, NULL, 28, 0, 3, NULL, 'treefield', NULL);

DROP TABLE IF EXISTS `treefield_lang`;
CREATE TABLE IF NOT EXISTS `treefield_lang` (
`id` int(11) NOT NULL,
  `treefield_id` int(11) DEFAULT NULL,
  `language_id` int(11) DEFAULT NULL,
  `value` text COLLATE utf8_unicode_ci,
  `value_path` text COLLATE utf8_unicode_ci,
  `title` varchar(160) COLLATE utf8_unicode_ci DEFAULT NULL,
  `path_title` varchar(160) COLLATE utf8_unicode_ci DEFAULT NULL,
  `address` varchar(160) COLLATE utf8_unicode_ci DEFAULT NULL,
  `body` text COLLATE utf8_unicode_ci,
  `keywords` varchar(160) COLLATE utf8_unicode_ci DEFAULT NULL,
  `description` varchar(160) COLLATE utf8_unicode_ci DEFAULT NULL,
  `slug` varchar(100) COLLATE utf8_unicode_ci DEFAULT NULL,
  `adcode1` text COLLATE utf8_unicode_ci,
  `adcode2` text COLLATE utf8_unicode_ci,
  `adcode3` text COLLATE utf8_unicode_ci,
  `adcode4` text COLLATE utf8_unicode_ci,
  `adcode5` text COLLATE utf8_unicode_ci,
  `adcode6` text COLLATE utf8_unicode_ci
) ENGINE=InnoDB  DEFAULT CHARSET=utf8 COLLATE=utf8_unicode_ci AUTO_INCREMENT=313 ;

INSERT INTO `treefield_lang` (`id`, `treefield_id`, `language_id`, `value`, `value_path`, `title`, `path_title`, `address`, `body`, `keywords`, `description`, `slug`, `adcode1`, `adcode2`, `adcode3`, `adcode4`, `adcode5`, `adcode6`) VALUES
(31, 14, 1, 'Manitoba', 'Manitoba', NULL, NULL, NULL, NULL, NULL, NULL, NULL, NULL, NULL, NULL, NULL, NULL, NULL),
(32, 14, 2, 'Manitoba', 'Manitoba', NULL, NULL, NULL, NULL, NULL, NULL, NULL, NULL, NULL, NULL, NULL, NULL, NULL),
(33, 15, 1, 'McMaster University', 'McMaster University', NULL, NULL, NULL, NULL, NULL, NULL, NULL, NULL, NULL, NULL, NULL, NULL, NULL),
(34, 15, 2, 'McMaster University', 'McMaster University', NULL, NULL, NULL, NULL, NULL, NULL, NULL, NULL, NULL, NULL, NULL, NULL, NULL),
(35, 16, 1, 'Waterloo University', 'Waterloo University', NULL, NULL, NULL, NULL, NULL, NULL, NULL, NULL, NULL, NULL, NULL, NULL, NULL),
(36, 16, 2, 'Waterloo University', 'Waterloo University', NULL, NULL, NULL, NULL, NULL, NULL, NULL, NULL, NULL, NULL, NULL, NULL, NULL),
(37, 17, 1, 'Wilfrid Laurier University', 'Wilfrid Laurier University', NULL, NULL, NULL, NULL, NULL, NULL, NULL, NULL, NULL, NULL, NULL, NULL, NULL),
(38, 17, 2, 'Wilfrid Laurier University', 'Wilfrid Laurier University', NULL, NULL, NULL, NULL, NULL, NULL, NULL, NULL, NULL, NULL, NULL, NULL, NULL),
(39, 18, 1, 'Toronto', 'Toronto', NULL, NULL, NULL, NULL, NULL, NULL, NULL, NULL, NULL, NULL, NULL, NULL, NULL),
(40, 18, 2, 'Toronto', 'Toronto', NULL, NULL, NULL, NULL, NULL, NULL, NULL, NULL, NULL, NULL, NULL, NULL, NULL),
(41, 19, 1, 'Etobicoke', 'Etobicoke', NULL, NULL, NULL, NULL, NULL, NULL, NULL, NULL, NULL, NULL, NULL, NULL, NULL),
(42, 19, 2, 'Etobicoke', 'Etobicoke', NULL, NULL, NULL, NULL, NULL, NULL, NULL, NULL, NULL, NULL, NULL, NULL, NULL),
(43, 20, 1, 'North York', 'North York', NULL, NULL, NULL, NULL, NULL, NULL, NULL, NULL, NULL, NULL, NULL, NULL, NULL),
(44, 20, 2, 'North York', 'North York', NULL, NULL, NULL, NULL, NULL, NULL, NULL, NULL, NULL, NULL, NULL, NULL, NULL),
(45, 21, 1, 'Scarborough', 'Scarborough', NULL, NULL, NULL, NULL, NULL, NULL, NULL, NULL, NULL, NULL, NULL, NULL, NULL),
(46, 21, 2, 'Scarborough', 'Scarborough', NULL, NULL, NULL, NULL, NULL, NULL, NULL, NULL, NULL, NULL, NULL, NULL, NULL),
(49, 23, 1, 'Hamilton', 'Hamilton', NULL, NULL, NULL, NULL, NULL, NULL, NULL, NULL, NULL, NULL, NULL, NULL, NULL),
(50, 23, 2, 'Hamilton', 'Hamilton', NULL, NULL, NULL, NULL, NULL, NULL, NULL, NULL, NULL, NULL, NULL, NULL, NULL),
(51, 24, 1, 'Waterloo', 'Waterloo', NULL, NULL, NULL, NULL, NULL, NULL, NULL, NULL, NULL, NULL, NULL, NULL, NULL),
(52, 24, 2, 'Waterloo', 'Waterloo', NULL, NULL, NULL, NULL, NULL, NULL, NULL, NULL, NULL, NULL, NULL, NULL, NULL),
(53, 25, 1, 'Westdale', 'McMaster University - Westdale', NULL, NULL, NULL, NULL, NULL, NULL, NULL, NULL, NULL, NULL, NULL, NULL, NULL),
(54, 25, 2, 'Westdale', 'McMaster University - Westdale', NULL, NULL, NULL, NULL, NULL, NULL, NULL, NULL, NULL, NULL, NULL, NULL, NULL),
(55, 26, 1, 'West of Campus', 'McMaster University - West of Campus', NULL, NULL, NULL, NULL, NULL, NULL, NULL, NULL, NULL, NULL, NULL, NULL, NULL),
(56, 26, 2, 'West of Campus', 'McMaster University - West of Campus', NULL, NULL, NULL, NULL, NULL, NULL, NULL, NULL, NULL, NULL, NULL, NULL, NULL),
(59, 28, 1, 'Downtown', 'Ontario - Downtown', NULL, NULL, NULL, NULL, NULL, NULL, NULL, NULL, NULL, NULL, NULL, NULL, NULL),
(60, 28, 2, 'Downtown', 'Ontario - Downtown', NULL, NULL, NULL, NULL, NULL, NULL, NULL, NULL, NULL, NULL, NULL, NULL, NULL),
(61, 29, 1, 'West Toronto', 'Ontario - West Toronto', NULL, NULL, NULL, NULL, NULL, NULL, NULL, NULL, NULL, NULL, NULL, NULL, NULL),
(62, 29, 2, 'West Toronto', 'Ontario - West Toronto', NULL, NULL, NULL, NULL, NULL, NULL, NULL, NULL, NULL, NULL, NULL, NULL, NULL),
(63, 30, 1, 'East Toronto', 'Ontario - East Toronto', NULL, NULL, NULL, NULL, NULL, NULL, NULL, NULL, NULL, NULL, NULL, NULL, NULL),
(64, 30, 2, 'East Toronto', 'Ontario - East Toronto', NULL, NULL, NULL, NULL, NULL, NULL, NULL, NULL, NULL, NULL, NULL, NULL, NULL),
(65, 31, 1, 'Midtown Toronto', 'Ontario - Midtown Toronto', NULL, NULL, NULL, NULL, NULL, NULL, NULL, NULL, NULL, NULL, NULL, NULL, NULL),
(66, 31, 2, 'Midtown Toronto', 'Ontario - Midtown Toronto', NULL, NULL, NULL, NULL, NULL, NULL, NULL, NULL, NULL, NULL, NULL, NULL, NULL),
(67, 32, 1, 'Uptown  Toronto', 'Ontario - Uptown  Toronto', NULL, NULL, NULL, NULL, NULL, NULL, NULL, NULL, NULL, NULL, NULL, NULL, NULL),
(68, 32, 2, 'Uptown  Toronto', 'Ontario - Uptown  Toronto', NULL, NULL, NULL, NULL, NULL, NULL, NULL, NULL, NULL, NULL, NULL, NULL, NULL),
(81, 34, 1, 'City place', 'Ontario - Toronto - City place', NULL, NULL, NULL, NULL, NULL, NULL, NULL, NULL, NULL, NULL, NULL, NULL, NULL),
(82, 34, 2, 'City place', 'Ontario - Toronto - City place', NULL, NULL, NULL, NULL, NULL, NULL, NULL, NULL, NULL, NULL, NULL, NULL, NULL),
(93, 35, 1, 'Cork town', 'Ontario - Toronto - Cork town', NULL, NULL, NULL, NULL, NULL, NULL, NULL, NULL, NULL, NULL, NULL, NULL, NULL),
(94, 35, 2, 'Cork town', 'Ontario - Toronto - Cork town', NULL, NULL, NULL, NULL, NULL, NULL, NULL, NULL, NULL, NULL, NULL, NULL, NULL),
(99, 13, 1, 'Ontario', 'Ontario', NULL, NULL, NULL, NULL, NULL, NULL, NULL, NULL, NULL, NULL, NULL, NULL, NULL),
(100, 13, 2, 'Ontario HR', 'Ontario HR', NULL, NULL, NULL, NULL, NULL, NULL, NULL, NULL, NULL, NULL, NULL, NULL, NULL),
(103, 27, 1, 'South of Campus', 'McMaster University - South of Campus', NULL, NULL, NULL, NULL, NULL, NULL, NULL, NULL, NULL, NULL, NULL, NULL, NULL),
(104, 27, 2, 'South of Campus', 'McMaster University - South of Campus', NULL, NULL, NULL, NULL, NULL, NULL, NULL, NULL, NULL, NULL, NULL, NULL, NULL),
(105, 14, 3, 'Manitoba', 'Manitoba', NULL, NULL, NULL, NULL, NULL, NULL, NULL, NULL, NULL, NULL, NULL, NULL, NULL),
(106, 15, 3, 'McMaster University', 'McMaster University', NULL, NULL, NULL, NULL, NULL, NULL, NULL, NULL, NULL, NULL, NULL, NULL, NULL),
(107, 16, 3, 'Waterloo University', 'Waterloo University', NULL, NULL, NULL, NULL, NULL, NULL, NULL, NULL, NULL, NULL, NULL, NULL, NULL),
(108, 17, 3, 'Wilfrid Laurier University', 'Wilfrid Laurier University', NULL, NULL, NULL, NULL, NULL, NULL, NULL, NULL, NULL, NULL, NULL, NULL, NULL),
(109, 18, 3, 'Toronto', 'Toronto', NULL, NULL, NULL, NULL, NULL, NULL, NULL, NULL, NULL, NULL, NULL, NULL, NULL),
(110, 19, 3, 'Etobicoke', 'Etobicoke', NULL, NULL, NULL, NULL, NULL, NULL, NULL, NULL, NULL, NULL, NULL, NULL, NULL),
(111, 20, 3, 'North York', 'North York', NULL, NULL, NULL, NULL, NULL, NULL, NULL, NULL, NULL, NULL, NULL, NULL, NULL),
(112, 21, 3, 'Scarborough', 'Scarborough', NULL, NULL, NULL, NULL, NULL, NULL, NULL, NULL, NULL, NULL, NULL, NULL, NULL),
(114, 23, 3, 'Hamilton', 'Hamilton', NULL, NULL, NULL, NULL, NULL, NULL, NULL, NULL, NULL, NULL, NULL, NULL, NULL),
(115, 24, 3, 'Waterloo', 'Waterloo', NULL, NULL, NULL, NULL, NULL, NULL, NULL, NULL, NULL, NULL, NULL, NULL, NULL),
(116, 25, 3, 'Westdale', 'McMaster University - Westdale', NULL, NULL, NULL, NULL, NULL, NULL, NULL, NULL, NULL, NULL, NULL, NULL, NULL),
(117, 26, 3, 'West of Campus', 'McMaster University - West of Campus', NULL, NULL, NULL, NULL, NULL, NULL, NULL, NULL, NULL, NULL, NULL, NULL, NULL),
(118, 28, 3, 'Downtown', 'Ontario - Downtown', NULL, NULL, NULL, NULL, NULL, NULL, NULL, NULL, NULL, NULL, NULL, NULL, NULL),
(119, 29, 3, 'West Toronto', 'Ontario - West Toronto', NULL, NULL, NULL, NULL, NULL, NULL, NULL, NULL, NULL, NULL, NULL, NULL, NULL),
(120, 30, 3, 'East Toronto', 'Ontario - East Toronto', NULL, NULL, NULL, NULL, NULL, NULL, NULL, NULL, NULL, NULL, NULL, NULL, NULL),
(121, 31, 3, 'Midtown Toronto', 'Ontario - Midtown Toronto', NULL, NULL, NULL, NULL, NULL, NULL, NULL, NULL, NULL, NULL, NULL, NULL, NULL),
(122, 32, 3, 'Uptown  Toronto', 'Ontario - Uptown  Toronto', NULL, NULL, NULL, NULL, NULL, NULL, NULL, NULL, NULL, NULL, NULL, NULL, NULL),
(123, 34, 3, 'City place', 'Ontario - Toronto - City place', NULL, NULL, NULL, NULL, NULL, NULL, NULL, NULL, NULL, NULL, NULL, NULL, NULL),
(124, 35, 3, 'Cork town', 'Ontario - Toronto - Cork town', NULL, NULL, NULL, NULL, NULL, NULL, NULL, NULL, NULL, NULL, NULL, NULL, NULL),
(125, 13, 3, 'Ontario', 'Ontario', NULL, NULL, NULL, NULL, NULL, NULL, NULL, NULL, NULL, NULL, NULL, NULL, NULL),
(126, 27, 3, 'South of Campus', 'McMaster University - South of Campus', NULL, NULL, NULL, NULL, NULL, NULL, NULL, NULL, NULL, NULL, NULL, NULL, NULL),
(311, 22, 1, 'Winnipeg', 'Manitoba - Winnipeg', 'Winnipeg', '', 'Winnipeg', '<h3><a name="History" id="History">History </a></h3>\r\n                <p>The history of Alexandra Park is one  that was initiated by a Polish Engineer. For some time, the biggest symbol of  the neighborhood was the grand home called “The Hall”. After the development of  The Hall came developments for Polish and Ukrainian immigrants around the  1920’s and 1930’s. In the 1960’s the hall was demolished to make way for public  housing. The Area started to slowly be inhabited by Chinese, Vietnamese, East  Africans and Caribbeans. </p>\r\n                <p>The neighborhood started to grow violent around the  1970’s with the uprising of the infamous African Canadian gang called the  Project Originals. Drugs quickly became a problem and it wasn’t too long before  members of the community turned to the government for redevelopment. With the  help of the Toronto Community Housing Corporation, the neighbourhood is on the  road to a bright future and endless opportunity. </p>\r\n<h3><a name="Lifestyle">Lifestyle</a></h3>\r\n<p>Generally located in between Dundas St  W and Queen St W from north to south, and Spadina Ave to Bathurst St from east  to west, Alexandra &nbsp;Park is famous for its convenience and variety. A  mixture of residential, commercial, and institutional buildings line the  neighbourhoods’ many streets. However, there is also the 2.7 hectare Alexandra  Park, the neighbourhoods’ namesake, which includes a community garden, a  baseball diamond, an outdoor pool, and even an artificial ice skating rink. The  park is a picturesque and convenient escape for those looking to escape the  hustle and bustle of daily city life. </p>\r\n<p>As detailed below under Housing, the  neighbourhood of Alexandra Park is undergoing a mass residential overhaul, with  an aim to improve the quality of life for those most in need. While much of the  focus has been on the housing fixes, additions, and other residential  development, there is much more to look forward to for this Toronto  neighbourhood. </p>\r\n<p>There is to be retail space added the  ground level of building developments, in order to provide residents with  shopping alternatives to add to the nearby Kensington Market and Chinatown.  Shopping in those districts is another advantage of life in Alexandra Park.  Residents can also feel excitement for two brand new parks and new streets. The  once secluded community can potentially become an integral part of Toronto. </p>\r\n<h3><a name="Housing">Housing </a>				</h3>\r\n				<p>Houses in the Alexandra park  neighborhood tend to be more Victorian Style. They date back as far as the  1880’s. Bungalos are common in the neighborhood. A few semi-detached houses  exist as well but the most popular type of houses are townhouses due to the  developments of the Park Housing Cooperative. Prices of the privately owned  houses can range anywhere from $200,000-$600,000. </p>\r\n				<p>Future plans for the  neighborhood involving the Toronto Community Housing Corporation see extensive  redevelopment, including razing and replacement of over 300 subsidized  townhouses and apartments, refurbishment of nearly 500 subsidized apartments,  and the addition of more 1,500 units at market value. Such exciting prospects  can potentially lead to Alexandra Park, amongst the city’s worst neighbourhoods  in the 1990s, becoming one of its most desirable. </p>', 'winnipeg', 'winnipeg', 'winnipeg', 'ad1', 'ad2', 'ad3', '', '', ''),
(312, 22, 2, 'Winnipeg', 'Manitoba - Winnipeg', 'Winnipeg', '', 'Winnipeg', '<h3><a name="History" id="History">History </a></h3>\r\n                <p>The history of Alexandra Park is one  that was \r\ninitiated by a Polish Engineer. For some time, the biggest symbol of  \r\nthe neighborhood was the grand home called “The Hall”. After the \r\ndevelopment of  The Hall came developments for Polish and Ukrainian \r\nimmigrants around the  1920’s and 1930’s. In the 1960’s the hall was \r\ndemolished to make way for public  housing. The Area started to slowly \r\nbe inhabited by Chinese, Vietnamese, East  Africans and Caribbeans. </p>\r\n                <p>The neighborhood started to grow violent around the  \r\n1970’s with the uprising of the infamous African Canadian gang called \r\nthe  Project Originals. Drugs quickly became a problem and it wasn’t too\r\n long before  members of the community turned to the government for \r\nredevelopment. With the  help of the Toronto Community Housing \r\nCorporation, the neighbourhood is on the  road to a bright future and \r\nendless opportunity. </p>\r\n<h3><a name="Lifestyle">Lifestyle</a></h3>\r\n<p>Generally located in between Dundas St  W and Queen St W from north \r\nto south, and Spadina Ave to Bathurst St from east  to west, Alexandra \r\n&nbsp;Park is famous for its convenience and variety. A  mixture of \r\nresidential, commercial, and institutional buildings line the  \r\nneighbourhoods’ many streets. However, there is also the 2.7 hectare \r\nAlexandra  Park, the neighbourhoods’ namesake, which includes a \r\ncommunity garden, a  baseball diamond, an outdoor pool, and even an \r\nartificial ice skating rink. The  park is a picturesque and convenient \r\nescape for those looking to escape the  hustle and bustle of daily city \r\nlife. </p>\r\n<p>As detailed below under Housing, the  neighbourhood of Alexandra Park\r\n is undergoing a mass residential overhaul, with  an aim to improve the \r\nquality of life for those most in need. While much of the  focus has \r\nbeen on the housing fixes, additions, and other residential  \r\ndevelopment, there is much more to look forward to for this Toronto  \r\nneighbourhood. </p>\r\n<p>There is to be retail space added the  ground level of building \r\ndevelopments, in order to provide residents with  shopping alternatives \r\nto add to the nearby Kensington Market and Chinatown.  Shopping in those\r\n districts is another advantage of life in Alexandra Park.  Residents \r\ncan also feel excitement for two brand new parks and new streets. The  \r\nonce secluded community can potentially become an integral part of \r\nToronto. </p>\r\n<h3><a name="Housing">Housing </a>				</h3>\r\n				<p>Houses in the Alexandra park  neighborhood tend to be more \r\nVictorian Style. They date back as far as the  1880’s. Bungalos are \r\ncommon in the neighborhood. A few semi-detached houses  exist as well \r\nbut the most popular type of houses are townhouses due to the  \r\ndevelopments of the Park Housing Cooperative. Prices of the privately \r\nowned  houses can range anywhere from $200,000-$600,000. </p>\r\n				<p>Future plans for the  neighborhood involving the Toronto \r\nCommunity Housing Corporation see extensive  redevelopment, including \r\nrazing and replacement of over 300 subsidized  townhouses and \r\napartments, refurbishment of nearly 500 subsidized apartments,  and the \r\naddition of more 1,500 units at market value. Such exciting prospects  \r\ncan potentially lead to Alexandra Park, amongst the city’s worst \r\nneighbourhoods  in the 1990s, becoming one of its most desirable. </p>', 'winnipeg', 'winnipeg', 'winnipeg1', '', '', '', '', '', '');

DROP TABLE IF EXISTS `treelevel`;
CREATE TABLE IF NOT EXISTS `treelevel` (
`id` int(11) NOT NULL,
  `root_id` int(11) DEFAULT NULL,
  `level` int(11) DEFAULT NULL,
  `language_id` int(11) DEFAULT NULL,
  `level_name` text COLLATE utf8_unicode_ci
) ENGINE=InnoDB DEFAULT CHARSET=utf8 COLLATE=utf8_unicode_ci AUTO_INCREMENT=1 ;

DROP TABLE IF EXISTS `update_debug`;
CREATE TABLE IF NOT EXISTS `update_debug` (
`id` int(11) NOT NULL,
  `version` varchar(45) COLLATE utf8_unicode_ci DEFAULT NULL,
  `message` text COLLATE utf8_unicode_ci
) ENGINE=InnoDB  DEFAULT CHARSET=utf8 COLLATE=utf8_unicode_ci AUTO_INCREMENT=2 ;

INSERT INTO `update_debug` (`id`, `version`, `message`) VALUES
(1, '1.5.1', 'initial update_debug message');

DROP TABLE IF EXISTS `user`;
CREATE TABLE IF NOT EXISTS `user` (
`id` int(11) NOT NULL,
  `username` varchar(45) COLLATE utf8_unicode_ci DEFAULT NULL,
  `password` varchar(45) COLLATE utf8_unicode_ci DEFAULT NULL,
  `name_surname` varchar(100) COLLATE utf8_unicode_ci DEFAULT NULL,
  `address` text COLLATE utf8_unicode_ci,
  `description` text COLLATE utf8_unicode_ci,
  `phone` varchar(45) COLLATE utf8_unicode_ci DEFAULT NULL,
  `mail` varchar(100) COLLATE utf8_unicode_ci DEFAULT NULL,
  `last_login` datetime DEFAULT NULL,
  `registration_date` datetime DEFAULT NULL,
  `type` varchar(30) COLLATE utf8_unicode_ci DEFAULT NULL COMMENT 'ADMIN\nAGENT\nUSER',
  `language` varchar(20) COLLATE utf8_unicode_ci DEFAULT NULL,
  `repository_id` int(11) DEFAULT NULL,
  `activated` tinyint(1) DEFAULT '0',
  `qa_id` int(11) DEFAULT NULL,
  `package_id` int(11) DEFAULT '0',
  `package_last_payment` datetime DEFAULT NULL,
  `facebook_id` varchar(45) COLLATE utf8_unicode_ci DEFAULT NULL,
  `mail_verified` tinyint(1) DEFAULT '0',
  `phone_verified` tinyint(1) DEFAULT '0',
  `image_user_filename` varchar(200) COLLATE utf8_unicode_ci DEFAULT NULL,
  `image_agency_filename` varchar(200) COLLATE utf8_unicode_ci DEFAULT NULL
) ENGINE=InnoDB  DEFAULT CHARSET=utf8 COLLATE=utf8_unicode_ci AUTO_INCREMENT=29 ;

INSERT INTO `user` (`id`, `username`, `password`, `name_surname`, `address`, `description`, `phone`, `mail`, `last_login`, `registration_date`, `type`, `language`, `repository_id`, `activated`, `qa_id`, `package_id`, `package_last_payment`, `facebook_id`, `mail_verified`, `phone_verified`, `image_user_filename`, `image_agency_filename`) VALUES
(1, 'sandi.winter', '22f720e163', 'Sandi Winter', 'Vinogradska 15', '', '+385 (0)98 734 513', 'sandi@winter.hr', '2014-06-14 16:44:09', '2013-11-21 11:17:27', 'ADMIN', 'english', 6, 1, 0, 0, NULL, '', 0, 0, 'sandi.winter.jpg', NULL),
(8, 'admin', 'a114285c9e', 'Admin', '', '', '+385 (0)91 234 654', 'admin@admin.admin', '2015-03-06 16:55:53', '2013-12-29 11:39:04', 'ADMIN', 'english', 186, 1, 0, 0, NULL, '', 0, 0, NULL, NULL),
(9, 'agent', '782c9a0f0c', 'Kety Springs', 'Vinogradska 14', 'Lorem ipsum dolor sit amet, consectetur adipiscing elit. Donec auctor diam in quam molestie ullamcorper. Praesent a tellus massa. Nulla laoreet tempus congue. Praesent ut ultrices nunc. Etiam at libero sed turpis tempor placerat in eget lectus. Curabitur pretium, ante vel aliquam lacinia, ipsum felis hendrerit leo, ut aliquet neque odio at nisl.', '+385 (0)91 123 321', 'kety@estatepoint.com', '2015-01-21 19:36:04', '2013-12-29 11:40:16', 'AGENT', 'english', 21, 1, 0, 0, NULL, '', 0, 0, 'agent.jpg', 'remax.png'),
(10, 'lazobiskup', 'lazobiskup', 'Lazo Biškup', 'Ilica 234, Zagreb', 'Lorem ipsum dolor sit amet, consectetur adipiscing elit. Donec auctor diam in quam molestie ullamcorper. Praesent a tellus massa. Nulla laoreet tempus congue. Praesent ut ultrices nunc. Etiam at libero sed turpis tempor placerat in eget lectus. Curabitur pretium, ante vel aliquam lacinia, ipsum felis hendrerit leo, ut aliquet neque odio at nisl.', '+385 (0)98 676 565', 'lazo@estatepoint.com', NULL, '2014-01-05 14:44:11', 'AGENT', 'english', 184, 1, 0, 0, NULL, '', 0, 0, 'agent-lazo.jpg', 'alogo4.png'),
(11, 'peropetric', 'peropetric', 'Pero Petrić', 'Varaždinska 34, Varaždin', 'Lorem ipsum dolor sit amet, consectetur adipiscing elit. Donec auctor diam in quam molestie ullamcorper. Praesent a tellus massa. Nulla laoreet tempus congue. Praesent ut ultrices nunc. Etiam at libero sed turpis tempor placerat in eget lectus. Curabitur pretium, ante vel aliquam lacinia, ipsum felis hendrerit leo, ut aliquet neque odio at nisl.', '+385 (0)92 123 321', 'pero@estatepoint.com', NULL, '2014-01-05 14:47:58', 'AGENT', 'english', 185, 1, 1, 0, NULL, '', 0, 0, 'pero-agent.jpg', 'alogo3.png'),
(18, 'user', 'f341be9a30', 'Test user', '', 'My description 2', '+385959055516', 'sanljiljan@geniuscript.com', '2015-03-01 16:27:53', '2014-01-26 12:23:26', 'USER', 'english', 196, 1, 0, 1, '2015-06-05 12:29:02', '0', 0, 0, NULL, NULL),
(21, 'user007', '560d1e7a02', 'Imenko Prezimenović', '', '', '', 'user007@gemail.com', '2014-06-03 18:45:48', '2014-06-03 18:45:48', 'USER', 'croatian', 247, 1, 0, 0, NULL, NULL, 0, 0, 'cute-baby-wallpapers-4.jpg', NULL),
(22, 'tagent2', '04cc1cdfc0', 'test agent 2', 'Vinogradska 567', 'Lorem ipsum dolor sit amet, consectetur adipiscing elit. Donec auctor diam in quam molestie ullamcorper. Praesent a tellus massa. Nulla laoreet tempus congue. Praesent ut ultrices nunc. Etiam at libero sed turpis tempor placerat in eget lectus. Curabitur pretium, ante vel aliquam lacinia, ipsum felis hendrerit leo, ut aliquet neque odio at nisl.', '', 'agent@ppoint.com', NULL, '2014-07-11 20:52:32', 'AGENT', 'croatian', 254, 0, 1, 0, NULL, '', 0, 0, NULL, NULL),
(24, 'sandi@winter.hr', 'ca2bb5de9d', 'Sandi Winter', NULL, '', NULL, 'info@winter.hr', '2014-08-12 15:23:53', '2014-08-12 15:23:53', 'USER', '', NULL, 1, NULL, 1, NULL, 'https://www.facebook.com/app_scoped_user_id/1', 0, 0, NULL, NULL),
(28, 'sandi@geniuscript.com', '7546b18524', 'sandi@geniuscript.com', '0', '', '0', 'sandi@geniuscript.com', '2014-12-17 12:16:26', '2014-12-17 12:14:15', 'USER', '', NULL, 1, NULL, 1, NULL, NULL, 0, 0, NULL, NULL);


ALTER TABLE `ads`
 ADD PRIMARY KEY (`id`);

ALTER TABLE `backup`
 ADD PRIMARY KEY (`id`);

ALTER TABLE `cacher`
 ADD PRIMARY KEY (`id`), ADD UNIQUE KEY `index_chars_UNIQUE` (`index_hash`);

ALTER TABLE `ci_sessions`
 ADD PRIMARY KEY (`session_id`), ADD KEY `last_activity_idx` (`last_activity`);

ALTER TABLE `enquire`
 ADD PRIMARY KEY (`id`), ADD KEY `fk_enquire_property1` (`property_id`);

ALTER TABLE `favorites`
 ADD PRIMARY KEY (`id`);

ALTER TABLE `file`
 ADD PRIMARY KEY (`id`), ADD UNIQUE KEY `filename_UNIQUE` (`filename`), ADD KEY `fk_file_repository1` (`repository_id`);

ALTER TABLE `language`
 ADD PRIMARY KEY (`id`), ADD UNIQUE KEY `code_UNIQUE` (`code`);

ALTER TABLE `masking`
 ADD PRIMARY KEY (`id`);

ALTER TABLE `option`
 ADD PRIMARY KEY (`id`);

ALTER TABLE `option_lang`
 ADD PRIMARY KEY (`id_option_lang`), ADD UNIQUE KEY `id_UNIQUE` (`id_option_lang`), ADD KEY `fk_option_lang_language1` (`language_id`), ADD KEY `fk_option_lang_option1` (`option_id`);

ALTER TABLE `packages`
 ADD PRIMARY KEY (`id`);

ALTER TABLE `page`
 ADD PRIMARY KEY (`id`);

ALTER TABLE `page_lang`
 ADD PRIMARY KEY (`id_page_lang`), ADD KEY `fk_page_language1` (`language_id`), ADD KEY `fk_page_lang_page1` (`page_id`);

ALTER TABLE `payments`
 ADD PRIMARY KEY (`id`);

ALTER TABLE `property`
 ADD PRIMARY KEY (`id`);

ALTER TABLE `property_lang`
 ADD PRIMARY KEY (`l_id`), ADD KEY `fk_property_lang_property1` (`property_id`), ADD KEY `fk_property_lang_language1` (`language_id`);

ALTER TABLE `property_user`
 ADD PRIMARY KEY (`id`), ADD KEY `fk_property_has_user_user1` (`user_id`), ADD KEY `fk_property_has_user_property1` (`property_id`);

ALTER TABLE `property_value`
 ADD PRIMARY KEY (`id`), ADD KEY `fk_property_value_language1` (`language_id`), ADD KEY `fk_property_value_property1` (`property_id`), ADD KEY `fk_property_value_option1` (`option_id`);

ALTER TABLE `qa`
 ADD PRIMARY KEY (`id`);

ALTER TABLE `qa_lang`
 ADD PRIMARY KEY (`id_qa_lang`), ADD KEY `fk_qa_lang_qa1` (`qa_id`), ADD KEY `fk_qa_lang_language1` (`language_id`);

ALTER TABLE `rates`
 ADD PRIMARY KEY (`id`);

ALTER TABLE `rates_lang`
 ADD PRIMARY KEY (`id`), ADD KEY `fk_raes_lang_rates1` (`rates_id`), ADD KEY `fk_raes_lang_language1` (`language_id`);

ALTER TABLE `repository`
 ADD PRIMARY KEY (`id`);

ALTER TABLE `reservations`
 ADD PRIMARY KEY (`id`), ADD KEY `fk_reservations_user1` (`user_id`);

ALTER TABLE `reviews`
 ADD PRIMARY KEY (`id`);

ALTER TABLE `saved_search`
 ADD PRIMARY KEY (`id`);

ALTER TABLE `settings`
 ADD PRIMARY KEY (`id`);

ALTER TABLE `showroom`
 ADD PRIMARY KEY (`id`);

ALTER TABLE `showroom_lang`
 ADD PRIMARY KEY (`id_showroom_lang`), ADD KEY `fk_showroom_lang_showroom1` (`showroom_id`), ADD KEY `fk_showroom_lang_language1` (`language_id`);

ALTER TABLE `slideshow`
 ADD PRIMARY KEY (`id`);

ALTER TABLE `slugs`
 ADD PRIMARY KEY (`id`);

ALTER TABLE `stats`
 ADD PRIMARY KEY (`id`);

ALTER TABLE `stats_periods`
 ADD PRIMARY KEY (`id`);

ALTER TABLE `treefield`
 ADD PRIMARY KEY (`id`);

ALTER TABLE `treefield_lang`
 ADD PRIMARY KEY (`id`);

ALTER TABLE `treelevel`
 ADD PRIMARY KEY (`id`);

ALTER TABLE `update_debug`
 ADD PRIMARY KEY (`id`);

ALTER TABLE `user`
 ADD PRIMARY KEY (`id`);


ALTER TABLE `ads`
MODIFY `id` int(11) NOT NULL AUTO_INCREMENT,AUTO_INCREMENT=5;
ALTER TABLE `backup`
MODIFY `id` int(11) NOT NULL AUTO_INCREMENT;
ALTER TABLE `cacher`
MODIFY `id` int(11) NOT NULL AUTO_INCREMENT,AUTO_INCREMENT=32;
ALTER TABLE `enquire`
MODIFY `id` int(11) NOT NULL AUTO_INCREMENT,AUTO_INCREMENT=11;
ALTER TABLE `favorites`
MODIFY `id` int(11) NOT NULL AUTO_INCREMENT,AUTO_INCREMENT=22;
ALTER TABLE `file`
MODIFY `id` int(11) NOT NULL AUTO_INCREMENT,AUTO_INCREMENT=252;
ALTER TABLE `language`
MODIFY `id` int(11) NOT NULL AUTO_INCREMENT,AUTO_INCREMENT=3;
ALTER TABLE `masking`
MODIFY `id` int(11) NOT NULL AUTO_INCREMENT;
ALTER TABLE `option`
MODIFY `id` int(11) NOT NULL AUTO_INCREMENT,AUTO_INCREMENT=76;
ALTER TABLE `option_lang`
MODIFY `id_option_lang` int(11) NOT NULL AUTO_INCREMENT,AUTO_INCREMENT=493;
ALTER TABLE `packages`
MODIFY `id` int(11) NOT NULL AUTO_INCREMENT,AUTO_INCREMENT=4;
ALTER TABLE `page`
MODIFY `id` int(11) NOT NULL AUTO_INCREMENT,AUTO_INCREMENT=174;
ALTER TABLE `page_lang`
MODIFY `id_page_lang` int(11) NOT NULL AUTO_INCREMENT,AUTO_INCREMENT=539;
ALTER TABLE `payments`
MODIFY `id` int(11) NOT NULL AUTO_INCREMENT,AUTO_INCREMENT=7;
ALTER TABLE `property`
MODIFY `id` int(11) NOT NULL AUTO_INCREMENT,AUTO_INCREMENT=31;
ALTER TABLE `property_lang`
MODIFY `l_id` int(11) NOT NULL AUTO_INCREMENT,AUTO_INCREMENT=43;
ALTER TABLE `property_user`
MODIFY `id` int(11) NOT NULL AUTO_INCREMENT,AUTO_INCREMENT=282;
ALTER TABLE `property_value`
MODIFY `id` int(11) NOT NULL AUTO_INCREMENT,AUTO_INCREMENT=31856;
ALTER TABLE `qa`
MODIFY `id` int(11) NOT NULL AUTO_INCREMENT,AUTO_INCREMENT=7;
ALTER TABLE `qa_lang`
MODIFY `id_qa_lang` int(11) NOT NULL AUTO_INCREMENT,AUTO_INCREMENT=63;
ALTER TABLE `rates`
MODIFY `id` int(11) NOT NULL AUTO_INCREMENT,AUTO_INCREMENT=5;
ALTER TABLE `rates_lang`
MODIFY `id` int(11) NOT NULL AUTO_INCREMENT,AUTO_INCREMENT=35;
ALTER TABLE `repository`
MODIFY `id` int(11) NOT NULL AUTO_INCREMENT,AUTO_INCREMENT=280;
ALTER TABLE `reservations`
MODIFY `id` int(11) NOT NULL AUTO_INCREMENT,AUTO_INCREMENT=11;
ALTER TABLE `reviews`
MODIFY `id` int(11) NOT NULL AUTO_INCREMENT,AUTO_INCREMENT=5;
ALTER TABLE `saved_search`
MODIFY `id` int(11) NOT NULL AUTO_INCREMENT;
ALTER TABLE `settings`
MODIFY `id` int(11) NOT NULL AUTO_INCREMENT,AUTO_INCREMENT=1798;
ALTER TABLE `showroom`
MODIFY `id` int(11) NOT NULL AUTO_INCREMENT,AUTO_INCREMENT=7;
ALTER TABLE `showroom_lang`
MODIFY `id_showroom_lang` int(11) NOT NULL AUTO_INCREMENT,AUTO_INCREMENT=19;
ALTER TABLE `slideshow`
MODIFY `id` int(11) NOT NULL AUTO_INCREMENT,AUTO_INCREMENT=3;
ALTER TABLE `slugs`
MODIFY `id` int(11) NOT NULL AUTO_INCREMENT,AUTO_INCREMENT=340;
ALTER TABLE `stats`
MODIFY `id` int(11) NOT NULL AUTO_INCREMENT,AUTO_INCREMENT=39;
ALTER TABLE `stats_periods`
MODIFY `id` int(11) NOT NULL AUTO_INCREMENT,AUTO_INCREMENT=5;
ALTER TABLE `treefield`
MODIFY `id` int(11) NOT NULL AUTO_INCREMENT,AUTO_INCREMENT=36;
ALTER TABLE `treefield_lang`
MODIFY `id` int(11) NOT NULL AUTO_INCREMENT,AUTO_INCREMENT=313;
ALTER TABLE `treelevel`
MODIFY `id` int(11) NOT NULL AUTO_INCREMENT;
ALTER TABLE `update_debug`
MODIFY `id` int(11) NOT NULL AUTO_INCREMENT,AUTO_INCREMENT=2;
ALTER TABLE `user`
MODIFY `id` int(11) NOT NULL AUTO_INCREMENT,AUTO_INCREMENT=29;

ALTER TABLE `enquire`
ADD CONSTRAINT `fk_enquire_property1` FOREIGN KEY (`property_id`) REFERENCES `property` (`id`) ON DELETE NO ACTION ON UPDATE NO ACTION;

ALTER TABLE `file`
ADD CONSTRAINT `fk_file_repository1` FOREIGN KEY (`repository_id`) REFERENCES `repository` (`id`) ON DELETE NO ACTION ON UPDATE NO ACTION;

ALTER TABLE `option_lang`
ADD CONSTRAINT `fk_option_lang_language1` FOREIGN KEY (`language_id`) REFERENCES `language` (`id`) ON DELETE NO ACTION ON UPDATE NO ACTION,
ADD CONSTRAINT `fk_option_lang_option1` FOREIGN KEY (`option_id`) REFERENCES `option` (`id`) ON DELETE NO ACTION ON UPDATE NO ACTION;

ALTER TABLE `page_lang`
ADD CONSTRAINT `fk_page_language10` FOREIGN KEY (`language_id`) REFERENCES `language` (`id`) ON DELETE NO ACTION ON UPDATE NO ACTION,
ADD CONSTRAINT `fk_page_lang_page1` FOREIGN KEY (`page_id`) REFERENCES `page` (`id`) ON DELETE NO ACTION ON UPDATE NO ACTION;

ALTER TABLE `property_lang`
ADD CONSTRAINT `fk_property_lang_language1` FOREIGN KEY (`language_id`) REFERENCES `language` (`id`) ON DELETE NO ACTION ON UPDATE NO ACTION,
ADD CONSTRAINT `fk_property_lang_property1` FOREIGN KEY (`property_id`) REFERENCES `property` (`id`) ON DELETE NO ACTION ON UPDATE NO ACTION;

ALTER TABLE `property_user`
ADD CONSTRAINT `fk_property_has_user_property1` FOREIGN KEY (`property_id`) REFERENCES `property` (`id`) ON DELETE NO ACTION ON UPDATE NO ACTION,
ADD CONSTRAINT `fk_property_has_user_user1` FOREIGN KEY (`user_id`) REFERENCES `user` (`id`) ON DELETE NO ACTION ON UPDATE NO ACTION;

ALTER TABLE `property_value`
ADD CONSTRAINT `fk_property_value_language1` FOREIGN KEY (`language_id`) REFERENCES `language` (`id`) ON DELETE NO ACTION ON UPDATE NO ACTION,
ADD CONSTRAINT `fk_property_value_option1` FOREIGN KEY (`option_id`) REFERENCES `option` (`id`) ON DELETE NO ACTION ON UPDATE NO ACTION,
ADD CONSTRAINT `fk_property_value_property1` FOREIGN KEY (`property_id`) REFERENCES `property` (`id`) ON DELETE NO ACTION ON UPDATE NO ACTION;

ALTER TABLE `qa_lang`
ADD CONSTRAINT `fk_qa_lang_language1` FOREIGN KEY (`language_id`) REFERENCES `language` (`id`) ON DELETE NO ACTION ON UPDATE NO ACTION,
ADD CONSTRAINT `fk_qa_lang_qa1` FOREIGN KEY (`qa_id`) REFERENCES `qa` (`id`) ON DELETE NO ACTION ON UPDATE NO ACTION;

ALTER TABLE `rates_lang`
ADD CONSTRAINT `fk_raes_lang_language1` FOREIGN KEY (`language_id`) REFERENCES `language` (`id`) ON DELETE NO ACTION ON UPDATE NO ACTION,
ADD CONSTRAINT `fk_raes_lang_rates1` FOREIGN KEY (`rates_id`) REFERENCES `rates` (`id`) ON DELETE NO ACTION ON UPDATE NO ACTION;

ALTER TABLE `reservations`
ADD CONSTRAINT `fk_reservations_user1` FOREIGN KEY (`user_id`) REFERENCES `user` (`id`) ON DELETE NO ACTION ON UPDATE NO ACTION;

ALTER TABLE `showroom_lang`
ADD CONSTRAINT `fk_showroom_lang_language1` FOREIGN KEY (`language_id`) REFERENCES `language` (`id`) ON DELETE NO ACTION ON UPDATE NO ACTION,
ADD CONSTRAINT `fk_showroom_lang_showroom1` FOREIGN KEY (`showroom_id`) REFERENCES `showroom` (`id`) ON DELETE NO ACTION ON UPDATE NO ACTION;

